[2026-06-23 14:19:19.015] [WorldPop] Cells to spawn: 29, already spawned: 0
[2026-06-23 14:19:19.027] [WorldPop] Spawned 30 new NPCs, restored 0 hidden NPCs in 29 cells (total alive: 30)
[2026-06-23 14:19:19.154] [WorldPop] Player moved to grid (-26,59), checking spawn/despawn
[2026-06-23 14:19:19.154] [WorldPop] Cells to spawn: 5, already spawned: 24
[2026-06-23 14:19:26.963] [WorldPop] Player moved to grid (25,49), checking spawn/despawn
[2026-06-23 14:19:26.963] [WorldPop] Cells to spawn: 29, already spawned: 24
[2026-06-23 14:19:26.966] [WorldPop] Hidden 30 NPCs below ground from 24 distant cells
[2026-06-23 14:19:28.672] [WorldPop] Player moved to grid (24,49), checking spawn/despawn
[2026-06-23 14:19:28.672] [WorldPop] Cells to spawn: 29, already spawned: 0
[2026-06-23 14:20:35.862] [WorldPop] Player moved to grid (23,49), checking spawn/despawn
[2026-06-23 14:20:35.862] [WorldPop] Cells to spawn: 29, already spawned: 0
[2026-06-23 14:20:37.255] [WorldPop] Player moved to grid (22,49), checking spawn/despawn
[2026-06-23 14:20:37.256] [WorldPop] Cells to spawn: 29, already spawned: 0
[2026-06-23 14:20:38.631] [WorldPop] Player moved to grid (21,49), checking spawn/despawn
[2026-06-23 14:20:38.632] [WorldPop] Cells to spawn: 29, already spawned: 0
[2026-06-23 14:21:09.169] [WorldPop] Player moved to grid (20,49), checking spawn/despawn
[2026-06-23 14:21:09.170] [WorldPop] Cells to spawn: 29, already spawned: 0
[2026-06-23 14:21:10.564] [WorldPop] Player moved to grid (20,50), checking spawn/despawn
[2026-06-23 14:21:10.565] [WorldPop] Cells to spawn: 29, already spawned: 0
[2026-06-23 14:21:11.172] [WorldPop] Player moved to grid (19,50), checking spawn/despawn
[2026-06-23 14:21:11.172] [WorldPop] Cells to spawn: 29, already spawned: 0
[2026-06-23 14:21:13.252] [WorldPop] Player moved to grid (18,50), checking spawn/despawn
[2026-06-23 14:21:13.252] [WorldPop] Cells to spawn: 29, already spawned: 0
[2026-06-23 14:21:14.691] [WorldPop] Player moved to grid (17,50), checking spawn/despawn
[2026-06-23 14:21:14.691] [WorldPop] Cells to spawn: 29, already spawned: 0
[2026-06-23 14:21:17.507] [WorldPop] Player moved to grid (16,50), checking spawn/despawn
[2026-06-23 14:21:17.508] [WorldPop] Cells to spawn: 29, already spawned: 0
[2026-06-23 14:21:22.224] [WorldPop] Player moved to grid (15,50), checking spawn/despawn
[2026-06-23 14:21:22.225] [WorldPop] Cells to spawn: 29, already spawned: 0
[2026-06-23 14:24:42.433] DebugLogger initialized
[2026-06-23 14:24:42.469] [WorldPop] SendWorldPopulation called
[2026-06-23 14:24:42.478] [WorldPop] Cells to spawn: 29, already spawned: 0
[2026-06-23 14:24:42.485] [WorldPop] Spawned 30 new NPCs, restored 0 hidden NPCs in 29 cells (total alive: 30)
[2026-06-23 14:24:42.626] [WorldPop] Player moved to grid (-26,59), checking spawn/despawn
[2026-06-23 14:24:42.627] [WorldPop] Cells to spawn: 5, already spawned: 24
[2026-06-23 14:24:50.199] [WorldPop] Player moved to grid (25,49), checking spawn/despawn
[2026-06-23 14:24:50.199] [WorldPop] Cells to spawn: 29, already spawned: 24
[2026-06-23 14:24:50.203] [WorldPop] Hidden 30 NPCs below ground from 24 distant cells
[2026-06-23 14:24:51.851] [WorldPop] Player moved to grid (24,49), checking spawn/despawn
[2026-06-23 14:24:51.852] [WorldPop] Cells to spawn: 29, already spawned: 0
[2026-06-23 14:25:09.572] [WorldPop] Player moved to grid (23,49), checking spawn/despawn
[2026-06-23 14:25:09.573] [WorldPop] Cells to spawn: 29, already spawned: 0
[2026-06-23 14:25:10.940] [WorldPop] Player moved to grid (22,49), checking spawn/despawn
[2026-06-23 14:25:10.941] [WorldPop] Cells to spawn: 29, already spawned: 0
[2026-06-23 14:25:12.735] [WorldPop] Player moved to grid (21,49), checking spawn/despawn
[2026-06-23 14:25:12.736] [WorldPop] Cells to spawn: 29, already spawned: 0
[2026-06-23 14:25:15.023] [WorldPop] Player moved to grid (20,49), checking spawn/despawn
[2026-06-23 14:25:15.023] [WorldPop] Cells to spawn: 29, already spawned: 0
[2026-06-23 14:25:16.226] [WorldPop] Player moved to grid (19,49), checking spawn/despawn
[2026-06-23 14:25:16.226] [WorldPop] Cells to spawn: 29, already spawned: 0
[2026-06-23 14:25:17.496] [WorldPop] Player moved to grid (18,49), checking spawn/despawn
[2026-06-23 14:25:17.497] [WorldPop] Cells to spawn: 29, already spawned: 0
[2026-06-23 14:25:18.747] [WorldPop] Player moved to grid (18,50), checking spawn/despawn
[2026-06-23 14:25:18.748] [WorldPop] Cells to spawn: 29, already spawned: 0
[2026-06-23 14:25:19.429] [WorldPop] Player moved to grid (17,50), checking spawn/despawn
[2026-06-23 14:25:19.430] [WorldPop] Cells to spawn: 29, already spawned: 0
[2026-06-23 14:25:24.655] [WorldPop] Player moved to grid (16,50), checking spawn/despawn
[2026-06-23 14:25:24.655] [WorldPop] Cells to spawn: 29, already spawned: 0
[2026-06-23 14:25:26.539] [WorldPop] Player moved to grid (15,50), checking spawn/despawn
[2026-06-23 14:25:26.539] [WorldPop] Cells to spawn: 29, already spawned: 0
[2026-06-23 14:25:28.240] [WorldPop] Player moved to grid (14,50), checking spawn/despawn
[2026-06-23 14:25:28.240] [WorldPop] Cells to spawn: 29, already spawned: 0
[2026-06-23 14:25:32.164] [WorldPop] Player moved to grid (13,50), checking spawn/despawn
[2026-06-23 14:25:32.164] [WorldPop] Cells to spawn: 29, already spawned: 0
[2026-06-23 14:38:20.140] DebugLogger initialized
[2026-06-23 14:38:20.147] Server starting - DebugLogger initialized
[2026-06-23 14:39:05.233] [WorldPop] SendWorldPopulation called
[2026-06-23 14:39:05.238] [WorldPop] Cells to spawn: 29, already spawned: 0
[2026-06-23 14:39:05.250] [WorldPop] Spawned 30 new NPCs, restored 0 hidden NPCs in 29 cells (total alive: 30)
[2026-06-23 14:39:05.385] [WorldPop] Player moved to grid (-26,59), checking spawn/despawn
[2026-06-23 14:39:05.385] [WorldPop] Cells to spawn: 5, already spawned: 24
[2026-06-23 14:39:12.929] [WorldPop] Player moved to grid (25,49), checking spawn/despawn
[2026-06-23 14:39:12.930] [WorldPop] Cells to spawn: 29, already spawned: 24
[2026-06-23 14:39:12.932] [WorldPop] Hidden 30 NPCs below ground from 24 distant cells
[2026-06-23 14:39:14.600] [WorldPop] Player moved to grid (24,49), checking spawn/despawn
[2026-06-23 14:39:14.600] [WorldPop] Cells to spawn: 29, already spawned: 0
[2026-06-23 14:39:57.224] [WorldPop] Player moved to grid (23,49), checking spawn/despawn
[2026-06-23 14:39:57.225] [WorldPop] Cells to spawn: 29, already spawned: 0
[2026-06-23 14:39:59.640] [WorldPop] Player moved to grid (22,49), checking spawn/despawn
[2026-06-23 14:39:59.641] [WorldPop] Cells to spawn: 29, already spawned: 0
[2026-06-23 14:40:00.848] [WorldPop] Player moved to grid (21,49), checking spawn/despawn
[2026-06-23 14:40:00.848] [WorldPop] Cells to spawn: 29, already spawned: 0
[2026-06-23 14:40:01.767] [WorldPop] Player moved to grid (21,50), checking spawn/despawn
[2026-06-23 14:40:01.767] [WorldPop] Cells to spawn: 29, already spawned: 0
[2026-06-23 14:40:02.159] [WorldPop] Player moved to grid (20,50), checking spawn/despawn
[2026-06-23 14:40:02.160] [WorldPop] Cells to spawn: 29, already spawned: 0
[2026-06-23 14:40:03.483] [WorldPop] Player moved to grid (19,50), checking spawn/despawn
[2026-06-23 14:40:03.483] [WorldPop] Cells to spawn: 29, already spawned: 0
[2026-06-23 14:40:04.886] [WorldPop] Player moved to grid (18,50), checking spawn/despawn
[2026-06-23 14:40:04.886] [WorldPop] Cells to spawn: 29, already spawned: 0
[2026-06-23 14:40:05.051] [WorldPop] Player moved to grid (18,49), checking spawn/despawn
[2026-06-23 14:40:05.051] [WorldPop] Cells to spawn: 29, already spawned: 0
[2026-06-23 14:40:06.009] [WorldPop] Player moved to grid (17,49), checking spawn/despawn
[2026-06-23 14:40:06.010] [WorldPop] Cells to spawn: 29, already spawned: 0
[2026-06-23 14:40:09.224] [WorldPop] Player moved to grid (17,50), checking spawn/despawn
[2026-06-23 14:40:09.225] [WorldPop] Cells to spawn: 29, already spawned: 0
[2026-06-23 14:40:10.364] [WorldPop] Player moved to grid (16,50), checking spawn/despawn
[2026-06-23 14:40:10.365] [WorldPop] Cells to spawn: 29, already spawned: 0
[2026-06-23 14:40:12.684] [WorldPop] Player moved to grid (15,50), checking spawn/despawn
[2026-06-23 14:40:12.685] [WorldPop] Cells to spawn: 29, already spawned: 0
[2026-06-23 14:40:15.679] [WorldPop] Player moved to grid (14,50), checking spawn/despawn
[2026-06-23 14:40:15.679] [WorldPop] Cells to spawn: 29, already spawned: 0
[2026-06-23 14:40:21.196] [WorldPop] Player moved to grid (13,50), checking spawn/despawn
[2026-06-23 14:40:21.196] [WorldPop] Cells to spawn: 29, already spawned: 0
[2026-06-23 14:40:26.837] [WorldPop] Player moved to grid (12,50), checking spawn/despawn
[2026-06-23 14:40:26.837] [WorldPop] Cells to spawn: 29, already spawned: 0
[2026-06-23 14:40:28.763] [WorldPop] Player moved to grid (12,51), checking spawn/despawn
[2026-06-23 14:40:28.764] [WorldPop] Cells to spawn: 29, already spawned: 0
[2026-06-23 14:41:55.361] [WorldPop] Player moved to grid (13,51), checking spawn/despawn
[2026-06-23 14:41:55.361] [WorldPop] Cells to spawn: 29, already spawned: 0
[2026-06-23 14:41:55.410] [WorldPop] Player moved to grid (13,50), checking spawn/despawn
[2026-06-23 14:41:55.411] [WorldPop] Cells to spawn: 29, already spawned: 0
[2026-06-23 14:48:17.865] DebugLogger initialized
[2026-06-23 14:48:17.871] Server starting - DebugLogger initialized
[2026-06-23 14:48:58.349] [WorldPop] SendWorldPopulation called
[2026-06-23 14:48:58.355] [WorldPop] Cells to spawn: 29, already spawned: 0
[2026-06-23 14:48:58.366] [WorldPop] Spawned 37 new NPCs, restored 0 hidden NPCs in 29 cells (total alive: 37)
[2026-06-23 14:48:58.490] [WorldPop] Player moved to grid (-26,59), checking spawn/despawn
[2026-06-23 14:48:58.491] [WorldPop] Cells to spawn: 0, already spawned: 29
[2026-06-23 14:49:05.920] [WorldPop] Player moved to grid (25,49), checking spawn/despawn
[2026-06-23 14:49:05.921] [WorldPop] Cells to spawn: 29, already spawned: 29
[2026-06-23 14:49:05.934] [WorldPop] Spawned 43 new NPCs, restored 0 hidden NPCs in 29 cells (total alive: 80)
[2026-06-23 14:49:05.936] [WorldPop] Hidden 37 NPCs below ground from 29 distant cells
[2026-06-23 14:49:07.633] [WorldPop] Player moved to grid (24,49), checking spawn/despawn
[2026-06-23 14:49:07.634] [WorldPop] Cells to spawn: 7, already spawned: 29
[2026-06-23 14:49:07.639] [WorldPop] Spawned 10 new NPCs, restored 0 hidden NPCs in 7 cells (total alive: 90)
[2026-06-23 14:49:25.598] [WorldPop] Player moved to grid (23,49), checking spawn/despawn
[2026-06-23 14:49:25.598] [WorldPop] Cells to spawn: 7, already spawned: 36
[2026-06-23 14:49:25.601] [WorldPop] Spawned 9 new NPCs, restored 0 hidden NPCs in 7 cells (total alive: 99)
[2026-06-23 14:49:25.617] [WorldPop] Player moved to grid (23,50), checking spawn/despawn
[2026-06-23 14:49:25.617] [WorldPop] Cells to spawn: 4, already spawned: 43
[2026-06-23 14:49:25.617] [WorldPop] Spawned 1 new NPCs, restored 0 hidden NPCs in 4 cells (total alive: 100)
[2026-06-23 14:49:25.618] [WorldPop] Hidden 2 NPCs below ground from 1 distant cells
[2026-06-23 14:49:28.050] [WorldPop] Player moved to grid (23,49), checking spawn/despawn
[2026-06-23 14:49:28.050] [WorldPop] Cells to spawn: 0, already spawned: 43
[2026-06-23 14:49:28.282] [WorldPop] Player moved to grid (22,49), checking spawn/despawn
[2026-06-23 14:49:28.282] [WorldPop] Cells to spawn: 6, already spawned: 43
[2026-06-23 14:49:28.283] [WorldPop] Hidden 7 NPCs below ground from 4 distant cells
[2026-06-23 14:49:37.908] [WorldPop] Player moved to grid (22,50), checking spawn/despawn
[2026-06-23 14:49:37.909] [WorldPop] Cells to spawn: 7, already spawned: 39
[2026-06-23 14:49:37.909] [WorldPop] Hidden 1 NPCs below ground from 1 distant cells
[2026-06-23 14:49:38.755] [WorldPop] Player moved to grid (21,50), checking spawn/despawn
[2026-06-23 14:49:38.755] [WorldPop] Cells to spawn: 12, already spawned: 38
[2026-06-23 14:49:38.756] [WorldPop] Hidden 7 NPCs below ground from 5 distant cells
[2026-06-23 14:49:38.913] [WorldPop] Player moved to grid (21,49), checking spawn/despawn
[2026-06-23 14:49:38.913] [WorldPop] Cells to spawn: 11, already spawned: 33
[2026-06-23 14:49:38.914] [WorldPop] Hidden 2 NPCs below ground from 1 distant cells
[2026-06-23 14:49:41.556] [WorldPop] Player moved to grid (21,50), checking spawn/despawn
[2026-06-23 14:49:41.557] [WorldPop] Cells to spawn: 12, already spawned: 32
[2026-06-23 14:49:45.505] [WorldPop] Player moved to grid (20,50), checking spawn/despawn
[2026-06-23 14:49:45.505] [WorldPop] Cells to spawn: 18, already spawned: 32
[2026-06-23 14:49:45.506] [WorldPop] Hidden 8 NPCs below ground from 6 distant cells
[2026-06-23 14:49:46.830] [WorldPop] Player moved to grid (19,50), checking spawn/despawn
[2026-06-23 14:49:46.830] [WorldPop] Cells to spawn: 22, already spawned: 26
[2026-06-23 14:49:46.831] [WorldPop] Hidden 9 NPCs below ground from 7 distant cells
[2026-06-23 14:49:48.591] [WorldPop] Player moved to grid (18,50), checking spawn/despawn
[2026-06-23 14:49:48.592] [WorldPop] Cells to spawn: 26, already spawned: 19
[2026-06-23 14:49:48.593] [WorldPop] Hidden 10 NPCs below ground from 6 distant cells
[2026-06-23 14:49:49.622] [WorldPop] Player moved to grid (17,50), checking spawn/despawn
[2026-06-23 14:49:49.623] [WorldPop] Cells to spawn: 28, already spawned: 13
[2026-06-23 14:49:49.623] [WorldPop] Hidden 7 NPCs below ground from 5 distant cells
[2026-06-23 14:49:53.277] [WorldPop] Player moved to grid (17,49), checking spawn/despawn
[2026-06-23 14:49:53.277] [WorldPop] Cells to spawn: 28, already spawned: 8
[2026-06-23 14:49:53.278] [WorldPop] Hidden 1 NPCs below ground from 1 distant cells
[2026-06-23 14:49:54.935] [WorldPop] Player moved to grid (16,49), checking spawn/despawn
[2026-06-23 14:49:54.936] [WorldPop] Cells to spawn: 29, already spawned: 7
[2026-06-23 14:49:54.937] [WorldPop] Hidden 5 NPCs below ground from 4 distant cells
[2026-06-23 14:49:55.085] [WorldPop] Player moved to grid (16,50), checking spawn/despawn
[2026-06-23 14:49:55.085] [WorldPop] Cells to spawn: 29, already spawned: 3
[2026-06-23 14:49:55.086] [WorldPop] Hidden 2 NPCs below ground from 1 distant cells
[2026-06-23 14:49:56.527] [WorldPop] Player moved to grid (15,50), checking spawn/despawn
[2026-06-23 14:49:56.527] [WorldPop] Cells to spawn: 29, already spawned: 2
[2026-06-23 14:49:56.527] [WorldPop] Hidden 1 NPCs below ground from 1 distant cells
[2026-06-23 14:49:58.152] [WorldPop] Player moved to grid (14,50), checking spawn/despawn
[2026-06-23 14:49:58.152] [WorldPop] Cells to spawn: 29, already spawned: 1
[2026-06-23 14:49:58.153] [WorldPop] Hidden 1 NPCs below ground from 1 distant cells
[2026-06-23 14:50:04.473] [WorldPop] Player moved to grid (13,50), checking spawn/despawn
[2026-06-23 14:50:04.473] [WorldPop] Cells to spawn: 29, already spawned: 0
[2026-06-23 14:50:08.045] [WorldPop] Player moved to grid (13,51), checking spawn/despawn
[2026-06-23 14:50:08.046] [WorldPop] Cells to spawn: 29, already spawned: 0
[2026-06-23 14:50:10.398] [WorldPop] Player moved to grid (12,51), checking spawn/despawn
[2026-06-23 14:50:10.398] [WorldPop] Cells to spawn: 29, already spawned: 0
[2026-06-23 14:51:29.419] [WorldPop] Player moved to grid (12,50), checking spawn/despawn
[2026-06-23 14:51:29.419] [WorldPop] Cells to spawn: 29, already spawned: 0
[2026-06-23 14:51:35.901] [WorldPop] Player moved to grid (12,51), checking spawn/despawn
[2026-06-23 14:51:35.901] [WorldPop] Cells to spawn: 29, already spawned: 0
[2026-06-23 14:51:44.899] [WorldPop] Player moved to grid (13,51), checking spawn/despawn
[2026-06-23 14:51:44.900] [WorldPop] Cells to spawn: 29, already spawned: 0
[2026-06-23 14:51:45.024] [WorldPop] Player moved to grid (13,50), checking spawn/despawn
[2026-06-23 14:51:45.025] [WorldPop] Cells to spawn: 29, already spawned: 0
[2026-06-23 14:54:06.770] [WorldPop] Player moved to grid (14,50), checking spawn/despawn
[2026-06-23 14:54:06.770] [WorldPop] Cells to spawn: 29, already spawned: 0
[2026-06-23 14:54:09.333] [WorldPop] Player moved to grid (15,50), checking spawn/despawn
[2026-06-23 14:54:09.333] [WorldPop] Cells to spawn: 29, already spawned: 0
[2026-06-23 14:54:11.458] [WorldPop] Player moved to grid (16,50), checking spawn/despawn
[2026-06-23 14:54:11.459] [WorldPop] Cells to spawn: 29, already spawned: 0
[2026-06-23 14:54:12.692] [WorldPop] Player moved to grid (17,50), checking spawn/despawn
[2026-06-23 14:54:12.692] [WorldPop] Cells to spawn: 29, already spawned: 0
[2026-06-23 14:54:12.692] [WorldPop] Spawned 0 new NPCs, restored 1 hidden NPCs in 29 cells (total alive: 100)
[2026-06-23 14:54:13.943] [WorldPop] Player moved to grid (17,49), checking spawn/despawn
[2026-06-23 14:54:13.943] [WorldPop] Cells to spawn: 29, already spawned: 1
[2026-06-23 14:54:13.943] [WorldPop] Spawned 0 new NPCs, restored 1 hidden NPCs in 29 cells (total alive: 100)
[2026-06-23 14:54:14.019] [WorldPop] Player moved to grid (18,49), checking spawn/despawn
[2026-06-23 14:54:14.020] [WorldPop] Cells to spawn: 27, already spawned: 2
[2026-06-23 14:54:14.020] [WorldPop] Spawned 0 new NPCs, restored 2 hidden NPCs in 27 cells (total alive: 100)
[2026-06-23 14:54:15.427] [WorldPop] Player moved to grid (19,49), checking spawn/despawn
[2026-06-23 14:54:15.428] [WorldPop] Cells to spawn: 26, already spawned: 3
[2026-06-23 14:54:15.429] [WorldPop] Spawned 0 new NPCs, restored 6 hidden NPCs in 26 cells (total alive: 100)
[2026-06-23 14:54:16.817] [WorldPop] Player moved to grid (20,49), checking spawn/despawn
[2026-06-23 14:54:16.817] [WorldPop] Cells to spawn: 21, already spawned: 8
[2026-06-23 14:54:16.818] [WorldPop] Spawned 0 new NPCs, restored 7 hidden NPCs in 21 cells (total alive: 100)
[2026-06-23 14:54:18.142] [WorldPop] Player moved to grid (21,49), checking spawn/despawn
[2026-06-23 14:54:18.142] [WorldPop] Cells to spawn: 16, already spawned: 13
[2026-06-23 14:54:18.143] [WorldPop] Spawned 0 new NPCs, restored 8 hidden NPCs in 16 cells (total alive: 100)
[2026-06-23 14:54:24.061] [WorldPop] Player moved to grid (22,49), checking spawn/despawn
[2026-06-23 14:54:24.061] [WorldPop] Cells to spawn: 11, already spawned: 18
[2026-06-23 14:54:24.062] [WorldPop] Spawned 0 new NPCs, restored 7 hidden NPCs in 11 cells (total alive: 100)
[2026-06-23 14:54:26.453] [WorldPop] Player moved to grid (21,49), checking spawn/despawn
[2026-06-23 14:54:26.453] [WorldPop] Cells to spawn: 11, already spawned: 23
[2026-06-23 14:54:34.542] [WorldPop] Player moved to grid (20,49), checking spawn/despawn
[2026-06-23 14:54:34.543] [WorldPop] Cells to spawn: 16, already spawned: 23
[2026-06-23 14:54:39.499] [WorldPop] Player moved to grid (19,49), checking spawn/despawn
[2026-06-23 14:54:39.499] [WorldPop] Cells to spawn: 21, already spawned: 23
[2026-06-23 14:54:39.500] [WorldPop] Hidden 7 NPCs below ground from 5 distant cells
[2026-06-23 14:54:43.893] [WorldPop] Player moved to grid (18,49), checking spawn/despawn
[2026-06-23 14:54:43.893] [WorldPop] Cells to spawn: 26, already spawned: 18
[2026-06-23 14:54:43.894] [WorldPop] Hidden 8 NPCs below ground from 5 distant cells
[2026-06-23 14:54:45.816] [WorldPop] Player moved to grid (17,49), checking spawn/despawn
[2026-06-23 14:54:45.816] [WorldPop] Cells to spawn: 28, already spawned: 13
[2026-06-23 14:54:45.817] [WorldPop] Hidden 7 NPCs below ground from 5 distant cells
[2026-06-23 14:54:50.842] [WorldPop] Player moved to grid (16,49), checking spawn/despawn
[2026-06-23 14:54:50.842] [WorldPop] Cells to spawn: 29, already spawned: 8
[2026-06-23 14:54:50.843] [WorldPop] Hidden 6 NPCs below ground from 5 distant cells
[2026-06-23 14:54:56.922] [WorldPop] Player moved to grid (15,49), checking spawn/despawn
[2026-06-23 14:54:56.923] [WorldPop] Cells to spawn: 29, already spawned: 3
[2026-06-23 14:54:56.924] [WorldPop] Hidden 3 NPCs below ground from 2 distant cells
[2026-06-23 14:55:03.112] [WorldPop] Player moved to grid (16,49), checking spawn/despawn
[2026-06-23 14:55:03.112] [WorldPop] Cells to spawn: 29, already spawned: 1
[2026-06-23 14:55:04.240] [WorldPop] Player moved to grid (17,49), checking spawn/despawn
[2026-06-23 14:55:04.240] [WorldPop] Cells to spawn: 28, already spawned: 1
[2026-06-23 14:55:05.487] [WorldPop] Player moved to grid (18,49), checking spawn/despawn
[2026-06-23 14:55:05.487] [WorldPop] Cells to spawn: 28, already spawned: 1
[2026-06-23 14:55:05.488] [WorldPop] Spawned 0 new NPCs, restored 3 hidden NPCs in 28 cells (total alive: 100)
[2026-06-23 14:55:06.796] [WorldPop] Player moved to grid (19,49), checking spawn/despawn
[2026-06-23 14:55:06.796] [WorldPop] Cells to spawn: 26, already spawned: 3
[2026-06-23 14:55:06.797] [WorldPop] Spawned 0 new NPCs, restored 6 hidden NPCs in 26 cells (total alive: 100)
[2026-06-23 14:55:09.226] [WorldPop] Player moved to grid (20,49), checking spawn/despawn
[2026-06-23 14:55:09.226] [WorldPop] Cells to spawn: 21, already spawned: 8
[2026-06-23 14:55:09.227] [WorldPop] Spawned 0 new NPCs, restored 7 hidden NPCs in 21 cells (total alive: 100)
[2026-06-23 14:55:10.642] [WorldPop] Player moved to grid (21,49), checking spawn/despawn
[2026-06-23 14:55:10.642] [WorldPop] Cells to spawn: 16, already spawned: 13
[2026-06-23 14:55:10.644] [WorldPop] Spawned 0 new NPCs, restored 8 hidden NPCs in 16 cells (total alive: 100)
[2026-06-23 14:55:12.042] [WorldPop] Player moved to grid (22,49), checking spawn/despawn
[2026-06-23 14:55:12.042] [WorldPop] Cells to spawn: 11, already spawned: 18
[2026-06-23 14:55:12.043] [WorldPop] Spawned 0 new NPCs, restored 7 hidden NPCs in 11 cells (total alive: 100)
[2026-06-23 14:55:13.143] [WorldPop] Player moved to grid (21,49), checking spawn/despawn
[2026-06-23 14:55:13.143] [WorldPop] Cells to spawn: 11, already spawned: 23
[2026-06-23 14:55:13.520] [WorldPop] Player moved to grid (21,50), checking spawn/despawn
[2026-06-23 14:55:13.521] [WorldPop] Cells to spawn: 13, already spawned: 23
[2026-06-23 14:55:13.521] [WorldPop] Spawned 0 new NPCs, restored 2 hidden NPCs in 13 cells (total alive: 100)
[2026-06-23 14:55:23.487] [WorldPop] Player moved to grid (22,50), checking spawn/despawn
[2026-06-23 14:55:23.488] [WorldPop] Cells to spawn: 9, already spawned: 24
[2026-06-23 14:55:23.488] [WorldPop] Spawned 0 new NPCs, restored 2 hidden NPCs in 9 cells (total alive: 100)
[2026-06-23 14:55:24.336] [WorldPop] Player moved to grid (22,49), checking spawn/despawn
[2026-06-23 14:55:24.337] [WorldPop] Cells to spawn: 6, already spawned: 26
[2026-06-23 14:55:25.119] [WorldPop] Player moved to grid (23,49), checking spawn/despawn
[2026-06-23 14:55:25.120] [WorldPop] Cells to spawn: 5, already spawned: 26
[2026-06-23 14:55:25.120] [WorldPop] Spawned 0 new NPCs, restored 5 hidden NPCs in 5 cells (total alive: 100)
[2026-06-23 14:55:26.634] [WorldPop] Player moved to grid (24,49), checking spawn/despawn
[2026-06-23 14:55:26.634] [WorldPop] Cells to spawn: 6, already spawned: 31
[2026-06-23 14:55:26.635] [WorldPop] Spawned 0 new NPCs, restored 10 hidden NPCs in 6 cells (total alive: 100)
[2026-06-23 14:55:28.969] [WorldPop] Player moved to grid (25,49), checking spawn/despawn
[2026-06-23 14:55:28.969] [WorldPop] Cells to spawn: 7, already spawned: 37
[2026-06-23 14:55:28.971] [WorldPop] Spawned 0 new NPCs, restored 12 hidden NPCs in 7 cells (total alive: 100)
[2026-06-23 14:55:28.971] [WorldPop] Hidden 1 NPCs below ground from 1 distant cells
[2026-06-23 14:55:31.846] [WorldPop] Player moved to grid (26,49), checking spawn/despawn
[2026-06-23 14:55:31.846] [WorldPop] Cells to spawn: 7, already spawned: 43
[2026-06-23 14:55:31.847] [WorldPop] Hidden 6 NPCs below ground from 5 distant cells
[2026-06-23 14:55:33.368] [WorldPop] Player moved to grid (27,49), checking spawn/despawn
[2026-06-23 14:55:33.368] [WorldPop] Cells to spawn: 12, already spawned: 38
[2026-06-23 14:55:33.369] [WorldPop] Hidden 7 NPCs below ground from 5 distant cells
[2026-06-23 14:55:35.843] [WorldPop] Player moved to grid (28,49), checking spawn/despawn
[2026-06-23 14:55:35.843] [WorldPop] Cells to spawn: 17, already spawned: 33
[2026-06-23 14:55:35.844] [WorldPop] Hidden 11 NPCs below ground from 7 distant cells
[2026-06-23 14:55:42.678] [WorldPop] Player moved to grid (27,49), checking spawn/despawn
[2026-06-23 14:55:42.678] [WorldPop] Cells to spawn: 12, already spawned: 26
[2026-06-23 14:55:45.018] [WorldPop] Player moved to grid (28,49), checking spawn/despawn
[2026-06-23 14:55:45.018] [WorldPop] Cells to spawn: 17, already spawned: 26
[2026-06-23 14:59:55.637] [WorldPop] Player moved to grid (29,49), checking spawn/despawn
[2026-06-23 14:59:55.637] [WorldPop] Cells to spawn: 22, already spawned: 26
[2026-06-23 14:59:55.638] [WorldPop] Hidden 11 NPCs below ground from 7 distant cells
[2026-06-23 14:59:57.299] [WorldPop] Player moved to grid (29,48), checking spawn/despawn
[2026-06-23 14:59:57.299] [WorldPop] Cells to spawn: 23, already spawned: 19
[2026-06-23 14:59:57.300] [WorldPop] Hidden 3 NPCs below ground from 2 distant cells
[2026-06-23 14:59:58.196] [WorldPop] Player moved to grid (30,48), checking spawn/despawn
[2026-06-23 14:59:58.196] [WorldPop] Cells to spawn: 27, already spawned: 17
[2026-06-23 14:59:58.197] [WorldPop] Hidden 5 NPCs below ground from 5 distant cells
[2026-06-23 14:59:59.864] [WorldPop] Player moved to grid (31,48), checking spawn/despawn
[2026-06-23 14:59:59.864] [WorldPop] Cells to spawn: 29, already spawned: 12
[2026-06-23 14:59:59.864] [WorldPop] Hidden 7 NPCs below ground from 5 distant cells
[2026-06-23 15:00:00.758] [WorldPop] Player moved to grid (31,47), checking spawn/despawn
[2026-06-23 15:00:00.759] [WorldPop] Cells to spawn: 29, already spawned: 7
[2026-06-23 15:00:00.759] [WorldPop] Hidden 4 NPCs below ground from 2 distant cells
[2026-06-23 15:00:01.590] [WorldPop] Player moved to grid (32,47), checking spawn/despawn
[2026-06-23 15:00:01.590] [WorldPop] Cells to spawn: 29, already spawned: 5
[2026-06-23 15:00:01.591] [WorldPop] Hidden 4 NPCs below ground from 3 distant cells
[2026-06-23 15:06:14.733] DebugLogger initialized
[2026-06-23 15:06:14.741] Server starting - DebugLogger initialized
[2026-06-23 15:07:13.026] [WorldPop] SendWorldPopulation called
[2026-06-23 15:07:13.031] [WorldPop] Cells to spawn: 29, already spawned: 0
[2026-06-23 15:07:13.043] [WorldPop] Spawned 37 new NPCs, restored 0 hidden NPCs in 29 cells (total alive: 37)
[2026-06-23 15:07:13.176] [WorldPop] Player moved to grid (-26,59), checking spawn/despawn
[2026-06-23 15:07:13.177] [WorldPop] Cells to spawn: 0, already spawned: 29
[2026-06-23 15:07:20.859] [WorldPop] Player moved to grid (25,49), checking spawn/despawn
[2026-06-23 15:07:20.859] [WorldPop] Cells to spawn: 29, already spawned: 29
[2026-06-23 15:07:20.871] [WorldPop] Spawned 43 new NPCs, restored 0 hidden NPCs in 29 cells (total alive: 80)
[2026-06-23 15:07:20.874] [WorldPop] Hidden 37 NPCs below ground from 29 distant cells
[2026-06-23 15:07:22.487] [WorldPop] Player moved to grid (24,49), checking spawn/despawn
[2026-06-23 15:07:22.487] [WorldPop] Cells to spawn: 7, already spawned: 29
[2026-06-23 15:07:22.491] [WorldPop] Spawned 10 new NPCs, restored 0 hidden NPCs in 7 cells (total alive: 90)
[2026-06-23 15:07:47.576] [WorldPop] Player moved to grid (24,50), checking spawn/despawn
[2026-06-23 15:07:47.577] [WorldPop] Cells to spawn: 5, already spawned: 36
[2026-06-23 15:07:47.580] [WorldPop] Spawned 9 new NPCs, restored 0 hidden NPCs in 5 cells (total alive: 99)
[2026-06-23 15:07:49.420] [WorldPop] Player moved to grid (23,50), checking spawn/despawn
[2026-06-23 15:07:49.420] [WorldPop] Cells to spawn: 5, already spawned: 41
[2026-06-23 15:07:49.421] [WorldPop] Spawned 1 new NPCs, restored 0 hidden NPCs in 5 cells (total alive: 100)
[2026-06-23 15:07:49.421] [WorldPop] Hidden 2 NPCs below ground from 1 distant cells
[2026-06-23 15:07:51.524] [WorldPop] Player moved to grid (22,50), checking spawn/despawn
[2026-06-23 15:07:51.525] [WorldPop] Cells to spawn: 9, already spawned: 41
[2026-06-23 15:07:51.526] [WorldPop] Hidden 7 NPCs below ground from 4 distant cells
[2026-06-23 15:07:53.129] [WorldPop] Player moved to grid (21,50), checking spawn/despawn
[2026-06-23 15:07:53.130] [WorldPop] Cells to spawn: 15, already spawned: 37
[2026-06-23 15:07:53.131] [WorldPop] Hidden 9 NPCs below ground from 7 distant cells
[2026-06-23 15:07:54.771] [WorldPop] Player moved to grid (20,50), checking spawn/despawn
[2026-06-23 15:07:54.771] [WorldPop] Cells to spawn: 20, already spawned: 30
[2026-06-23 15:07:54.772] [WorldPop] Hidden 10 NPCs below ground from 7 distant cells
[2026-06-23 15:07:56.320] [WorldPop] Player moved to grid (19,50), checking spawn/despawn
[2026-06-23 15:07:56.320] [WorldPop] Cells to spawn: 25, already spawned: 23
[2026-06-23 15:07:56.321] [WorldPop] Hidden 10 NPCs below ground from 7 distant cells
[2026-06-23 15:07:58.128] [WorldPop] Player moved to grid (18,50), checking spawn/despawn
[2026-06-23 15:07:58.129] [WorldPop] Cells to spawn: 27, already spawned: 16
[2026-06-23 15:07:58.129] [WorldPop] Hidden 10 NPCs below ground from 6 distant cells
[2026-06-23 15:08:01.883] [WorldPop] Player moved to grid (18,51), checking spawn/despawn
[2026-06-23 15:08:01.884] [WorldPop] Cells to spawn: 28, already spawned: 10
[2026-06-23 15:08:01.884] [WorldPop] Hidden 3 NPCs below ground from 2 distant cells
[2026-06-23 15:08:04.690] [WorldPop] Player moved to grid (17,51), checking spawn/despawn
[2026-06-23 15:08:04.690] [WorldPop] Cells to spawn: 29, already spawned: 8
[2026-06-23 15:08:04.691] [WorldPop] Hidden 6 NPCs below ground from 4 distant cells
[2026-06-23 15:08:12.158] [WorldPop] Player moved to grid (16,51), checking spawn/despawn
[2026-06-23 15:08:12.159] [WorldPop] Cells to spawn: 29, already spawned: 4
[2026-06-23 15:08:12.159] [WorldPop] Hidden 5 NPCs below ground from 3 distant cells
[2026-06-23 15:08:14.805] [WorldPop] Player moved to grid (16,50), checking spawn/despawn
[2026-06-23 15:08:14.805] [WorldPop] Cells to spawn: 29, already spawned: 1
[2026-06-23 15:08:17.006] [WorldPop] Player moved to grid (15,50), checking spawn/despawn
[2026-06-23 15:08:17.006] [WorldPop] Cells to spawn: 29, already spawned: 1
[2026-06-23 15:08:38.109] [WorldPop] Player moved to grid (14,50), checking spawn/despawn
[2026-06-23 15:08:38.109] [WorldPop] Cells to spawn: 29, already spawned: 1
[2026-06-23 15:08:38.110] [WorldPop] Hidden 1 NPCs below ground from 1 distant cells
[2026-06-23 15:08:39.998] [WorldPop] Player moved to grid (13,50), checking spawn/despawn
[2026-06-23 15:08:39.998] [WorldPop] Cells to spawn: 29, already spawned: 0
[2026-06-23 15:08:40.884] [WorldPop] Player moved to grid (13,51), checking spawn/despawn
[2026-06-23 15:08:40.884] [WorldPop] Cells to spawn: 29, already spawned: 0
[2026-06-23 15:08:47.100] [WorldPop] Player moved to grid (13,50), checking spawn/despawn
[2026-06-23 15:08:47.101] [WorldPop] Cells to spawn: 29, already spawned: 0
[2026-06-23 15:09:39.397] [WorldPop] Player moved to grid (14,50), checking spawn/despawn
[2026-06-23 15:09:39.398] [WorldPop] Cells to spawn: 29, already spawned: 0
[2026-06-23 15:09:41.068] [WorldPop] Player moved to grid (15,50), checking spawn/despawn
[2026-06-23 15:09:41.068] [WorldPop] Cells to spawn: 29, already spawned: 0
[2026-06-23 15:09:42.969] [WorldPop] Player moved to grid (16,50), checking spawn/despawn
[2026-06-23 15:09:42.969] [WorldPop] Cells to spawn: 29, already spawned: 0
[2026-06-23 15:09:44.609] [WorldPop] Player moved to grid (16,51), checking spawn/despawn
[2026-06-23 15:09:44.609] [WorldPop] Cells to spawn: 29, already spawned: 0
[2026-06-23 15:09:47.594] [WorldPop] Player moved to grid (16,50), checking spawn/despawn
[2026-06-23 15:09:47.595] [WorldPop] Cells to spawn: 29, already spawned: 0
[2026-06-23 15:09:47.753] [WorldPop] Player moved to grid (15,50), checking spawn/despawn
[2026-06-23 15:09:47.755] [WorldPop] Cells to spawn: 29, already spawned: 0
[2026-06-23 15:11:03.648] [WorldPop] Player moved to grid (15,49), checking spawn/despawn
[2026-06-23 15:11:03.648] [WorldPop] Cells to spawn: 29, already spawned: 0
[2026-06-23 15:11:03.753] [WorldPop] Player moved to grid (16,49), checking spawn/despawn
[2026-06-23 15:11:03.753] [WorldPop] Cells to spawn: 29, already spawned: 0
[2026-06-23 15:11:05.289] [WorldPop] Player moved to grid (17,49), checking spawn/despawn
[2026-06-23 15:11:05.289] [WorldPop] Cells to spawn: 29, already spawned: 0
[2026-06-23 15:11:06.569] [WorldPop] Player moved to grid (18,49), checking spawn/despawn
[2026-06-23 15:11:06.569] [WorldPop] Cells to spawn: 29, already spawned: 0
[2026-06-23 15:11:06.570] [WorldPop] Spawned 0 new NPCs, restored 3 hidden NPCs in 29 cells (total alive: 100)
[2026-06-23 15:11:07.960] [WorldPop] Player moved to grid (19,49), checking spawn/despawn
[2026-06-23 15:11:07.961] [WorldPop] Cells to spawn: 27, already spawned: 2
[2026-06-23 15:11:07.961] [WorldPop] Spawned 0 new NPCs, restored 3 hidden NPCs in 27 cells (total alive: 100)
[2026-06-23 15:11:09.616] [WorldPop] Player moved to grid (20,49), checking spawn/despawn
[2026-06-23 15:11:09.616] [WorldPop] Cells to spawn: 25, already spawned: 4
[2026-06-23 15:11:09.618] [WorldPop] Spawned 0 new NPCs, restored 7 hidden NPCs in 25 cells (total alive: 100)
[2026-06-23 15:11:11.372] [WorldPop] Player moved to grid (21,49), checking spawn/despawn
[2026-06-23 15:11:11.372] [WorldPop] Cells to spawn: 20, already spawned: 9
[2026-06-23 15:11:11.373] [WorldPop] Spawned 0 new NPCs, restored 8 hidden NPCs in 20 cells (total alive: 100)
[2026-06-23 15:12:19.446] [WorldPop] Player moved to grid (21,50), checking spawn/despawn
[2026-06-23 15:12:19.446] [WorldPop] Cells to spawn: 18, already spawned: 14
[2026-06-23 15:12:19.447] [WorldPop] Spawned 0 new NPCs, restored 5 hidden NPCs in 18 cells (total alive: 100)
[2026-06-23 15:12:20.405] [WorldPop] Player moved to grid (20,50), checking spawn/despawn
[2026-06-23 15:12:20.405] [WorldPop] Cells to spawn: 20, already spawned: 17
[2026-06-23 15:12:23.491] [WorldPop] Player moved to grid (19,50), checking spawn/despawn
[2026-06-23 15:12:23.491] [WorldPop] Cells to spawn: 25, already spawned: 17
[2026-06-23 15:12:23.491] [WorldPop] Hidden 1 NPCs below ground from 1 distant cells
[2026-06-23 15:13:04.894] [WorldPop] Player moved to grid (19,51), checking spawn/despawn
[2026-06-23 15:13:04.894] [WorldPop] Cells to spawn: 25, already spawned: 16
[2026-06-23 15:13:04.895] [WorldPop] Hidden 2 NPCs below ground from 2 distant cells
[2026-06-23 15:13:06.306] [WorldPop] Player moved to grid (19,50), checking spawn/despawn
[2026-06-23 15:13:06.306] [WorldPop] Cells to spawn: 25, already spawned: 14
[2026-06-23 15:13:12.444] [WorldPop] Player moved to grid (18,50), checking spawn/despawn
[2026-06-23 15:13:12.445] [WorldPop] Cells to spawn: 27, already spawned: 14
[2026-06-23 15:13:12.445] [WorldPop] Hidden 8 NPCs below ground from 4 distant cells
[2026-06-23 15:13:13.042] [WorldPop] Player moved to grid (18,49), checking spawn/despawn
[2026-06-23 15:13:13.042] [WorldPop] Cells to spawn: 27, already spawned: 10
[2026-06-23 15:13:13.043] [WorldPop] Hidden 2 NPCs below ground from 1 distant cells
[2026-06-23 15:13:15.259] [WorldPop] Player moved to grid (17,49), checking spawn/despawn
[2026-06-23 15:13:15.259] [WorldPop] Cells to spawn: 29, already spawned: 9
[2026-06-23 15:13:15.260] [WorldPop] Hidden 7 NPCs below ground from 5 distant cells
[2026-06-23 15:13:16.985] [WorldPop] Player moved to grid (16,49), checking spawn/despawn
[2026-06-23 15:13:16.986] [WorldPop] Cells to spawn: 29, already spawned: 4
[2026-06-23 15:13:16.986] [WorldPop] Hidden 3 NPCs below ground from 2 distant cells
[2026-06-23 15:13:18.384] [WorldPop] Player moved to grid (15,49), checking spawn/despawn
[2026-06-23 15:13:18.384] [WorldPop] Cells to spawn: 29, already spawned: 2
[2026-06-23 15:13:18.385] [WorldPop] Hidden 3 NPCs below ground from 2 distant cells
[2026-06-23 15:13:20.236] [WorldPop] Player moved to grid (15,48), checking spawn/despawn
[2026-06-23 15:13:20.236] [WorldPop] Cells to spawn: 29, already spawned: 0
[2026-06-23 15:13:22.537] [WorldPop] Player moved to grid (14,48), checking spawn/despawn
[2026-06-23 15:13:22.537] [WorldPop] Cells to spawn: 29, already spawned: 0
[2026-06-23 15:13:22.706] [WorldPop] Player moved to grid (14,47), checking spawn/despawn
[2026-06-23 15:13:22.707] [WorldPop] Cells to spawn: 29, already spawned: 0
[2026-06-23 15:13:23.982] [WorldPop] Player moved to grid (14,46), checking spawn/despawn
[2026-06-23 15:13:23.982] [WorldPop] Cells to spawn: 29, already spawned: 0
[2026-06-23 15:13:25.673] [WorldPop] Player moved to grid (13,45), checking spawn/despawn
[2026-06-23 15:13:25.673] [WorldPop] Cells to spawn: 29, already spawned: 0
[2026-06-23 15:13:28.089] [WorldPop] Player moved to grid (12,45), checking spawn/despawn
[2026-06-23 15:13:28.089] [WorldPop] Cells to spawn: 29, already spawned: 0
[2026-06-23 15:13:28.135] [WorldPop] Player moved to grid (12,44), checking spawn/despawn
[2026-06-23 15:13:28.136] [WorldPop] Cells to spawn: 29, already spawned: 0
[2026-06-23 15:13:31.569] [WorldPop] Player moved to grid (12,43), checking spawn/despawn
[2026-06-23 15:13:31.569] [WorldPop] Cells to spawn: 29, already spawned: 0
[2026-06-23 15:13:35.890] [WorldPop] Player moved to grid (11,43), checking spawn/despawn
[2026-06-23 15:13:35.890] [WorldPop] Cells to spawn: 29, already spawned: 0
[2026-06-23 15:13:38.649] [WorldPop] Player moved to grid (12,43), checking spawn/despawn
[2026-06-23 15:13:38.654] [WorldPop] Cells to spawn: 29, already spawned: 0
[2026-06-23 15:24:46.942] DebugLogger initialized
[2026-06-23 15:24:46.948] Server starting - DebugLogger initialized
[2026-06-23 15:25:40.187] [WorldPop] SendWorldPopulation called
[2026-06-23 15:25:40.195] [WorldPop] Cells to spawn: 29, already spawned: 0
[2026-06-23 15:25:40.213] [WorldPop] Spawned 37 new NPCs, restored 0 hidden NPCs in 29 cells (total alive: 37)
[2026-06-23 15:25:40.348] [WorldPop] Player moved to grid (-26,59), checking spawn/despawn
[2026-06-23 15:25:40.348] [WorldPop] Cells to spawn: 0, already spawned: 29
[2026-06-23 15:25:47.806] [WorldPop] Player moved to grid (25,49), checking spawn/despawn
[2026-06-23 15:25:47.806] [WorldPop] Cells to spawn: 29, already spawned: 29
[2026-06-23 15:25:47.819] [WorldPop] Spawned 43 new NPCs, restored 0 hidden NPCs in 29 cells (total alive: 80)
[2026-06-23 15:25:47.822] [WorldPop] Hidden 37 NPCs below ground from 29 distant cells
[2026-06-23 15:25:49.361] [WorldPop] Player moved to grid (24,49), checking spawn/despawn
[2026-06-23 15:25:49.361] [WorldPop] Cells to spawn: 7, already spawned: 29
[2026-06-23 15:25:49.364] [WorldPop] Spawned 10 new NPCs, restored 0 hidden NPCs in 7 cells (total alive: 90)
[2026-06-23 15:26:09.070] [WorldPop] Player moved to grid (25,49), checking spawn/despawn
[2026-06-23 15:26:09.070] [WorldPop] Cells to spawn: 0, already spawned: 36
[2026-06-23 15:26:09.351] [WorldPop] Player moved to grid (25,50), checking spawn/despawn
[2026-06-23 15:26:09.352] [WorldPop] Cells to spawn: 5, already spawned: 36
[2026-06-23 15:26:09.354] [WorldPop] Spawned 9 new NPCs, restored 0 hidden NPCs in 5 cells (total alive: 99)
[2026-06-23 15:26:11.716] [WorldPop] Player moved to grid (25,51), checking spawn/despawn
[2026-06-23 15:26:11.716] [WorldPop] Cells to spawn: 6, already spawned: 41
[2026-06-23 15:26:11.717] [WorldPop] Spawned 2 new NPCs, restored 0 hidden NPCs in 6 cells (total alive: 101)
[2026-06-23 15:26:11.717] [WorldPop] Hidden 2 NPCs below ground from 1 distant cells
[2026-06-23 15:26:16.553] [WorldPop] Player moved to grid (25,52), checking spawn/despawn
[2026-06-23 15:26:16.553] [WorldPop] Cells to spawn: 11, already spawned: 41
[2026-06-23 15:26:16.554] [WorldPop] Hidden 7 NPCs below ground from 6 distant cells
[2026-06-23 15:26:20.119] [WorldPop] Player moved to grid (25,53), checking spawn/despawn
[2026-06-23 15:26:20.119] [WorldPop] Cells to spawn: 16, already spawned: 35
[2026-06-23 15:26:20.120] [WorldPop] Hidden 13 NPCs below ground from 7 distant cells
[2026-06-23 15:26:43.713] [WorldPop] Player moved to grid (25,54), checking spawn/despawn
[2026-06-23 15:26:43.714] [WorldPop] Cells to spawn: 21, already spawned: 28
[2026-06-23 15:26:43.715] [WorldPop] Hidden 9 NPCs below ground from 7 distant cells
[2026-06-23 15:26:46.788] [WorldPop] Player moved to grid (25,55), checking spawn/despawn
[2026-06-23 15:26:46.788] [WorldPop] Cells to spawn: 26, already spawned: 21
[2026-06-23 15:26:46.791] [WorldPop] Hidden 10 NPCs below ground from 7 distant cells
[2026-06-23 15:26:48.238] [WorldPop] Player moved to grid (24,55), checking spawn/despawn
[2026-06-23 15:26:48.238] [WorldPop] Cells to spawn: 26, already spawned: 14
[2026-06-23 15:26:48.239] [WorldPop] Hidden 1 NPCs below ground from 1 distant cells
[2026-06-23 15:27:01.762] [WorldPop] Player moved to grid (25,55), checking spawn/despawn
[2026-06-23 15:27:01.762] [WorldPop] Cells to spawn: 26, already spawned: 13
[2026-06-23 15:27:04.636] [WorldPop] Player moved to grid (24,55), checking spawn/despawn
[2026-06-23 15:27:04.637] [WorldPop] Cells to spawn: 26, already spawned: 13
[2026-06-23 15:27:11.747] [WorldPop] Player moved to grid (-26,59), checking spawn/despawn
[2026-06-23 15:27:11.747] [WorldPop] Cells to spawn: 29, already spawned: 13
[2026-06-23 15:27:11.750] [WorldPop] Spawned 0 new NPCs, restored 37 hidden NPCs in 29 cells (total alive: 101)
[2026-06-23 15:27:11.752] [WorldPop] Hidden 22 NPCs below ground from 13 distant cells
[2026-06-23 15:27:16.774] [WorldPop] Player moved to grid (-26,58), checking spawn/despawn
[2026-06-23 15:27:16.774] [WorldPop] Cells to spawn: 7, already spawned: 29
[2026-06-23 15:27:20.760] [WorldPop] Player moved to grid (-27,58), checking spawn/despawn
[2026-06-23 15:27:20.761] [WorldPop] Cells to spawn: 9, already spawned: 29
[2026-06-23 15:27:21.770] [WorldPop] Player moved to grid (-27,59), checking spawn/despawn
[2026-06-23 15:27:21.770] [WorldPop] Cells to spawn: 7, already spawned: 29
[2026-06-23 15:27:22.770] [WorldPop] Player moved to grid (-28,59), checking spawn/despawn
[2026-06-23 15:27:22.770] [WorldPop] Cells to spawn: 12, already spawned: 29
[2026-06-23 15:27:24.768] [WorldPop] Player moved to grid (-28,60), checking spawn/despawn
[2026-06-23 15:27:24.768] [WorldPop] Cells to spawn: 13, already spawned: 29
[2026-06-23 15:27:24.769] [WorldPop] Hidden 1 NPCs below ground from 1 distant cells
[2026-06-23 15:27:26.757] [WorldPop] Player moved to grid (-28,59), checking spawn/despawn
[2026-06-23 15:27:26.757] [WorldPop] Cells to spawn: 12, already spawned: 28
[2026-06-23 15:27:28.768] [WorldPop] Player moved to grid (-27,59), checking spawn/despawn
[2026-06-23 15:27:28.769] [WorldPop] Cells to spawn: 7, already spawned: 28
[2026-06-23 15:27:29.767] [WorldPop] Player moved to grid (-27,58), checking spawn/despawn
[2026-06-23 15:27:29.767] [WorldPop] Cells to spawn: 9, already spawned: 28
[2026-06-23 15:27:31.775] [WorldPop] Player moved to grid (-28,57), checking spawn/despawn
[2026-06-23 15:27:31.776] [WorldPop] Cells to spawn: 16, already spawned: 28
[2026-06-23 15:27:31.776] [WorldPop] Hidden 2 NPCs below ground from 2 distant cells
[2026-06-23 15:27:33.758] [WorldPop] Player moved to grid (-29,57), checking spawn/despawn
[2026-06-23 15:27:33.758] [WorldPop] Cells to spawn: 21, already spawned: 26
[2026-06-23 15:27:33.759] [WorldPop] Hidden 6 NPCs below ground from 4 distant cells
[2026-06-23 15:27:34.770] [WorldPop] Player moved to grid (-29,56), checking spawn/despawn
[2026-06-23 15:27:34.770] [WorldPop] Cells to spawn: 23, already spawned: 22
[2026-06-23 15:27:34.771] [WorldPop] Hidden 7 NPCs below ground from 5 distant cells
[2026-06-23 15:27:35.757] [WorldPop] Player moved to grid (-30,56), checking spawn/despawn
[2026-06-23 15:27:35.758] [WorldPop] Cells to spawn: 27, already spawned: 17
[2026-06-23 15:27:35.758] [WorldPop] Hidden 5 NPCs below ground from 4 distant cells
[2026-06-23 15:27:36.767] [WorldPop] Player moved to grid (-30,55), checking spawn/despawn
[2026-06-23 15:27:36.768] [WorldPop] Cells to spawn: 28, already spawned: 13
[2026-06-23 15:27:36.768] [WorldPop] Hidden 3 NPCs below ground from 3 distant cells
[2026-06-23 15:27:37.758] [WorldPop] Player moved to grid (-31,55), checking spawn/despawn
[2026-06-23 15:27:37.759] [WorldPop] Cells to spawn: 29, already spawned: 10
[2026-06-23 15:27:37.760] [WorldPop] Hidden 6 NPCs below ground from 4 distant cells
[2026-06-23 15:27:38.781] [WorldPop] Player moved to grid (-31,54), checking spawn/despawn
[2026-06-23 15:27:38.782] [WorldPop] Cells to spawn: 29, already spawned: 6
[2026-06-23 15:27:38.782] [WorldPop] Hidden 3 NPCs below ground from 3 distant cells
[2026-06-23 15:27:39.765] [WorldPop] Player moved to grid (-32,54), checking spawn/despawn
[2026-06-23 15:27:39.765] [WorldPop] Cells to spawn: 29, already spawned: 3
[2026-06-23 15:27:39.766] [WorldPop] Hidden 3 NPCs below ground from 2 distant cells
[2026-06-23 15:27:40.751] [WorldPop] Player moved to grid (-33,53), checking spawn/despawn
[2026-06-23 15:27:40.752] [WorldPop] Cells to spawn: 29, already spawned: 1
[2026-06-23 15:27:40.752] [WorldPop] Hidden 1 NPCs below ground from 1 distant cells
[2026-06-23 15:27:42.770] [WorldPop] Player moved to grid (-33,52), checking spawn/despawn
[2026-06-23 15:27:42.770] [WorldPop] Cells to spawn: 29, already spawned: 0
[2026-06-23 15:27:43.753] [WorldPop] Player moved to grid (-34,51), checking spawn/despawn
[2026-06-23 15:27:43.754] [WorldPop] Cells to spawn: 29, already spawned: 0
[2026-06-23 15:27:45.777] [WorldPop] Player moved to grid (-35,50), checking spawn/despawn
[2026-06-23 15:27:45.778] [WorldPop] Cells to spawn: 29, already spawned: 0
[2026-06-23 15:27:47.756] [WorldPop] Player moved to grid (-36,49), checking spawn/despawn
[2026-06-23 15:27:47.756] [WorldPop] Cells to spawn: 29, already spawned: 0
[2026-06-23 15:28:37.059] [WorldPop] Player moved to grid (-36,49), checking spawn/despawn
[2026-06-23 15:28:37.060] [WorldPop] Cells to spawn: 29, already spawned: 0
[2026-06-23 15:28:41.942] [WorldPop] Player moved to grid (-36,48), checking spawn/despawn
[2026-06-23 15:28:41.943] [WorldPop] Cells to spawn: 29, already spawned: 0
[2026-06-23 15:28:44.952] [WorldPop] Player moved to grid (-36,49), checking spawn/despawn
[2026-06-23 15:28:44.952] [WorldPop] Cells to spawn: 29, already spawned: 0
[2026-06-23 15:28:47.948] [WorldPop] Player moved to grid (-35,49), checking spawn/despawn
[2026-06-23 15:28:47.948] [WorldPop] Cells to spawn: 29, already spawned: 0
[2026-06-23 15:28:48.929] [WorldPop] Player moved to grid (-35,50), checking spawn/despawn
[2026-06-23 15:28:48.929] [WorldPop] Cells to spawn: 29, already spawned: 0
[2026-06-23 15:28:49.956] [WorldPop] Player moved to grid (-34,50), checking spawn/despawn
[2026-06-23 15:28:49.957] [WorldPop] Cells to spawn: 29, already spawned: 0
[2026-06-23 15:28:50.939] [WorldPop] Player moved to grid (-34,51), checking spawn/despawn
[2026-06-23 15:28:51.291] [WorldPop] Cells to spawn: 29, already spawned: 0
[2026-06-23 15:28:51.945] [WorldPop] Player moved to grid (-33,52), checking spawn/despawn
[2026-06-23 15:28:51.945] [WorldPop] Cells to spawn: 29, already spawned: 0
[2026-06-23 15:29:09.417] [WorldPop] Player moved to grid (-33,53), checking spawn/despawn
[2026-06-23 15:29:09.418] [WorldPop] Cells to spawn: 29, already spawned: 0
[2026-06-23 15:29:12.126] [WorldPop] Player moved to grid (-32,53), checking spawn/despawn
[2026-06-23 15:29:12.127] [WorldPop] Cells to spawn: 29, already spawned: 0
[2026-06-23 15:29:13.069] [WorldPop] Player moved to grid (-32,54), checking spawn/despawn
[2026-06-23 15:29:13.069] [WorldPop] Cells to spawn: 29, already spawned: 0
[2026-06-23 15:29:15.064] [WorldPop] Player moved to grid (-31,54), checking spawn/despawn
[2026-06-23 15:29:15.065] [WorldPop] Cells to spawn: 29, already spawned: 0
[2026-06-23 15:29:16.233] [WorldPop] Player moved to grid (-31,55), checking spawn/despawn
[2026-06-23 15:29:16.233] [WorldPop] Cells to spawn: 29, already spawned: 0
[2026-06-23 15:29:17.370] [WorldPop] Player moved to grid (-30,55), checking spawn/despawn
[2026-06-23 15:29:17.370] [WorldPop] Cells to spawn: 29, already spawned: 0
[2026-06-23 15:29:17.370] [WorldPop] Spawned 0 new NPCs, restored 1 hidden NPCs in 29 cells (total alive: 101)
[2026-06-23 15:29:18.518] [WorldPop] Player moved to grid (-29,56), checking spawn/despawn
[2026-06-23 15:29:18.518] [WorldPop] Cells to spawn: 28, already spawned: 1
[2026-06-23 15:29:18.520] [WorldPop] Spawned 0 new NPCs, restored 5 hidden NPCs in 28 cells (total alive: 101)
[2026-06-23 15:29:36.384] [WorldPop] Player moved to grid (-28,57), checking spawn/despawn
[2026-06-23 15:29:36.384] [WorldPop] Cells to spawn: 23, already spawned: 6
[2026-06-23 15:29:36.385] [WorldPop] Spawned 0 new NPCs, restored 9 hidden NPCs in 23 cells (total alive: 101)
[2026-06-23 15:30:10.400] [WorldPop] Player moved to grid (-27,57), checking spawn/despawn
[2026-06-23 15:30:10.401] [WorldPop] Cells to spawn: 17, already spawned: 13
[2026-06-23 15:30:10.401] [WorldPop] Spawned 0 new NPCs, restored 4 hidden NPCs in 17 cells (total alive: 101)
[2026-06-23 15:30:17.771] [WorldPop] Player moved to grid (-27,58), checking spawn/despawn
[2026-06-23 15:30:17.771] [WorldPop] Cells to spawn: 13, already spawned: 17
[2026-06-23 15:30:17.771] [WorldPop] Spawned 0 new NPCs, restored 7 hidden NPCs in 13 cells (total alive: 101)
[2026-06-23 15:40:16.962] DebugLogger initialized
[2026-06-23 15:40:16.968] Server starting - DebugLogger initialized
[2026-06-23 15:41:27.886] [WorldPop] SendWorldPopulation called
[2026-06-23 15:41:27.921] [WorldPop] Cells to spawn: 29, already spawned: 0
[2026-06-23 15:41:27.934] [WorldPop] Spawned 37 new NPCs, restored 0 hidden NPCs in 29 cells (total alive: 37)
[2026-06-23 15:41:28.045] [WorldPop] Player moved to grid (-26,59), checking spawn/despawn
[2026-06-23 15:41:28.045] [WorldPop] Cells to spawn: 0, already spawned: 29
[2026-06-23 15:41:36.245] [WorldPop] Player moved to grid (25,49), checking spawn/despawn
[2026-06-23 15:41:36.245] [WorldPop] Cells to spawn: 29, already spawned: 29
[2026-06-23 15:41:36.258] [WorldPop] Spawned 43 new NPCs, restored 0 hidden NPCs in 29 cells (total alive: 80)
[2026-06-23 15:41:36.261] [WorldPop] Hidden 37 NPCs below ground from 29 distant cells
[2026-06-23 15:41:37.568] [WorldPop] Player moved to grid (24,49), checking spawn/despawn
[2026-06-23 15:41:37.568] [WorldPop] Cells to spawn: 7, already spawned: 29
[2026-06-23 15:41:37.571] [WorldPop] Spawned 10 new NPCs, restored 0 hidden NPCs in 7 cells (total alive: 90)
[2026-06-23 15:41:52.248] [WorldPop] Player moved to grid (25,49), checking spawn/despawn
[2026-06-23 15:41:52.248] [WorldPop] Cells to spawn: 0, already spawned: 36
[2026-06-23 15:41:54.686] [WorldPop] Player moved to grid (25,50), checking spawn/despawn
[2026-06-23 15:41:54.687] [WorldPop] Cells to spawn: 5, already spawned: 36
[2026-06-23 15:41:54.688] [WorldPop] Spawned 9 new NPCs, restored 0 hidden NPCs in 5 cells (total alive: 99)
[2026-06-23 15:42:01.970] [WorldPop] Player moved to grid (25,51), checking spawn/despawn
[2026-06-23 15:42:01.970] [WorldPop] Cells to spawn: 6, already spawned: 41
[2026-06-23 15:42:01.971] [WorldPop] Spawned 2 new NPCs, restored 0 hidden NPCs in 6 cells (total alive: 101)
[2026-06-23 15:42:01.971] [WorldPop] Hidden 2 NPCs below ground from 1 distant cells
[2026-06-23 15:42:06.403] [WorldPop] Player moved to grid (25,52), checking spawn/despawn
[2026-06-23 15:42:06.404] [WorldPop] Cells to spawn: 11, already spawned: 41
[2026-06-23 15:42:06.405] [WorldPop] Hidden 7 NPCs below ground from 6 distant cells
[2026-06-23 15:42:12.721] [WorldPop] Player moved to grid (24,52), checking spawn/despawn
[2026-06-23 15:42:12.721] [WorldPop] Cells to spawn: 11, already spawned: 35
[2026-06-23 15:42:12.722] [WorldPop] Hidden 1 NPCs below ground from 1 distant cells
[2026-06-23 15:42:15.137] [WorldPop] Player moved to grid (24,51), checking spawn/despawn
[2026-06-23 15:42:15.138] [WorldPop] Cells to spawn: 6, already spawned: 34
[2026-06-23 15:42:16.087] [WorldPop] Player moved to grid (23,51), checking spawn/despawn
[2026-06-23 15:42:16.088] [WorldPop] Cells to spawn: 9, already spawned: 34
[2026-06-23 15:42:16.088] [WorldPop] Hidden 4 NPCs below ground from 2 distant cells
[2026-06-23 15:42:17.770] [WorldPop] Player moved to grid (23,50), checking spawn/despawn
[2026-06-23 15:42:17.771] [WorldPop] Cells to spawn: 7, already spawned: 32
[2026-06-23 15:42:17.771] [WorldPop] Spawned 0 new NPCs, restored 1 hidden NPCs in 7 cells (total alive: 101)
[2026-06-23 15:42:18.177] [WorldPop] Player moved to grid (22,50), checking spawn/despawn
[2026-06-23 15:42:18.177] [WorldPop] Cells to spawn: 13, already spawned: 33
[2026-06-23 15:42:18.178] [WorldPop] Spawned 0 new NPCs, restored 1 hidden NPCs in 13 cells (total alive: 101)
[2026-06-23 15:42:18.178] [WorldPop] Hidden 7 NPCs below ground from 4 distant cells
[2026-06-23 15:42:19.648] [WorldPop] Player moved to grid (21,50), checking spawn/despawn
[2026-06-23 15:42:19.648] [WorldPop] Cells to spawn: 18, already spawned: 30
[2026-06-23 15:42:19.649] [WorldPop] Hidden 7 NPCs below ground from 5 distant cells
[2026-06-23 15:42:21.233] [WorldPop] Player moved to grid (20,50), checking spawn/despawn
[2026-06-23 15:42:21.233] [WorldPop] Cells to spawn: 23, already spawned: 25
[2026-06-23 15:42:21.234] [WorldPop] Hidden 9 NPCs below ground from 6 distant cells
[2026-06-23 15:42:23.476] [WorldPop] Player moved to grid (19,50), checking spawn/despawn
[2026-06-23 15:42:23.477] [WorldPop] Cells to spawn: 27, already spawned: 19
[2026-06-23 15:42:23.477] [WorldPop] Hidden 7 NPCs below ground from 5 distant cells
[2026-06-23 15:42:26.801] [WorldPop] Player moved to grid (19,51), checking spawn/despawn
[2026-06-23 15:42:26.802] [WorldPop] Cells to spawn: 27, already spawned: 14
[2026-06-23 15:42:26.802] [WorldPop] Hidden 2 NPCs below ground from 2 distant cells
[2026-06-23 15:42:33.587] [WorldPop] Player moved to grid (20,51), checking spawn/despawn
[2026-06-23 15:42:33.587] [WorldPop] Cells to spawn: 24, already spawned: 12
[2026-06-23 15:42:35.771] [WorldPop] Player moved to grid (21,51), checking spawn/despawn
[2026-06-23 15:42:35.771] [WorldPop] Cells to spawn: 20, already spawned: 12
[2026-06-23 15:42:35.771] [WorldPop] Spawned 0 new NPCs, restored 2 hidden NPCs in 20 cells (total alive: 101)
[2026-06-23 15:42:37.078] [WorldPop] Player moved to grid (22,51), checking spawn/despawn
[2026-06-23 15:42:37.078] [WorldPop] Cells to spawn: 18, already spawned: 13
[2026-06-23 15:42:37.078] [WorldPop] Spawned 0 new NPCs, restored 4 hidden NPCs in 18 cells (total alive: 101)
[2026-06-23 15:42:38.501] [WorldPop] Player moved to grid (23,51), checking spawn/despawn
[2026-06-23 15:42:38.501] [WorldPop] Cells to spawn: 14, already spawned: 17
[2026-06-23 15:42:38.502] [WorldPop] Spawned 0 new NPCs, restored 8 hidden NPCs in 14 cells (total alive: 101)
[2026-06-23 15:42:41.488] [WorldPop] Player moved to grid (24,51), checking spawn/despawn
[2026-06-23 15:42:41.489] [WorldPop] Cells to spawn: 11, already spawned: 22
[2026-06-23 15:42:41.491] [WorldPop] Spawned 0 new NPCs, restored 8 hidden NPCs in 11 cells (total alive: 101)
[2026-06-23 15:42:43.499] [WorldPop] Player moved to grid (25,51), checking spawn/despawn
[2026-06-23 15:42:43.499] [WorldPop] Cells to spawn: 9, already spawned: 27
[2026-06-23 15:42:43.500] [WorldPop] Spawned 0 new NPCs, restored 5 hidden NPCs in 9 cells (total alive: 101)
[2026-06-23 15:42:44.709] [WorldPop] Player moved to grid (25,50), checking spawn/despawn
[2026-06-23 15:42:44.709] [WorldPop] Cells to spawn: 4, already spawned: 31
[2026-06-23 15:42:44.710] [WorldPop] Spawned 0 new NPCs, restored 7 hidden NPCs in 4 cells (total alive: 101)
[2026-06-23 15:42:44.996] [WorldPop] Player moved to grid (26,50), checking spawn/despawn
[2026-06-23 15:42:44.997] [WorldPop] Cells to spawn: 7, already spawned: 35
[2026-06-23 15:42:44.998] [WorldPop] Spawned 0 new NPCs, restored 3 hidden NPCs in 7 cells (total alive: 101)
[2026-06-23 15:42:44.998] [WorldPop] Hidden 2 NPCs below ground from 1 distant cells
[2026-06-23 15:43:00.968] [WorldPop] Player moved to grid (25,50), checking spawn/despawn
[2026-06-23 15:43:00.968] [WorldPop] Cells to spawn: 0, already spawned: 36
[2026-06-23 15:43:01.248] [WorldPop] Player moved to grid (25,51), checking spawn/despawn
[2026-06-23 15:43:01.248] [WorldPop] Cells to spawn: 5, already spawned: 36
[2026-06-23 15:43:03.182] [WorldPop] Player moved to grid (24,51), checking spawn/despawn
[2026-06-23 15:43:03.183] [WorldPop] Cells to spawn: 6, already spawned: 36
[2026-06-23 15:43:05.371] [WorldPop] Player moved to grid (23,51), checking spawn/despawn
[2026-06-23 15:43:05.371] [WorldPop] Cells to spawn: 10, already spawned: 36
[2026-06-23 15:43:05.372] [WorldPop] Spawned 0 new NPCs, restored 2 hidden NPCs in 10 cells (total alive: 101)
[2026-06-23 15:43:05.372] [WorldPop] Hidden 4 NPCs below ground from 2 distant cells
[2026-06-23 15:43:07.055] [WorldPop] Player moved to grid (22,51), checking spawn/despawn
[2026-06-23 15:43:07.056] [WorldPop] Cells to spawn: 14, already spawned: 35
[2026-06-23 15:43:07.057] [WorldPop] Hidden 7 NPCs below ground from 5 distant cells
[2026-06-23 15:43:30.992] [WorldPop] Player moved to grid (21,51), checking spawn/despawn
[2026-06-23 15:43:30.992] [WorldPop] Cells to spawn: 19, already spawned: 30
[2026-06-23 15:43:30.993] [WorldPop] Hidden 9 NPCs below ground from 6 distant cells
[2026-06-23 15:43:31.993] [WorldPop] Player moved to grid (20,51), checking spawn/despawn
[2026-06-23 15:43:31.993] [WorldPop] Cells to spawn: 24, already spawned: 24
[2026-06-23 15:43:31.994] [WorldPop] Hidden 9 NPCs below ground from 6 distant cells
[2026-06-23 15:43:33.969] [WorldPop] Player moved to grid (19,51), checking spawn/despawn
[2026-06-23 15:43:33.970] [WorldPop] Cells to spawn: 27, already spawned: 18
[2026-06-23 15:43:33.970] [WorldPop] Hidden 6 NPCs below ground from 5 distant cells
[2026-06-23 15:43:34.984] [WorldPop] Player moved to grid (18,50), checking spawn/despawn
[2026-06-23 15:43:34.984] [WorldPop] Cells to spawn: 29, already spawned: 13
[2026-06-23 15:43:34.986] [WorldPop] Hidden 12 NPCs below ground from 6 distant cells
[2026-06-23 15:43:36.965] [WorldPop] Player moved to grid (17,51), checking spawn/despawn
[2026-06-23 15:43:36.966] [WorldPop] Cells to spawn: 29, already spawned: 7
[2026-06-23 15:43:36.966] [WorldPop] Hidden 7 NPCs below ground from 5 distant cells
[2026-06-23 15:43:40.972] [WorldPop] Player moved to grid (16,51), checking spawn/despawn
[2026-06-23 15:43:40.972] [WorldPop] Cells to spawn: 29, already spawned: 2
[2026-06-23 15:43:40.972] [WorldPop] Hidden 3 NPCs below ground from 2 distant cells
[2026-06-23 15:43:42.986] [WorldPop] Player moved to grid (15,51), checking spawn/despawn
[2026-06-23 15:43:42.987] [WorldPop] Cells to spawn: 29, already spawned: 0
[2026-06-23 15:43:44.972] [WorldPop] Player moved to grid (14,51), checking spawn/despawn
[2026-06-23 15:43:44.972] [WorldPop] Cells to spawn: 29, already spawned: 0
[2026-06-23 15:43:45.982] [WorldPop] Player moved to grid (13,51), checking spawn/despawn
[2026-06-23 15:43:45.983] [WorldPop] Cells to spawn: 29, already spawned: 0
[2026-06-23 15:43:47.975] [WorldPop] Player moved to grid (12,51), checking spawn/despawn
[2026-06-23 15:43:47.976] [WorldPop] Cells to spawn: 29, already spawned: 0
[2026-06-23 15:43:48.979] [WorldPop] Player moved to grid (11,51), checking spawn/despawn
[2026-06-23 15:43:48.980] [WorldPop] Cells to spawn: 29, already spawned: 0
[2026-06-23 15:43:49.966] [WorldPop] Player moved to grid (10,51), checking spawn/despawn
[2026-06-23 15:43:49.966] [WorldPop] Cells to spawn: 29, already spawned: 0
[2026-06-23 15:43:51.964] [WorldPop] Player moved to grid (9,51), checking spawn/despawn
[2026-06-23 15:43:51.965] [WorldPop] Cells to spawn: 29, already spawned: 0
[2026-06-23 15:43:52.970] [WorldPop] Player moved to grid (8,51), checking spawn/despawn
[2026-06-23 15:43:52.970] [WorldPop] Cells to spawn: 29, already spawned: 0
[2026-06-23 15:43:55.087] [WorldPop] Player moved to grid (7,51), checking spawn/despawn
[2026-06-23 15:43:55.087] [WorldPop] Cells to spawn: 29, already spawned: 0
[2026-06-23 15:43:57.088] [WorldPop] Player moved to grid (6,51), checking spawn/despawn
[2026-06-23 15:43:57.088] [WorldPop] Cells to spawn: 29, already spawned: 0
[2026-06-23 15:43:58.070] [WorldPop] Player moved to grid (5,51), checking spawn/despawn
[2026-06-23 15:43:58.070] [WorldPop] Cells to spawn: 29, already spawned: 0
[2026-06-23 15:43:59.081] [WorldPop] Player moved to grid (5,50), checking spawn/despawn
[2026-06-23 15:43:59.081] [WorldPop] Cells to spawn: 29, already spawned: 0
[2026-06-23 15:44:00.058] [WorldPop] Player moved to grid (4,50), checking spawn/despawn
[2026-06-23 15:44:00.058] [WorldPop] Cells to spawn: 29, already spawned: 0
[2026-06-23 15:44:01.081] [WorldPop] Player moved to grid (4,49), checking spawn/despawn
[2026-06-23 15:44:01.081] [WorldPop] Cells to spawn: 29, already spawned: 0
[2026-06-23 15:44:02.068] [WorldPop] Player moved to grid (3,48), checking spawn/despawn
[2026-06-23 15:44:02.068] [WorldPop] Cells to spawn: 29, already spawned: 0
[2026-06-23 15:44:04.084] [WorldPop] Player moved to grid (3,47), checking spawn/despawn
[2026-06-23 15:44:04.085] [WorldPop] Cells to spawn: 29, already spawned: 0
[2026-06-23 15:44:05.065] [WorldPop] Player moved to grid (2,46), checking spawn/despawn
[2026-06-23 15:44:05.065] [WorldPop] Cells to spawn: 29, already spawned: 0
[2026-06-23 15:44:07.076] [WorldPop] Player moved to grid (1,46), checking spawn/despawn
[2026-06-23 15:44:07.077] [WorldPop] Cells to spawn: 29, already spawned: 0
[2026-06-23 15:44:08.059] [WorldPop] Player moved to grid (0,45), checking spawn/despawn
[2026-06-23 15:44:08.060] [WorldPop] Cells to spawn: 29, already spawned: 0
[2026-06-23 15:44:10.080] [WorldPop] Player moved to grid (-1,45), checking spawn/despawn
[2026-06-23 15:44:10.081] [WorldPop] Cells to spawn: 29, already spawned: 0
[2026-06-23 15:44:11.069] [WorldPop] Player moved to grid (-2,45), checking spawn/despawn
[2026-06-23 15:44:11.070] [WorldPop] Cells to spawn: 29, already spawned: 0
[2026-06-23 15:44:12.084] [WorldPop] Player moved to grid (-2,44), checking spawn/despawn
[2026-06-23 15:44:12.084] [WorldPop] Cells to spawn: 29, already spawned: 0
[2026-06-23 15:44:13.059] [WorldPop] Player moved to grid (-3,44), checking spawn/despawn
[2026-06-23 15:44:13.060] [WorldPop] Cells to spawn: 29, already spawned: 0
[2026-06-23 15:44:14.084] [WorldPop] Player moved to grid (-4,44), checking spawn/despawn
[2026-06-23 15:44:14.084] [WorldPop] Cells to spawn: 29, already spawned: 0
[2026-06-23 15:44:15.062] [WorldPop] Player moved to grid (-5,44), checking spawn/despawn
[2026-06-23 15:44:15.062] [WorldPop] Cells to spawn: 29, already spawned: 0
[2026-06-23 15:44:17.071] [WorldPop] Player moved to grid (-6,44), checking spawn/despawn
[2026-06-23 15:44:17.071] [WorldPop] Cells to spawn: 29, already spawned: 0
[2026-06-23 15:44:18.086] [WorldPop] Player moved to grid (-7,43), checking spawn/despawn
[2026-06-23 15:44:18.087] [WorldPop] Cells to spawn: 29, already spawned: 0
[2026-06-23 15:44:19.075] [WorldPop] Player moved to grid (-8,43), checking spawn/despawn
[2026-06-23 15:44:19.075] [WorldPop] Cells to spawn: 29, already spawned: 0
[2026-06-23 15:44:20.082] [WorldPop] Player moved to grid (-9,43), checking spawn/despawn
[2026-06-23 15:44:20.082] [WorldPop] Cells to spawn: 29, already spawned: 0
[2026-06-23 15:44:22.084] [WorldPop] Player moved to grid (-10,43), checking spawn/despawn
[2026-06-23 15:44:22.085] [WorldPop] Cells to spawn: 29, already spawned: 0
[2026-06-23 15:44:23.072] [WorldPop] Player moved to grid (-11,43), checking spawn/despawn
[2026-06-23 15:44:23.073] [WorldPop] Cells to spawn: 29, already spawned: 0
[2026-06-23 15:44:24.075] [WorldPop] Player moved to grid (-12,44), checking spawn/despawn
[2026-06-23 15:44:24.076] [WorldPop] Cells to spawn: 29, already spawned: 0
[2026-06-23 15:44:26.076] [WorldPop] Player moved to grid (-13,45), checking spawn/despawn
[2026-06-23 15:44:26.076] [WorldPop] Cells to spawn: 29, already spawned: 0
[2026-06-23 15:44:28.077] [WorldPop] Player moved to grid (-14,46), checking spawn/despawn
[2026-06-23 15:44:28.078] [WorldPop] Cells to spawn: 29, already spawned: 0
[2026-06-23 15:44:29.058] [WorldPop] Player moved to grid (-14,47), checking spawn/despawn
[2026-06-23 15:44:29.058] [WorldPop] Cells to spawn: 29, already spawned: 0
[2026-06-23 15:44:30.072] [WorldPop] Player moved to grid (-15,47), checking spawn/despawn
[2026-06-23 15:44:30.072] [WorldPop] Cells to spawn: 29, already spawned: 0
[2026-06-23 15:44:31.083] [WorldPop] Player moved to grid (-15,48), checking spawn/despawn
[2026-06-23 15:44:31.083] [WorldPop] Cells to spawn: 29, already spawned: 0
[2026-06-23 15:44:32.060] [WorldPop] Player moved to grid (-15,49), checking spawn/despawn
[2026-06-23 15:44:32.060] [WorldPop] Cells to spawn: 29, already spawned: 0
[2026-06-23 15:44:34.070] [WorldPop] Player moved to grid (-16,50), checking spawn/despawn
[2026-06-23 15:44:34.070] [WorldPop] Cells to spawn: 29, already spawned: 0
[2026-06-23 15:44:35.063] [WorldPop] Player moved to grid (-16,51), checking spawn/despawn
[2026-06-23 15:44:35.063] [WorldPop] Cells to spawn: 29, already spawned: 0
[2026-06-23 15:44:36.074] [WorldPop] Player moved to grid (-16,52), checking spawn/despawn
[2026-06-23 15:44:36.075] [WorldPop] Cells to spawn: 29, already spawned: 0
[2026-06-23 15:44:37.062] [WorldPop] Player moved to grid (-16,53), checking spawn/despawn
[2026-06-23 15:44:37.063] [WorldPop] Cells to spawn: 29, already spawned: 0
[2026-06-23 15:44:39.082] [WorldPop] Player moved to grid (-16,54), checking spawn/despawn
[2026-06-23 15:44:39.083] [WorldPop] Cells to spawn: 29, already spawned: 0
[2026-06-23 15:44:40.059] [WorldPop] Player moved to grid (-16,55), checking spawn/despawn
[2026-06-23 15:44:40.060] [WorldPop] Cells to spawn: 29, already spawned: 0
[2026-06-23 15:44:41.060] [WorldPop] Player moved to grid (-16,56), checking spawn/despawn
[2026-06-23 15:44:41.060] [WorldPop] Cells to spawn: 29, already spawned: 0
[2026-06-23 15:44:43.085] [WorldPop] Player moved to grid (-16,57), checking spawn/despawn
[2026-06-23 15:44:43.085] [WorldPop] Cells to spawn: 29, already spawned: 0
[2026-06-23 15:44:44.065] [WorldPop] Player moved to grid (-16,58), checking spawn/despawn
[2026-06-23 15:44:44.065] [WorldPop] Cells to spawn: 29, already spawned: 0
[2026-06-23 15:44:45.092] [WorldPop] Player moved to grid (-16,59), checking spawn/despawn
[2026-06-23 15:44:45.092] [WorldPop] Cells to spawn: 29, already spawned: 0
[2026-06-23 15:44:46.060] [WorldPop] Player moved to grid (-16,60), checking spawn/despawn
[2026-06-23 15:44:46.060] [WorldPop] Cells to spawn: 29, already spawned: 0
[2026-06-23 15:44:48.077] [WorldPop] Player moved to grid (-16,61), checking spawn/despawn
[2026-06-23 15:44:48.077] [WorldPop] Cells to spawn: 29, already spawned: 0
[2026-06-23 15:44:49.094] [WorldPop] Player moved to grid (-16,62), checking spawn/despawn
[2026-06-23 15:44:49.094] [WorldPop] Cells to spawn: 29, already spawned: 0
[2026-06-23 15:44:50.095] [WorldPop] Player moved to grid (-16,63), checking spawn/despawn
[2026-06-23 15:44:50.095] [WorldPop] Cells to spawn: 29, already spawned: 0
[2026-06-23 15:44:51.087] [WorldPop] Player moved to grid (-16,64), checking spawn/despawn
[2026-06-23 15:44:51.087] [WorldPop] Cells to spawn: 29, already spawned: 0
[2026-06-23 15:44:53.097] [WorldPop] Player moved to grid (-16,65), checking spawn/despawn
[2026-06-23 15:44:53.098] [WorldPop] Cells to spawn: 29, already spawned: 0
[2026-06-23 15:44:54.092] [WorldPop] Player moved to grid (-16,66), checking spawn/despawn
[2026-06-23 15:44:54.092] [WorldPop] Cells to spawn: 29, already spawned: 0
[2026-06-23 15:44:55.100] [WorldPop] Player moved to grid (-16,67), checking spawn/despawn
[2026-06-23 15:44:55.100] [WorldPop] Cells to spawn: 29, already spawned: 0
[2026-06-23 15:44:57.094] [WorldPop] Player moved to grid (-16,68), checking spawn/despawn
[2026-06-23 15:44:57.094] [WorldPop] Cells to spawn: 29, already spawned: 0
[2026-06-23 15:44:58.104] [WorldPop] Player moved to grid (-16,69), checking spawn/despawn
[2026-06-23 15:44:58.104] [WorldPop] Cells to spawn: 29, already spawned: 0
[2026-06-23 15:44:59.102] [WorldPop] Player moved to grid (-16,70), checking spawn/despawn
[2026-06-23 15:44:59.102] [WorldPop] Cells to spawn: 29, already spawned: 0
[2026-06-23 15:45:00.110] [WorldPop] Player moved to grid (-16,71), checking spawn/despawn
[2026-06-23 15:45:00.110] [WorldPop] Cells to spawn: 29, already spawned: 0
[2026-06-23 15:45:02.090] [WorldPop] Player moved to grid (-16,72), checking spawn/despawn
[2026-06-23 15:45:02.090] [WorldPop] Cells to spawn: 29, already spawned: 0
[2026-06-23 15:45:03.096] [WorldPop] Player moved to grid (-16,73), checking spawn/despawn
[2026-06-23 15:45:03.096] [WorldPop] Cells to spawn: 29, already spawned: 0
[2026-06-23 15:45:04.091] [WorldPop] Player moved to grid (-16,74), checking spawn/despawn
[2026-06-23 15:45:04.091] [WorldPop] Cells to spawn: 29, already spawned: 0
[2026-06-23 15:45:06.094] [WorldPop] Player moved to grid (-15,75), checking spawn/despawn
[2026-06-23 15:45:06.095] [WorldPop] Cells to spawn: 29, already spawned: 0
[2026-06-23 15:58:24.131] DebugLogger initialized
[2026-06-23 15:58:24.137] Server starting - DebugLogger initialized
[2026-06-23 15:59:24.087] [WorldPop] SendWorldPopulation called
[2026-06-23 15:59:24.093] [WorldPop] Cells to spawn: 113, already spawned: 0
[2026-06-23 15:59:24.107] [WorldPop] Spawned 51 new NPCs, restored 0 hidden NPCs in 113 cells (total alive: 51)
[2026-06-23 15:59:24.251] [WorldPop] Player moved to grid (-26,59) fast=False, spawnRadius=6, despawnRadius=10
[2026-06-23 15:59:24.251] [WorldPop] Cells to spawn: 80, already spawned: 33
[2026-06-23 15:59:32.947] [WorldPop] Player moved to grid (25,49) fast=False, spawnRadius=6, despawnRadius=10
[2026-06-23 15:59:32.948] [WorldPop] Cells to spawn: 113, already spawned: 33
[2026-06-23 15:59:32.952] [WorldPop] Hidden 51 NPCs below ground from 33 distant cells
[2026-06-23 15:59:33.309] [WorldPop] Player moved to grid (25,49) fast=True, spawnRadius=12, despawnRadius=20
[2026-06-23 15:59:33.310] [WorldPop] Cells to spawn: 441, already spawned: 0
[2026-06-23 15:59:34.513] [WorldPop] Player moved to grid (24,49) fast=False, spawnRadius=6, despawnRadius=10
[2026-06-23 15:59:34.514] [WorldPop] Cells to spawn: 113, already spawned: 0
[2026-06-23 16:00:00.416] [WorldPop] Player moved to grid (23,49) fast=True, spawnRadius=12, despawnRadius=20
[2026-06-23 16:00:00.421] [WorldPop] Cells to spawn: 441, already spawned: 0
[2026-06-23 16:00:20.768] [WorldPop] Player moved to grid (-26,59) fast=False, spawnRadius=6, despawnRadius=10
[2026-06-23 16:00:20.768] [WorldPop] Cells to spawn: 113, already spawned: 0
[2026-06-23 16:00:20.774] [WorldPop] Spawned 0 new NPCs, restored 51 hidden NPCs in 113 cells (total alive: 51)
[2026-06-23 16:00:27.840] [WorldPop] Player moved to grid (-25,59) fast=False, spawnRadius=6, despawnRadius=10
[2026-06-23 16:00:27.840] [WorldPop] Cells to spawn: 91, already spawned: 33
[2026-06-23 16:00:29.736] [WorldPop] Player moved to grid (-26,59) fast=False, spawnRadius=6, despawnRadius=10
[2026-06-23 16:00:29.737] [WorldPop] Cells to spawn: 80, already spawned: 33
[2026-06-23 16:00:35.737] [WorldPop] Player moved to grid (-26,58) fast=False, spawnRadius=6, despawnRadius=10
[2026-06-23 16:00:35.738] [WorldPop] Cells to spawn: 84, already spawned: 33
[2026-06-23 16:00:36.741] [WorldPop] Player moved to grid (-27,58) fast=False, spawnRadius=6, despawnRadius=10
[2026-06-23 16:00:36.741] [WorldPop] Cells to spawn: 81, already spawned: 33
[2026-06-23 16:00:37.735] [WorldPop] Player moved to grid (-27,57) fast=False, spawnRadius=6, despawnRadius=10
[2026-06-23 16:00:37.736] [WorldPop] Cells to spawn: 84, already spawned: 33
[2026-06-23 16:00:38.746] [WorldPop] Player moved to grid (-28,57) fast=False, spawnRadius=6, despawnRadius=10
[2026-06-23 16:00:38.746] [WorldPop] Cells to spawn: 83, already spawned: 33
[2026-06-23 16:00:40.735] [WorldPop] Player moved to grid (-29,56) fast=False, spawnRadius=6, despawnRadius=10
[2026-06-23 16:00:40.736] [WorldPop] Cells to spawn: 85, already spawned: 33
[2026-06-23 16:00:42.755] [WorldPop] Player moved to grid (-30,55) fast=False, spawnRadius=6, despawnRadius=10
[2026-06-23 16:00:42.755] [WorldPop] Cells to spawn: 88, already spawned: 33
[2026-06-23 16:00:44.732] [WorldPop] Player moved to grid (-31,55) fast=False, spawnRadius=6, despawnRadius=10
[2026-06-23 16:00:44.732] [WorldPop] Cells to spawn: 88, already spawned: 33
[2026-06-23 16:00:45.751] [WorldPop] Player moved to grid (-31,54) fast=False, spawnRadius=6, despawnRadius=10
[2026-06-23 16:00:45.751] [WorldPop] Cells to spawn: 91, already spawned: 33
[2026-06-23 16:00:45.752] [WorldPop] Hidden 1 NPCs below ground from 1 distant cells
[2026-06-23 16:00:46.738] [WorldPop] Player moved to grid (-32,54) fast=False, spawnRadius=6, despawnRadius=10
[2026-06-23 16:00:46.739] [WorldPop] Cells to spawn: 92, already spawned: 32
[2026-06-23 16:00:47.740] [WorldPop] Player moved to grid (-32,53) fast=False, spawnRadius=6, despawnRadius=10
[2026-06-23 16:00:47.740] [WorldPop] Cells to spawn: 96, already spawned: 32
[2026-06-23 16:00:47.740] [WorldPop] Hidden 4 NPCs below ground from 2 distant cells
[2026-06-23 16:00:48.744] [WorldPop] Player moved to grid (-33,53) fast=False, spawnRadius=6, despawnRadius=10
[2026-06-23 16:00:48.744] [WorldPop] Cells to spawn: 99, already spawned: 30
[2026-06-23 16:00:49.732] [WorldPop] Player moved to grid (-32,52) fast=False, spawnRadius=6, despawnRadius=10
[2026-06-23 16:00:49.732] [WorldPop] Cells to spawn: 101, already spawned: 30
[2026-06-23 16:00:49.733] [WorldPop] Hidden 5 NPCs below ground from 3 distant cells
[2026-06-23 16:09:54.619] DebugLogger initialized
[2026-06-23 16:09:54.625] Server starting - DebugLogger initialized
[2026-06-23 16:10:50.436] [WorldPop] SendWorldPopulation called
[2026-06-23 16:10:50.441] [WorldPop] Cells to spawn: 113, already spawned: 0
[2026-06-23 16:10:50.455] [WorldPop] Spawned 51 new NPCs, restored 0 hidden NPCs in 113 cells (total alive: 51)
[2026-06-23 16:10:50.577] [WorldPop] Player moved to grid (-26,59) fast=False, spawnRadius=6, despawnRadius=10
[2026-06-23 16:10:50.578] [WorldPop] Cells to spawn: 80, already spawned: 33
[2026-06-23 16:10:58.363] [WorldPop] Player moved to grid (25,49) fast=False, spawnRadius=6, despawnRadius=10
[2026-06-23 16:10:58.364] [WorldPop] Cells to spawn: 113, already spawned: 33
[2026-06-23 16:10:58.369] [WorldPop] Hidden 51 NPCs below ground from 33 distant cells
[2026-06-23 16:10:59.879] [WorldPop] Player moved to grid (24,49) fast=False, spawnRadius=6, despawnRadius=10
[2026-06-23 16:10:59.880] [WorldPop] Cells to spawn: 113, already spawned: 0
[2026-06-23 16:11:16.407] [WorldPop] Player moved to grid (25,49) fast=False, spawnRadius=6, despawnRadius=10
[2026-06-23 16:11:16.407] [WorldPop] Cells to spawn: 113, already spawned: 0
[2026-06-23 16:11:17.703] [WorldPop] Player moved to grid (25,49) fast=True, spawnRadius=12, despawnRadius=20
[2026-06-23 16:11:17.704] [WorldPop] Cells to spawn: 441, already spawned: 0
[2026-06-23 16:14:42.623] DebugLogger initialized
[2026-06-23 16:14:42.629] Server starting - DebugLogger initialized
[2026-06-23 16:15:27.786] [WorldPop] SendWorldPopulation called
[2026-06-23 16:15:27.791] [WorldPop] Cells to spawn: 113, already spawned: 0
[2026-06-23 16:15:27.807] [WorldPop] Spawned 51 new NPCs, restored 0 hidden NPCs in 113 cells (total alive: 51)
[2026-06-23 16:15:27.932] [WorldPop] Player moved to grid (-26,59) fast=False, spawnRadius=6, despawnRadius=10
[2026-06-23 16:15:27.933] [WorldPop] Cells to spawn: 80, already spawned: 33
[2026-06-23 16:15:35.699] [WorldPop] Player moved to grid (25,49) fast=False, spawnRadius=6, despawnRadius=10
[2026-06-23 16:15:35.699] [WorldPop] Cells to spawn: 113, already spawned: 33
[2026-06-23 16:15:35.704] [WorldPop] Hidden 51 NPCs below ground from 33 distant cells
[2026-06-23 16:15:37.335] [WorldPop] Player moved to grid (24,49) fast=False, spawnRadius=6, despawnRadius=10
[2026-06-23 16:15:37.335] [WorldPop] Cells to spawn: 113, already spawned: 0
[2026-06-23 16:15:51.605] [WorldPop] Player moved to grid (25,49) fast=False, spawnRadius=6, despawnRadius=10
[2026-06-23 16:15:51.606] [WorldPop] Cells to spawn: 113, already spawned: 0
[2026-06-23 16:19:45.694] DebugLogger initialized
[2026-06-23 16:19:45.700] Server starting - DebugLogger initialized
[2026-06-23 16:20:32.237] [WorldPop] SendWorldPopulation called
[2026-06-23 16:20:32.242] [WorldPop] Cells to spawn: 113, already spawned: 0
[2026-06-23 16:20:32.255] [WorldPop] Spawned 51 new NPCs, restored 0 hidden NPCs in 113 cells (total alive: 51)
[2026-06-23 16:20:32.369] [WorldPop] Player moved to grid (-26,59) fast=False, spawnRadius=6, despawnRadius=10
[2026-06-23 16:20:32.370] [WorldPop] Cells to spawn: 80, already spawned: 33
[2026-06-23 16:20:39.986] [WorldPop] Player moved to grid (25,49) fast=False, spawnRadius=6, despawnRadius=10
[2026-06-23 16:20:39.986] [WorldPop] Cells to spawn: 113, already spawned: 33
[2026-06-23 16:20:39.989] [WorldPop] Hidden 51 NPCs below ground from 33 distant cells
[2026-06-23 16:20:41.649] [WorldPop] Player moved to grid (24,49) fast=False, spawnRadius=6, despawnRadius=10
[2026-06-23 16:20:41.651] [WorldPop] Cells to spawn: 113, already spawned: 0
[2026-06-23 16:21:01.693] [WorldPop] Player moved to grid (25,49) fast=False, spawnRadius=6, despawnRadius=10
[2026-06-23 16:21:01.694] [WorldPop] Cells to spawn: 113, already spawned: 0
[2026-06-23 16:22:20.125] DebugLogger initialized
[2026-06-23 16:22:20.131] Server starting - DebugLogger initialized
[2026-06-23 16:23:26.468] DebugLogger initialized
[2026-06-23 16:23:26.474] Server starting - DebugLogger initialized
[2026-06-23 16:24:13.514] [WorldPop] SendWorldPopulation called
[2026-06-23 16:24:13.521] [WorldPop] Cells to spawn: 113, already spawned: 0
[2026-06-23 16:24:13.537] [WorldPop] Spawned 51 new NPCs, restored 0 hidden NPCs in 113 cells (total alive: 51)
[2026-06-23 16:24:13.652] [WorldPop] Player moved to grid (-26,59) fast=False, spawnRadius=6, despawnRadius=10
[2026-06-23 16:24:13.652] [WorldPop] Cells to spawn: 80, already spawned: 33
[2026-06-23 16:24:28.694] [WorldPop] Player moved to grid (24,49) fast=False, spawnRadius=6, despawnRadius=10
[2026-06-23 16:24:28.694] [WorldPop] Cells to spawn: 113, already spawned: 33
[2026-06-23 16:24:28.699] [WorldPop] Hidden 51 NPCs below ground from 33 distant cells
[2026-06-23 16:24:39.074] [WorldPop] Player moved to grid (24,50) fast=False, spawnRadius=6, despawnRadius=10
[2026-06-23 16:24:39.074] [WorldPop] Cells to spawn: 113, already spawned: 0
[2026-06-23 16:24:42.046] [WorldPop] Player moved to grid (24,49) fast=False, spawnRadius=6, despawnRadius=10
[2026-06-23 16:24:42.046] [WorldPop] Cells to spawn: 113, already spawned: 0
[2026-06-23 16:24:57.263] [WorldPop] Player moved to grid (25,49) fast=False, spawnRadius=6, despawnRadius=10
[2026-06-23 16:24:57.263] [WorldPop] Cells to spawn: 113, already spawned: 0
[2026-06-23 16:24:59.679] [WorldPop] Player moved to grid (24,49) fast=False, spawnRadius=6, despawnRadius=10
[2026-06-23 16:24:59.679] [WorldPop] Cells to spawn: 113, already spawned: 0
[2026-06-23 16:26:22.558] DebugLogger initialized
[2026-06-23 16:26:22.564] Server starting - DebugLogger initialized
[2026-06-23 16:27:13.311] [WorldPop] SendWorldPopulation called
[2026-06-23 16:27:13.316] [WorldPop] Cells to spawn: 113, already spawned: 0
[2026-06-23 16:27:13.329] [WorldPop] Spawned 51 new NPCs, restored 0 hidden NPCs in 113 cells (total alive: 51)
[2026-06-23 16:27:13.452] [WorldPop] Player moved to grid (-26,59) fast=False, spawnRadius=6, despawnRadius=10
[2026-06-23 16:27:13.452] [WorldPop] Cells to spawn: 80, already spawned: 33
[2026-06-23 16:27:21.346] [WorldPop] Player moved to grid (25,49) fast=False, spawnRadius=6, despawnRadius=10
[2026-06-23 16:27:21.347] [WorldPop] Cells to spawn: 113, already spawned: 33
[2026-06-23 16:27:21.350] [WorldPop] Hidden 51 NPCs below ground from 33 distant cells
[2026-06-23 16:27:22.971] [WorldPop] Player moved to grid (24,49) fast=False, spawnRadius=6, despawnRadius=10
[2026-06-23 16:27:22.971] [WorldPop] Cells to spawn: 113, already spawned: 0
[2026-06-23 16:27:43.146] [WorldPop] Player moved to grid (25,49) fast=False, spawnRadius=6, despawnRadius=10
[2026-06-23 16:27:43.146] [WorldPop] Cells to spawn: 113, already spawned: 0
[2026-06-23 16:32:44.551] DebugLogger initialized
[2026-06-23 16:32:44.557] Server starting - DebugLogger initialized
[2026-06-23 16:34:49.628] DebugLogger initialized
[2026-06-23 16:34:49.634] Server starting - DebugLogger initialized
[2026-06-23 16:35:37.818] [WorldPop] SendWorldPopulation called
[2026-06-23 16:35:37.823] [WorldPop] Cells to spawn: 113, already spawned: 0
[2026-06-23 16:35:37.835] [WorldPop] Spawned 51 new NPCs, restored 0 hidden NPCs in 113 cells (total alive: 51)
[2026-06-23 16:35:37.947] [WorldPop] Player moved to grid (-26,59) fast=False, spawnRadius=6, despawnRadius=10
[2026-06-23 16:35:37.948] [WorldPop] Cells to spawn: 80, already spawned: 33
[2026-06-23 16:35:46.089] [WorldPop] Player moved to grid (25,49) fast=False, spawnRadius=6, despawnRadius=10
[2026-06-23 16:35:46.089] [WorldPop] Cells to spawn: 113, already spawned: 33
[2026-06-23 16:35:46.092] [WorldPop] Hidden 51 NPCs below ground from 33 distant cells
[2026-06-23 16:35:47.542] [WorldPop] Player moved to grid (24,49) fast=False, spawnRadius=6, despawnRadius=10
[2026-06-23 16:35:47.542] [WorldPop] Cells to spawn: 113, already spawned: 0
[2026-06-23 16:36:01.541] [WorldPop] Player moved to grid (-26,59) fast=False, spawnRadius=6, despawnRadius=10
[2026-06-23 16:36:01.542] [WorldPop] Cells to spawn: 113, already spawned: 0
[2026-06-23 16:36:01.545] [WorldPop] Spawned 0 new NPCs, restored 51 hidden NPCs in 113 cells (total alive: 51)
[2026-06-23 16:36:04.548] [WorldPop] Player moved to grid (-26,60) fast=False, spawnRadius=6, despawnRadius=10
[2026-06-23 16:36:04.548] [WorldPop] Cells to spawn: 85, already spawned: 33
[2026-06-23 16:40:03.041] DebugLogger initialized
[2026-06-23 16:40:03.049] Server starting - DebugLogger initialized
[2026-06-23 16:48:48.993] DebugLogger initialized
[2026-06-23 16:48:48.999] Server starting - DebugLogger initialized
[2026-06-23 16:49:50.523] [WorldPop] SendWorldPopulation called
[2026-06-23 16:49:50.527] [WorldPop] Cells to spawn: 113, already spawned: 0
[2026-06-23 16:49:50.541] [WorldPop] Spawned 51 new NPCs, restored 0 hidden NPCs in 113 cells (total alive: 51)
[2026-06-23 16:49:50.665] [WorldPop] Player moved to grid (-26,59) fast=False, spawnRadius=6, despawnRadius=10
[2026-06-23 16:49:50.666] [WorldPop] Cells to spawn: 80, already spawned: 33
[2026-06-23 16:49:58.954] [WorldPop] Player moved to grid (25,49) fast=False, spawnRadius=6, despawnRadius=10
[2026-06-23 16:49:58.954] [WorldPop] Cells to spawn: 113, already spawned: 33
[2026-06-23 16:49:58.958] [WorldPop] Hidden 51 NPCs below ground from 33 distant cells
[2026-06-23 16:49:59.810] [WorldPop] Player moved to grid (25,49) fast=True, spawnRadius=12, despawnRadius=20
[2026-06-23 16:49:59.811] [WorldPop] Cells to spawn: 441, already spawned: 0
[2026-06-23 16:50:00.554] [WorldPop] Player moved to grid (24,49) fast=False, spawnRadius=6, despawnRadius=10
[2026-06-23 16:50:00.555] [WorldPop] Cells to spawn: 113, already spawned: 0
[2026-06-23 19:13:45.946] DebugLogger initialized
[2026-06-23 19:13:45.954] Server starting - DebugLogger initialized
[2026-06-23 19:28:59.746] DebugLogger initialized
[2026-06-23 19:28:59.753] Server starting - DebugLogger initialized
[2026-06-23 19:29:49.381] [WorldPop] SendWorldPopulation called
[2026-06-23 19:29:49.407] [WorldPop] Cells to spawn: 113, already spawned: 0
[2026-06-23 19:29:49.426] [WorldPop] Spawned 51 new NPCs, restored 0 hidden NPCs in 113 cells (total alive: 51)
[2026-06-23 19:29:49.566] [WorldPop] Player moved to grid (-26,59) fast=False, spawnRadius=6, despawnRadius=10
[2026-06-23 19:29:49.567] [WorldPop] Cells to spawn: 80, already spawned: 33
[2026-06-23 19:29:57.698] [WorldPop] Player moved to grid (25,49) fast=False, spawnRadius=6, despawnRadius=10
[2026-06-23 19:29:57.718] [WorldPop] Cells to spawn: 113, already spawned: 33
[2026-06-23 19:29:57.722] [WorldPop] Hidden 51 NPCs below ground from 33 distant cells
[2026-06-23 19:29:59.169] [WorldPop] Player moved to grid (24,49) fast=False, spawnRadius=6, despawnRadius=10
[2026-06-23 19:29:59.169] [WorldPop] Cells to spawn: 113, already spawned: 0
[2026-06-23 19:30:18.527] [WorldPop] Player moved to grid (25,49) fast=False, spawnRadius=6, despawnRadius=10
[2026-06-23 19:30:18.528] [WorldPop] Cells to spawn: 113, already spawned: 0
[2026-06-23 19:30:43.432] [WorldPop] Player moved to grid (-26,59) fast=False, spawnRadius=6, despawnRadius=10
[2026-06-23 19:30:43.549] [WorldPop] Cells to spawn: 113, already spawned: 0
[2026-06-23 19:30:43.552] [WorldPop] Spawned 0 new NPCs, restored 51 hidden NPCs in 113 cells (total alive: 51)
[2026-06-23 19:30:54.014] [WorldPop] Player moved to grid (25,49) fast=False, spawnRadius=6, despawnRadius=10
[2026-06-23 19:30:54.015] [WorldPop] Cells to spawn: 113, already spawned: 33
[2026-06-23 19:30:54.020] [WorldPop] Hidden 51 NPCs below ground from 33 distant cells
[2026-06-23 19:31:00.289] [WorldPop] Player moved to grid (25,50) fast=False, spawnRadius=6, despawnRadius=10
[2026-06-23 19:31:00.289] [WorldPop] Cells to spawn: 113, already spawned: 0
[2026-06-23 19:31:04.148] [WorldPop] Player moved to grid (25,49) fast=False, spawnRadius=6, despawnRadius=10
[2026-06-23 19:31:04.179] [WorldPop] Cells to spawn: 113, already spawned: 0
[2026-06-23 19:31:06.600] [WorldPop] Player moved to grid (-26,59) fast=False, spawnRadius=6, despawnRadius=10
[2026-06-23 19:31:06.601] [WorldPop] Cells to spawn: 113, already spawned: 0
[2026-06-23 19:31:06.605] [WorldPop] Spawned 0 new NPCs, restored 51 hidden NPCs in 113 cells (total alive: 51)
[2026-06-23 19:31:08.591] [WorldPop] Player moved to grid (-25,59) fast=False, spawnRadius=6, despawnRadius=10
[2026-06-23 19:31:08.592] [WorldPop] Cells to spawn: 91, already spawned: 33
[2026-06-23 19:31:15.608] [WorldPop] Player moved to grid (-26,59) fast=False, spawnRadius=6, despawnRadius=10
[2026-06-23 19:31:15.623] [WorldPop] Cells to spawn: 80, already spawned: 33
[2026-06-23 19:31:18.607] [WorldPop] Player moved to grid (-26,58) fast=False, spawnRadius=6, despawnRadius=10
[2026-06-23 19:31:18.608] [WorldPop] Cells to spawn: 84, already spawned: 33
[2026-06-23 19:31:21.596] [WorldPop] Player moved to grid (-25,59) fast=False, spawnRadius=6, despawnRadius=10
[2026-06-23 19:31:21.597] [WorldPop] Cells to spawn: 91, already spawned: 33
[2026-06-23 20:48:34.366] DebugLogger initialized
[2026-06-23 20:48:34.372] Server starting - DebugLogger initialized
[2026-06-23 20:50:10.854] [WorldPop] SendWorldPopulation called
[2026-06-23 20:50:10.863] [WorldPop] Cells to spawn: 113, already spawned: 0
[2026-06-23 20:50:10.903] [WorldPop] Spawned 51 new NPCs, restored 0 hidden NPCs in 113 cells (total alive: 51)
[2026-06-23 20:50:11.056] [WorldPop] Player moved to grid (-26,59) fast=False, spawnRadius=6, despawnRadius=10
[2026-06-23 20:50:11.056] [WorldPop] Cells to spawn: 80, already spawned: 33
[2026-06-23 20:53:03.704] DebugLogger initialized
[2026-06-23 20:53:03.711] Server starting - DebugLogger initialized
[2026-06-23 20:56:50.385] DebugLogger initialized
[2026-06-23 20:56:50.393] Server starting - DebugLogger initialized
[2026-06-23 21:00:57.570] [WorldPop] SendWorldPopulation called
[2026-06-23 21:00:57.608] [WorldPop] Cells to spawn: 113, already spawned: 0
[2026-06-23 21:00:57.620] [WorldPop] Spawned 51 new NPCs, restored 0 hidden NPCs in 113 cells (total alive: 51)
[2026-06-23 21:00:57.761] [WorldPop] Player moved to grid (-26,59) fast=False, spawnRadius=6, despawnRadius=10
[2026-06-23 21:00:57.762] [WorldPop] Cells to spawn: 80, already spawned: 33
[2026-06-23 21:03:06.102] DebugLogger initialized
[2026-06-23 21:03:06.108] Server starting - DebugLogger initialized
[2026-06-23 21:06:21.062] DebugLogger initialized
[2026-06-23 21:06:21.068] Server starting - DebugLogger initialized
[2026-06-23 21:06:49.806] [WorldPop] SendWorldPopulation called
[2026-06-23 21:06:49.814] [WorldPop] Cells to spawn: 113, already spawned: 0
[2026-06-23 21:06:49.831] [WorldPop] Spawned 51 new NPCs, restored 0 hidden NPCs in 113 cells (total alive: 51)
[2026-06-23 21:06:50.002] [WorldPop] Player moved to grid (-26,59) fast=False, spawnRadius=6, despawnRadius=10
[2026-06-23 21:06:50.003] [WorldPop] Cells to spawn: 80, already spawned: 33
[2026-06-23 21:06:58.381] [WorldPop] Player moved to grid (25,49) fast=False, spawnRadius=6, despawnRadius=10
[2026-06-23 21:06:58.381] [WorldPop] Cells to spawn: 113, already spawned: 33
[2026-06-23 21:06:58.384] [WorldPop] Hidden 51 NPCs below ground from 33 distant cells
[2026-06-23 21:07:00.103] [WorldPop] Player moved to grid (24,49) fast=False, spawnRadius=6, despawnRadius=10
[2026-06-23 21:07:00.104] [WorldPop] Cells to spawn: 113, already spawned: 0
[2026-06-23 21:09:25.348] [WorldPop] Player moved to grid (20,48) fast=False, spawnRadius=6, despawnRadius=10
[2026-06-23 21:09:25.349] [WorldPop] Cells to spawn: 113, already spawned: 0
[2026-06-23 21:09:31.568] [WorldPop] Player moved to grid (21,47) fast=False, spawnRadius=6, despawnRadius=10
[2026-06-23 21:09:31.569] [WorldPop] Cells to spawn: 113, already spawned: 0
[2026-06-23 21:09:34.566] [WorldPop] Player moved to grid (22,47) fast=False, spawnRadius=6, despawnRadius=10
[2026-06-23 21:09:34.567] [WorldPop] Cells to spawn: 113, already spawned: 0
[2026-06-23 21:09:35.558] [WorldPop] Player moved to grid (23,47) fast=False, spawnRadius=6, despawnRadius=10
[2026-06-23 21:09:35.559] [WorldPop] Cells to spawn: 113, already spawned: 0
[2026-06-23 21:09:37.572] [WorldPop] Player moved to grid (24,46) fast=False, spawnRadius=6, despawnRadius=10
[2026-06-23 21:09:37.572] [WorldPop] Cells to spawn: 113, already spawned: 0
[2026-06-23 21:09:39.560] [WorldPop] Player moved to grid (24,45) fast=False, spawnRadius=6, despawnRadius=10
[2026-06-23 21:09:39.560] [WorldPop] Cells to spawn: 113, already spawned: 0
[2026-06-23 21:09:40.557] [WorldPop] Player moved to grid (23,44) fast=False, spawnRadius=6, despawnRadius=10
[2026-06-23 21:09:40.557] [WorldPop] Cells to spawn: 113, already spawned: 0
[2026-06-23 21:09:40.644] [WorldPop] Player moved to grid (24,49) fast=False, spawnRadius=6, despawnRadius=10
[2026-06-23 21:09:40.644] [WorldPop] Cells to spawn: 113, already spawned: 0
[2026-06-23 21:09:41.577] [WorldPop] Player moved to grid (24,44) fast=False, spawnRadius=6, despawnRadius=10
[2026-06-23 21:09:41.577] [WorldPop] Cells to spawn: 113, already spawned: 0
[2026-06-23 21:09:41.601] [WorldPop] Player moved to grid (24,49) fast=False, spawnRadius=6, despawnRadius=10
[2026-06-23 21:09:41.601] [WorldPop] Cells to spawn: 113, already spawned: 0
[2026-06-23 21:09:42.570] [WorldPop] Player moved to grid (24,44) fast=False, spawnRadius=6, despawnRadius=10
[2026-06-23 21:09:42.570] [WorldPop] Cells to spawn: 113, already spawned: 0
[2026-06-23 21:09:42.606] [WorldPop] Player moved to grid (24,49) fast=False, spawnRadius=6, despawnRadius=10
[2026-06-23 21:09:42.606] [WorldPop] Cells to spawn: 113, already spawned: 0
[2026-06-23 21:09:43.574] [WorldPop] Player moved to grid (25,43) fast=False, spawnRadius=6, despawnRadius=10
[2026-06-23 21:09:43.574] [WorldPop] Cells to spawn: 113, already spawned: 0
[2026-06-23 21:09:43.589] [WorldPop] Player moved to grid (24,49) fast=False, spawnRadius=6, despawnRadius=10
[2026-06-23 21:09:43.589] [WorldPop] Cells to spawn: 113, already spawned: 0
[2026-06-23 21:09:44.978] [WorldPop] Player moved to grid (25,43) fast=False, spawnRadius=6, despawnRadius=10
[2026-06-23 21:09:44.979] [WorldPop] Cells to spawn: 113, already spawned: 0
[2026-06-23 21:09:45.009] [WorldPop] Player moved to grid (24,49) fast=False, spawnRadius=6, despawnRadius=10
[2026-06-23 21:09:45.010] [WorldPop] Cells to spawn: 113, already spawned: 0
[2026-06-23 21:09:45.921] [WorldPop] Player moved to grid (25,43) fast=False, spawnRadius=6, despawnRadius=10
[2026-06-23 21:09:45.922] [WorldPop] Cells to spawn: 113, already spawned: 0
[2026-06-23 21:09:45.954] [WorldPop] Player moved to grid (24,49) fast=False, spawnRadius=6, despawnRadius=10
[2026-06-23 21:09:45.954] [WorldPop] Cells to spawn: 113, already spawned: 0
[2026-06-23 21:09:46.930] [WorldPop] Player moved to grid (25,43) fast=False, spawnRadius=6, despawnRadius=10
[2026-06-23 21:09:47.141] [WorldPop] Cells to spawn: 113, already spawned: 0
[2026-06-23 21:09:47.157] [WorldPop] Player moved to grid (24,49) fast=False, spawnRadius=6, despawnRadius=10
[2026-06-23 21:09:47.157] [WorldPop] Cells to spawn: 113, already spawned: 0
[2026-06-23 21:09:47.939] [WorldPop] Player moved to grid (25,43) fast=False, spawnRadius=6, despawnRadius=10
[2026-06-23 21:09:47.939] [WorldPop] Cells to spawn: 113, already spawned: 0
[2026-06-23 21:09:47.955] [WorldPop] Player moved to grid (24,49) fast=False, spawnRadius=6, despawnRadius=10
[2026-06-23 21:09:47.955] [WorldPop] Cells to spawn: 113, already spawned: 0
[2026-06-23 21:09:48.928] [WorldPop] Player moved to grid (25,43) fast=False, spawnRadius=6, despawnRadius=10
[2026-06-23 21:09:48.929] [WorldPop] Cells to spawn: 113, already spawned: 0
[2026-06-23 21:09:48.960] [WorldPop] Player moved to grid (24,49) fast=False, spawnRadius=6, despawnRadius=10
[2026-06-23 21:09:48.960] [WorldPop] Cells to spawn: 113, already spawned: 0
[2026-06-23 21:09:49.923] [WorldPop] Player moved to grid (25,43) fast=False, spawnRadius=6, despawnRadius=10
[2026-06-23 21:09:49.923] [WorldPop] Cells to spawn: 113, already spawned: 0
[2026-06-23 21:09:49.938] [WorldPop] Player moved to grid (24,49) fast=False, spawnRadius=6, despawnRadius=10
[2026-06-23 21:09:49.938] [WorldPop] Cells to spawn: 113, already spawned: 0
[2026-06-23 21:09:50.934] [WorldPop] Player moved to grid (25,43) fast=False, spawnRadius=6, despawnRadius=10
[2026-06-23 21:09:50.934] [WorldPop] Cells to spawn: 113, already spawned: 0
[2026-06-23 21:09:51.081] [WorldPop] Player moved to grid (24,49) fast=False, spawnRadius=6, despawnRadius=10
[2026-06-23 21:09:51.081] [WorldPop] Cells to spawn: 113, already spawned: 0
[2026-06-23 21:09:51.917] [WorldPop] Player moved to grid (25,43) fast=False, spawnRadius=6, despawnRadius=10
[2026-06-23 21:09:51.917] [WorldPop] Cells to spawn: 113, already spawned: 0
[2026-06-23 21:09:51.948] [WorldPop] Player moved to grid (24,49) fast=False, spawnRadius=6, despawnRadius=10
[2026-06-23 21:09:51.948] [WorldPop] Cells to spawn: 113, already spawned: 0
[2026-06-23 21:09:52.915] [WorldPop] Player moved to grid (25,44) fast=False, spawnRadius=6, despawnRadius=10
[2026-06-23 21:09:52.916] [WorldPop] Cells to spawn: 113, already spawned: 0
[2026-06-23 21:09:52.963] [WorldPop] Player moved to grid (24,49) fast=False, spawnRadius=6, despawnRadius=10
[2026-06-23 21:09:52.963] [WorldPop] Cells to spawn: 113, already spawned: 0
[2026-06-23 21:09:53.926] [WorldPop] Player moved to grid (24,44) fast=False, spawnRadius=6, despawnRadius=10
[2026-06-23 21:09:53.926] [WorldPop] Cells to spawn: 113, already spawned: 0
[2026-06-23 21:09:53.940] [WorldPop] Player moved to grid (24,49) fast=False, spawnRadius=6, despawnRadius=10
[2026-06-23 21:09:53.940] [WorldPop] Cells to spawn: 113, already spawned: 0
[2026-06-23 21:09:54.915] [WorldPop] Player moved to grid (24,44) fast=False, spawnRadius=6, despawnRadius=10
[2026-06-23 21:09:54.916] [WorldPop] Cells to spawn: 113, already spawned: 0
[2026-06-23 21:09:54.982] [WorldPop] Player moved to grid (24,49) fast=False, spawnRadius=6, despawnRadius=10
[2026-06-23 21:09:54.983] [WorldPop] Cells to spawn: 113, already spawned: 0
[2026-06-23 21:09:55.923] [WorldPop] Player moved to grid (24,44) fast=False, spawnRadius=6, despawnRadius=10
[2026-06-23 21:09:55.923] [WorldPop] Cells to spawn: 113, already spawned: 0
[2026-06-23 21:09:55.955] [WorldPop] Player moved to grid (24,49) fast=False, spawnRadius=6, despawnRadius=10
[2026-06-23 21:09:55.955] [WorldPop] Cells to spawn: 113, already spawned: 0
[2026-06-23 21:09:56.919] [WorldPop] Player moved to grid (24,44) fast=False, spawnRadius=6, despawnRadius=10
[2026-06-23 21:09:56.920] [WorldPop] Cells to spawn: 113, already spawned: 0
[2026-06-23 21:09:56.970] [WorldPop] Player moved to grid (24,49) fast=False, spawnRadius=6, despawnRadius=10
[2026-06-23 21:09:56.970] [WorldPop] Cells to spawn: 113, already spawned: 0
[2026-06-23 21:09:57.937] [WorldPop] Player moved to grid (24,45) fast=False, spawnRadius=6, despawnRadius=10
[2026-06-23 21:09:57.938] [WorldPop] Cells to spawn: 113, already spawned: 0
[2026-06-23 21:09:57.949] [WorldPop] Player moved to grid (24,49) fast=False, spawnRadius=6, despawnRadius=10
[2026-06-23 21:09:57.949] [WorldPop] Cells to spawn: 113, already spawned: 0
[2026-06-23 21:09:58.922] [WorldPop] Player moved to grid (24,45) fast=False, spawnRadius=6, despawnRadius=10
[2026-06-23 21:09:58.922] [WorldPop] Cells to spawn: 113, already spawned: 0
[2026-06-23 21:09:58.989] [WorldPop] Player moved to grid (24,49) fast=False, spawnRadius=6, despawnRadius=10
[2026-06-23 21:09:58.990] [WorldPop] Cells to spawn: 113, already spawned: 0
[2026-06-23 21:09:59.909] [WorldPop] Player moved to grid (24,45) fast=False, spawnRadius=6, despawnRadius=10
[2026-06-23 21:09:59.913] [WorldPop] Cells to spawn: 113, already spawned: 0
[2026-06-23 21:09:59.940] [WorldPop] Player moved to grid (24,49) fast=False, spawnRadius=6, despawnRadius=10
[2026-06-23 21:09:59.941] [WorldPop] Cells to spawn: 113, already spawned: 0
[2026-06-23 21:10:00.924] [WorldPop] Player moved to grid (24,45) fast=False, spawnRadius=6, despawnRadius=10
[2026-06-23 21:10:00.924] [WorldPop] Cells to spawn: 113, already spawned: 0
[2026-06-23 21:10:00.986] [WorldPop] Player moved to grid (24,49) fast=False, spawnRadius=6, despawnRadius=10
[2026-06-23 21:10:00.986] [WorldPop] Cells to spawn: 113, already spawned: 0
[2026-06-23 21:10:01.921] [WorldPop] Player moved to grid (24,45) fast=False, spawnRadius=6, despawnRadius=10
[2026-06-23 21:10:01.922] [WorldPop] Cells to spawn: 113, already spawned: 0
[2026-06-23 21:10:01.939] [WorldPop] Player moved to grid (24,49) fast=False, spawnRadius=6, despawnRadius=10
[2026-06-23 21:10:01.940] [WorldPop] Cells to spawn: 113, already spawned: 0
[2026-06-23 21:10:02.938] [WorldPop] Player moved to grid (24,46) fast=False, spawnRadius=6, despawnRadius=10
[2026-06-23 21:10:02.939] [WorldPop] Cells to spawn: 113, already spawned: 0
[2026-06-23 21:10:02.974] [WorldPop] Player moved to grid (24,49) fast=False, spawnRadius=6, despawnRadius=10
[2026-06-23 21:10:02.974] [WorldPop] Cells to spawn: 113, already spawned: 0
[2026-06-23 21:10:03.914] [WorldPop] Player moved to grid (24,46) fast=False, spawnRadius=6, despawnRadius=10
[2026-06-23 21:10:03.914] [WorldPop] Cells to spawn: 113, already spawned: 0
[2026-06-23 21:10:03.946] [WorldPop] Player moved to grid (24,49) fast=False, spawnRadius=6, despawnRadius=10
[2026-06-23 21:10:03.946] [WorldPop] Cells to spawn: 113, already spawned: 0
[2026-06-23 21:10:04.908] [WorldPop] Player moved to grid (25,47) fast=False, spawnRadius=6, despawnRadius=10
[2026-06-23 21:10:04.908] [WorldPop] Cells to spawn: 113, already spawned: 0
[2026-06-23 21:10:04.961] [WorldPop] Player moved to grid (24,49) fast=False, spawnRadius=6, despawnRadius=10
[2026-06-23 21:10:04.961] [WorldPop] Cells to spawn: 113, already spawned: 0
[2026-06-23 21:10:05.923] [WorldPop] Player moved to grid (25,48) fast=False, spawnRadius=6, despawnRadius=10
[2026-06-23 21:10:05.924] [WorldPop] Cells to spawn: 113, already spawned: 0
[2026-06-23 21:10:05.934] [WorldPop] Player moved to grid (24,49) fast=False, spawnRadius=6, despawnRadius=10
[2026-06-23 21:10:05.934] [WorldPop] Cells to spawn: 113, already spawned: 0
[2026-06-23 21:10:06.907] [WorldPop] Player moved to grid (25,48) fast=False, spawnRadius=6, despawnRadius=10
[2026-06-23 21:10:06.907] [WorldPop] Cells to spawn: 113, already spawned: 0
[2026-06-23 21:10:06.990] [WorldPop] Player moved to grid (24,49) fast=False, spawnRadius=6, despawnRadius=10
[2026-06-23 21:10:06.991] [WorldPop] Cells to spawn: 113, already spawned: 0
[2026-06-23 21:10:07.911] [WorldPop] Player moved to grid (25,49) fast=False, spawnRadius=6, despawnRadius=10
[2026-06-23 21:10:07.912] [WorldPop] Cells to spawn: 113, already spawned: 0
[2026-06-23 21:10:07.940] [WorldPop] Player moved to grid (24,49) fast=False, spawnRadius=6, despawnRadius=10
[2026-06-23 21:10:07.940] [WorldPop] Cells to spawn: 113, already spawned: 0
[2026-06-23 21:10:16.907] [WorldPop] Player moved to grid (23,49) fast=False, spawnRadius=6, despawnRadius=10
[2026-06-23 21:10:16.908] [WorldPop] Cells to spawn: 113, already spawned: 0
[2026-06-23 21:10:16.975] [WorldPop] Player moved to grid (24,49) fast=False, spawnRadius=6, despawnRadius=10
[2026-06-23 21:10:16.976] [WorldPop] Cells to spawn: 113, already spawned: 0
[2026-06-23 21:10:17.914] [WorldPop] Player moved to grid (24,50) fast=False, spawnRadius=6, despawnRadius=10
[2026-06-23 21:10:17.914] [WorldPop] Cells to spawn: 113, already spawned: 0
[2026-06-23 21:10:17.931] [WorldPop] Player moved to grid (24,49) fast=False, spawnRadius=6, despawnRadius=10
[2026-06-23 21:10:17.931] [WorldPop] Cells to spawn: 113, already spawned: 0
[2026-06-23 21:10:20.912] [WorldPop] Player moved to grid (25,49) fast=False, spawnRadius=6, despawnRadius=10
[2026-06-23 21:10:20.913] [WorldPop] Cells to spawn: 113, already spawned: 0
[2026-06-23 21:10:20.965] [WorldPop] Player moved to grid (24,49) fast=False, spawnRadius=6, despawnRadius=10
[2026-06-23 21:10:20.966] [WorldPop] Cells to spawn: 113, already spawned: 0
[2026-06-23 21:10:24.906] [WorldPop] Player moved to grid (23,49) fast=False, spawnRadius=6, despawnRadius=10
[2026-06-23 21:10:24.906] [WorldPop] Cells to spawn: 113, already spawned: 0
[2026-06-23 21:10:24.962] [WorldPop] Player moved to grid (24,49) fast=False, spawnRadius=6, despawnRadius=10
[2026-06-23 21:10:24.962] [WorldPop] Cells to spawn: 113, already spawned: 0
[2026-06-23 21:10:28.924] [WorldPop] Player moved to grid (25,49) fast=False, spawnRadius=6, despawnRadius=10
[2026-06-23 21:10:28.925] [WorldPop] Cells to spawn: 113, already spawned: 0
[2026-06-23 21:10:28.958] [WorldPop] Player moved to grid (24,49) fast=False, spawnRadius=6, despawnRadius=10
[2026-06-23 21:10:28.958] [WorldPop] Cells to spawn: 113, already spawned: 0
[2026-06-23 21:10:29.926] [WorldPop] Player moved to grid (25,49) fast=False, spawnRadius=6, despawnRadius=10
[2026-06-23 21:10:29.927] [WorldPop] Cells to spawn: 113, already spawned: 0
[2026-06-23 21:10:29.938] [WorldPop] Player moved to grid (24,49) fast=False, spawnRadius=6, despawnRadius=10
[2026-06-23 21:10:29.938] [WorldPop] Cells to spawn: 113, already spawned: 0
[2026-06-23 21:10:30.915] [WorldPop] Player moved to grid (25,49) fast=False, spawnRadius=6, despawnRadius=10
[2026-06-23 21:10:30.915] [WorldPop] Cells to spawn: 113, already spawned: 0
[2026-06-23 21:10:30.983] [WorldPop] Player moved to grid (24,49) fast=False, spawnRadius=6, despawnRadius=10
[2026-06-23 21:10:31.338] [WorldPop] Cells to spawn: 113, already spawned: 0
[2026-06-23 21:10:31.914] [WorldPop] Player moved to grid (25,49) fast=False, spawnRadius=6, despawnRadius=10
[2026-06-23 21:10:31.914] [WorldPop] Cells to spawn: 113, already spawned: 0
[2026-06-23 21:10:31.946] [WorldPop] Player moved to grid (24,49) fast=False, spawnRadius=6, despawnRadius=10
[2026-06-23 21:10:32.233] [WorldPop] Cells to spawn: 113, already spawned: 0
[2026-06-23 21:10:51.131] [WorldPop] Player moved to grid (24,49) fast=True, spawnRadius=12, despawnRadius=20
[2026-06-23 21:10:51.131] [WorldPop] Cells to spawn: 441, already spawned: 0
[2026-06-23 21:11:10.572] [WorldPop] Player moved to grid (25,49) fast=False, spawnRadius=6, despawnRadius=10
[2026-06-23 21:11:10.572] [WorldPop] Cells to spawn: 113, already spawned: 0
[2026-06-23 21:11:10.605] [WorldPop] Player moved to grid (24,49) fast=False, spawnRadius=6, despawnRadius=10
[2026-06-23 21:11:10.605] [WorldPop] Cells to spawn: 113, already spawned: 0
[2026-06-23 21:11:11.589] [WorldPop] Player moved to grid (25,49) fast=False, spawnRadius=6, despawnRadius=10
[2026-06-23 21:11:11.589] [WorldPop] Cells to spawn: 113, already spawned: 0
[2026-06-23 21:11:11.649] [WorldPop] Player moved to grid (24,49) fast=False, spawnRadius=6, despawnRadius=10
[2026-06-23 21:11:11.650] [WorldPop] Cells to spawn: 113, already spawned: 0
[2026-06-23 21:11:12.577] [WorldPop] Player moved to grid (25,49) fast=False, spawnRadius=6, despawnRadius=10
[2026-06-23 21:11:12.577] [WorldPop] Cells to spawn: 113, already spawned: 0
[2026-06-23 21:11:12.595] [WorldPop] Player moved to grid (24,49) fast=False, spawnRadius=6, despawnRadius=10
[2026-06-23 21:11:12.596] [WorldPop] Cells to spawn: 113, already spawned: 0
[2026-06-23 21:11:13.596] [WorldPop] Player moved to grid (25,49) fast=False, spawnRadius=6, despawnRadius=10
[2026-06-23 21:11:13.744] [WorldPop] Cells to spawn: 113, already spawned: 0
[2026-06-23 21:11:13.754] [WorldPop] Player moved to grid (24,49) fast=False, spawnRadius=6, despawnRadius=10
[2026-06-23 21:11:13.754] [WorldPop] Cells to spawn: 113, already spawned: 0
[2026-06-23 21:11:17.573] [WorldPop] Player moved to grid (25,49) fast=False, spawnRadius=6, despawnRadius=10
[2026-06-23 21:11:17.574] [WorldPop] Cells to spawn: 113, already spawned: 0
[2026-06-23 21:11:17.629] [WorldPop] Player moved to grid (24,49) fast=False, spawnRadius=6, despawnRadius=10
[2026-06-23 21:11:17.630] [WorldPop] Cells to spawn: 113, already spawned: 0
[2026-06-23 21:11:18.587] [WorldPop] Player moved to grid (25,50) fast=False, spawnRadius=6, despawnRadius=10
[2026-06-23 21:11:18.588] [WorldPop] Cells to spawn: 113, already spawned: 0
[2026-06-23 21:11:18.627] [WorldPop] Player moved to grid (24,49) fast=False, spawnRadius=6, despawnRadius=10
[2026-06-23 21:11:18.627] [WorldPop] Cells to spawn: 113, already spawned: 0
[2026-06-23 21:11:19.579] [WorldPop] Player moved to grid (25,49) fast=False, spawnRadius=6, despawnRadius=10
[2026-06-23 21:11:19.579] [WorldPop] Cells to spawn: 113, already spawned: 0
[2026-06-23 21:11:19.595] [WorldPop] Player moved to grid (24,49) fast=False, spawnRadius=6, despawnRadius=10
[2026-06-23 21:11:19.595] [WorldPop] Cells to spawn: 113, already spawned: 0
[2026-06-23 21:11:20.594] [WorldPop] Player moved to grid (25,50) fast=False, spawnRadius=6, despawnRadius=10
[2026-06-23 21:11:20.595] [WorldPop] Cells to spawn: 113, already spawned: 0
[2026-06-23 21:11:20.627] [WorldPop] Player moved to grid (24,49) fast=False, spawnRadius=6, despawnRadius=10
[2026-06-23 21:11:20.627] [WorldPop] Cells to spawn: 113, already spawned: 0
[2026-06-23 21:11:21.592] [WorldPop] Player moved to grid (25,50) fast=False, spawnRadius=6, despawnRadius=10
[2026-06-23 21:11:21.593] [WorldPop] Cells to spawn: 113, already spawned: 0
[2026-06-23 21:11:21.603] [WorldPop] Player moved to grid (24,49) fast=False, spawnRadius=6, despawnRadius=10
[2026-06-23 21:11:21.604] [WorldPop] Cells to spawn: 113, already spawned: 0
[2026-06-23 21:11:22.580] [WorldPop] Player moved to grid (25,50) fast=False, spawnRadius=6, despawnRadius=10
[2026-06-23 21:11:22.880] [WorldPop] Cells to spawn: 113, already spawned: 0
[2026-06-23 21:11:22.904] [WorldPop] Player moved to grid (24,49) fast=False, spawnRadius=6, despawnRadius=10
[2026-06-23 21:11:22.905] [WorldPop] Cells to spawn: 113, already spawned: 0
[2026-06-23 21:11:23.572] [WorldPop] Player moved to grid (25,49) fast=False, spawnRadius=6, despawnRadius=10
[2026-06-23 21:11:23.573] [WorldPop] Cells to spawn: 113, already spawned: 0
[2026-06-23 21:11:23.602] [WorldPop] Player moved to grid (24,49) fast=False, spawnRadius=6, despawnRadius=10
[2026-06-23 21:11:23.602] [WorldPop] Cells to spawn: 113, already spawned: 0
[2026-06-23 21:11:26.575] [WorldPop] Player moved to grid (23,49) fast=False, spawnRadius=6, despawnRadius=10
[2026-06-23 21:11:26.575] [WorldPop] Cells to spawn: 113, already spawned: 0
[2026-06-23 21:11:26.627] [WorldPop] Player moved to grid (24,49) fast=False, spawnRadius=6, despawnRadius=10
[2026-06-23 21:11:26.627] [WorldPop] Cells to spawn: 113, already spawned: 0
[2026-06-23 21:11:27.052] [WorldPop] Player moved to grid (24,49) fast=True, spawnRadius=12, despawnRadius=20
[2026-06-23 21:11:27.052] [WorldPop] Cells to spawn: 441, already spawned: 0
[2026-06-23 21:11:27.587] [WorldPop] Player moved to grid (23,49) fast=False, spawnRadius=6, despawnRadius=10
[2026-06-23 21:11:27.587] [WorldPop] Cells to spawn: 113, already spawned: 0
[2026-06-23 21:11:27.600] [WorldPop] Player moved to grid (24,49) fast=False, spawnRadius=6, despawnRadius=10
[2026-06-23 21:11:27.600] [WorldPop] Cells to spawn: 113, already spawned: 0
[2026-06-23 21:11:28.584] [WorldPop] Player moved to grid (22,49) fast=False, spawnRadius=6, despawnRadius=10
[2026-06-23 21:11:28.585] [WorldPop] Cells to spawn: 113, already spawned: 0
[2026-06-23 21:11:31.181] [WorldPop] Player moved to grid (24,49) fast=False, spawnRadius=6, despawnRadius=10
[2026-06-23 21:11:31.189] [WorldPop] Cells to spawn: 113, already spawned: 0
[2026-06-23 21:11:31.529] [WorldPop] Player moved to grid (21,49) fast=False, spawnRadius=6, despawnRadius=10
[2026-06-23 21:11:31.529] [WorldPop] Cells to spawn: 113, already spawned: 0
[2026-06-23 21:11:31.540] [WorldPop] Player moved to grid (24,49) fast=False, spawnRadius=6, despawnRadius=10
[2026-06-23 21:11:31.540] [WorldPop] Cells to spawn: 113, already spawned: 0
[2026-06-23 21:11:32.670] [WorldPop] Player moved to grid (21,49) fast=False, spawnRadius=6, despawnRadius=10
[2026-06-23 21:11:32.695] [WorldPop] Cells to spawn: 113, already spawned: 0
[2026-06-23 21:11:32.729] [WorldPop] Player moved to grid (24,49) fast=False, spawnRadius=6, despawnRadius=10
[2026-06-23 21:11:32.729] [WorldPop] Cells to spawn: 113, already spawned: 0
[2026-06-23 21:11:33.810] [WorldPop] Player moved to grid (21,48) fast=False, spawnRadius=6, despawnRadius=10
[2026-06-23 21:11:33.810] [WorldPop] Cells to spawn: 113, already spawned: 0
[2026-06-23 21:11:33.856] [WorldPop] Player moved to grid (24,49) fast=False, spawnRadius=6, despawnRadius=10
[2026-06-23 21:11:33.856] [WorldPop] Cells to spawn: 113, already spawned: 0
[2026-06-23 21:11:34.821] [WorldPop] Player moved to grid (21,48) fast=False, spawnRadius=6, despawnRadius=10
[2026-06-23 21:11:34.821] [WorldPop] Cells to spawn: 113, already spawned: 0
[2026-06-23 21:11:34.835] [WorldPop] Player moved to grid (24,49) fast=False, spawnRadius=6, despawnRadius=10
[2026-06-23 21:11:34.835] [WorldPop] Cells to spawn: 113, already spawned: 0
[2026-06-23 21:11:35.808] [WorldPop] Player moved to grid (21,48) fast=False, spawnRadius=6, despawnRadius=10
[2026-06-23 21:11:35.808] [WorldPop] Cells to spawn: 113, already spawned: 0
[2026-06-23 21:11:35.869] [WorldPop] Player moved to grid (24,49) fast=False, spawnRadius=6, despawnRadius=10
[2026-06-23 21:11:35.869] [WorldPop] Cells to spawn: 113, already spawned: 0
[2026-06-23 21:11:36.793] [WorldPop] Player moved to grid (21,48) fast=False, spawnRadius=6, despawnRadius=10
[2026-06-23 21:11:36.882] [WorldPop] Cells to spawn: 113, already spawned: 0
[2026-06-23 21:11:36.895] [WorldPop] Player moved to grid (24,49) fast=False, spawnRadius=6, despawnRadius=10
[2026-06-23 21:11:36.895] [WorldPop] Cells to spawn: 113, already spawned: 0
[2026-06-23 21:11:37.805] [WorldPop] Player moved to grid (21,48) fast=False, spawnRadius=6, despawnRadius=10
[2026-06-23 21:11:37.806] [WorldPop] Cells to spawn: 113, already spawned: 0
[2026-06-23 21:11:37.832] [WorldPop] Player moved to grid (24,49) fast=False, spawnRadius=6, despawnRadius=10
[2026-06-23 21:11:37.832] [WorldPop] Cells to spawn: 113, already spawned: 0
[2026-06-23 21:11:39.095] [WorldPop] Player moved to grid (21,48) fast=False, spawnRadius=6, despawnRadius=10
[2026-06-23 21:11:39.095] [WorldPop] Cells to spawn: 113, already spawned: 0
[2026-06-23 21:11:39.106] [WorldPop] Player moved to grid (24,49) fast=False, spawnRadius=6, despawnRadius=10
[2026-06-23 21:11:39.106] [WorldPop] Cells to spawn: 113, already spawned: 0
[2026-06-23 21:11:40.027] [WorldPop] Player moved to grid (21,48) fast=False, spawnRadius=6, despawnRadius=10
[2026-06-23 21:11:40.027] [WorldPop] Cells to spawn: 113, already spawned: 0
[2026-06-23 21:11:40.053] [WorldPop] Player moved to grid (24,49) fast=False, spawnRadius=6, despawnRadius=10
[2026-06-23 21:11:40.054] [WorldPop] Cells to spawn: 113, already spawned: 0
[2026-06-23 21:11:40.867] [WorldPop] Player moved to grid (21,48) fast=False, spawnRadius=6, despawnRadius=10
[2026-06-23 21:11:40.867] [WorldPop] Cells to spawn: 113, already spawned: 0
[2026-06-23 21:11:40.885] [WorldPop] Player moved to grid (24,49) fast=False, spawnRadius=6, despawnRadius=10
[2026-06-23 21:11:40.885] [WorldPop] Cells to spawn: 113, already spawned: 0
[2026-06-23 21:11:41.870] [WorldPop] Player moved to grid (21,48) fast=False, spawnRadius=6, despawnRadius=10
[2026-06-23 21:11:41.870] [WorldPop] Cells to spawn: 113, already spawned: 0
[2026-06-23 21:11:41.929] [WorldPop] Player moved to grid (24,49) fast=False, spawnRadius=6, despawnRadius=10
[2026-06-23 21:11:41.929] [WorldPop] Cells to spawn: 113, already spawned: 0
[2026-06-23 21:11:42.871] [WorldPop] Player moved to grid (21,48) fast=False, spawnRadius=6, despawnRadius=10
[2026-06-23 21:11:42.871] [WorldPop] Cells to spawn: 113, already spawned: 0
[2026-06-23 21:11:42.884] [WorldPop] Player moved to grid (24,49) fast=False, spawnRadius=6, despawnRadius=10
[2026-06-23 21:11:42.885] [WorldPop] Cells to spawn: 113, already spawned: 0
[2026-06-23 21:11:43.855] [WorldPop] Player moved to grid (21,48) fast=False, spawnRadius=6, despawnRadius=10
[2026-06-23 21:11:43.855] [WorldPop] Cells to spawn: 113, already spawned: 0
[2026-06-23 21:11:43.930] [WorldPop] Player moved to grid (24,49) fast=False, spawnRadius=6, despawnRadius=10
[2026-06-23 21:11:43.931] [WorldPop] Cells to spawn: 113, already spawned: 0
[2026-06-23 21:11:44.867] [WorldPop] Player moved to grid (21,48) fast=False, spawnRadius=6, despawnRadius=10
[2026-06-23 21:11:44.867] [WorldPop] Cells to spawn: 113, already spawned: 0
[2026-06-23 21:11:44.884] [WorldPop] Player moved to grid (24,49) fast=False, spawnRadius=6, despawnRadius=10
[2026-06-23 21:11:44.884] [WorldPop] Cells to spawn: 113, already spawned: 0
[2026-06-23 21:11:45.865] [WorldPop] Player moved to grid (21,48) fast=False, spawnRadius=6, despawnRadius=10
[2026-06-23 21:11:45.866] [WorldPop] Cells to spawn: 113, already spawned: 0
[2026-06-23 21:11:45.929] [WorldPop] Player moved to grid (24,49) fast=False, spawnRadius=6, despawnRadius=10
[2026-06-23 21:11:45.929] [WorldPop] Cells to spawn: 113, already spawned: 0
[2026-06-23 21:11:46.864] [WorldPop] Player moved to grid (21,48) fast=False, spawnRadius=6, despawnRadius=10
[2026-06-23 21:11:46.864] [WorldPop] Cells to spawn: 113, already spawned: 0
[2026-06-23 21:11:46.985] [WorldPop] Player moved to grid (24,49) fast=False, spawnRadius=6, despawnRadius=10
[2026-06-23 21:11:46.985] [WorldPop] Cells to spawn: 113, already spawned: 0
[2026-06-23 21:11:47.857] [WorldPop] Player moved to grid (21,48) fast=False, spawnRadius=6, despawnRadius=10
[2026-06-23 21:11:47.857] [WorldPop] Cells to spawn: 113, already spawned: 0
[2026-06-23 21:11:47.934] [WorldPop] Player moved to grid (24,49) fast=False, spawnRadius=6, despawnRadius=10
[2026-06-23 21:11:47.934] [WorldPop] Cells to spawn: 113, already spawned: 0
[2026-06-23 21:11:48.868] [WorldPop] Player moved to grid (21,48) fast=False, spawnRadius=6, despawnRadius=10
[2026-06-23 21:11:48.868] [WorldPop] Cells to spawn: 113, already spawned: 0
[2026-06-23 21:11:48.885] [WorldPop] Player moved to grid (24,49) fast=False, spawnRadius=6, despawnRadius=10
[2026-06-23 21:11:48.885] [WorldPop] Cells to spawn: 113, already spawned: 0
[2026-06-23 21:11:49.861] [WorldPop] Player moved to grid (21,48) fast=False, spawnRadius=6, despawnRadius=10
[2026-06-23 21:11:49.861] [WorldPop] Cells to spawn: 113, already spawned: 0
[2026-06-23 21:11:49.940] [WorldPop] Player moved to grid (24,49) fast=False, spawnRadius=6, despawnRadius=10
[2026-06-23 21:11:49.940] [WorldPop] Cells to spawn: 113, already spawned: 0
[2026-06-23 21:11:50.865] [WorldPop] Player moved to grid (21,48) fast=False, spawnRadius=6, despawnRadius=10
[2026-06-23 21:11:50.866] [WorldPop] Cells to spawn: 113, already spawned: 0
[2026-06-23 21:11:50.878] [WorldPop] Player moved to grid (24,49) fast=False, spawnRadius=6, despawnRadius=10
[2026-06-23 21:11:50.878] [WorldPop] Cells to spawn: 113, already spawned: 0
[2026-06-23 21:11:51.870] [WorldPop] Player moved to grid (21,48) fast=False, spawnRadius=6, despawnRadius=10
[2026-06-23 21:11:51.870] [WorldPop] Cells to spawn: 113, already spawned: 0
[2026-06-23 21:11:51.931] [WorldPop] Player moved to grid (24,49) fast=False, spawnRadius=6, despawnRadius=10
[2026-06-23 21:11:51.931] [WorldPop] Cells to spawn: 113, already spawned: 0
[2026-06-23 21:11:52.867] [WorldPop] Player moved to grid (21,48) fast=False, spawnRadius=6, despawnRadius=10
[2026-06-23 21:11:52.868] [WorldPop] Cells to spawn: 113, already spawned: 0
[2026-06-23 21:11:52.884] [WorldPop] Player moved to grid (24,49) fast=False, spawnRadius=6, despawnRadius=10
[2026-06-23 21:11:52.885] [WorldPop] Cells to spawn: 113, already spawned: 0
[2026-06-23 21:11:53.861] [WorldPop] Player moved to grid (21,48) fast=False, spawnRadius=6, despawnRadius=10
[2026-06-23 21:11:53.862] [WorldPop] Cells to spawn: 113, already spawned: 0
[2026-06-23 21:11:53.938] [WorldPop] Player moved to grid (24,49) fast=False, spawnRadius=6, despawnRadius=10
[2026-06-23 21:11:53.939] [WorldPop] Cells to spawn: 113, already spawned: 0
[2026-06-23 21:11:54.868] [WorldPop] Player moved to grid (21,48) fast=False, spawnRadius=6, despawnRadius=10
[2026-06-23 21:11:54.869] [WorldPop] Cells to spawn: 113, already spawned: 0
[2026-06-23 21:11:54.885] [WorldPop] Player moved to grid (24,49) fast=False, spawnRadius=6, despawnRadius=10
[2026-06-23 21:11:55.044] [WorldPop] Cells to spawn: 113, already spawned: 0
[2026-06-23 21:11:55.868] [WorldPop] Player moved to grid (21,48) fast=False, spawnRadius=6, despawnRadius=10
[2026-06-23 21:11:55.868] [WorldPop] Cells to spawn: 113, already spawned: 0
[2026-06-23 21:11:55.927] [WorldPop] Player moved to grid (24,49) fast=False, spawnRadius=6, despawnRadius=10
[2026-06-23 21:11:55.927] [WorldPop] Cells to spawn: 113, already spawned: 0
[2026-06-23 21:11:56.861] [WorldPop] Player moved to grid (21,48) fast=False, spawnRadius=6, despawnRadius=10
[2026-06-23 21:11:56.861] [WorldPop] Cells to spawn: 113, already spawned: 0
[2026-06-23 21:11:56.878] [WorldPop] Player moved to grid (24,49) fast=False, spawnRadius=6, despawnRadius=10
[2026-06-23 21:11:56.878] [WorldPop] Cells to spawn: 113, already spawned: 0
[2026-06-23 21:11:57.867] [WorldPop] Player moved to grid (21,48) fast=False, spawnRadius=6, despawnRadius=10
[2026-06-23 21:11:57.868] [WorldPop] Cells to spawn: 113, already spawned: 0
[2026-06-23 21:11:57.927] [WorldPop] Player moved to grid (24,49) fast=True, spawnRadius=12, despawnRadius=20
[2026-06-23 21:11:57.928] [WorldPop] Cells to spawn: 441, already spawned: 0
[2026-06-23 21:11:58.860] [WorldPop] Player moved to grid (21,48) fast=False, spawnRadius=6, despawnRadius=10
[2026-06-23 21:11:58.860] [WorldPop] Cells to spawn: 113, already spawned: 0
[2026-06-23 21:11:58.880] [WorldPop] Player moved to grid (24,49) fast=False, spawnRadius=6, despawnRadius=10
[2026-06-23 21:11:58.880] [WorldPop] Cells to spawn: 113, already spawned: 0
[2026-06-23 21:11:59.857] [WorldPop] Player moved to grid (21,48) fast=False, spawnRadius=6, despawnRadius=10
[2026-06-23 21:11:59.857] [WorldPop] Cells to spawn: 113, already spawned: 0
[2026-06-23 21:11:59.942] [WorldPop] Player moved to grid (24,49) fast=False, spawnRadius=6, despawnRadius=10
[2026-06-23 21:11:59.943] [WorldPop] Cells to spawn: 113, already spawned: 0
[2026-06-23 21:12:00.856] [WorldPop] Player moved to grid (21,48) fast=False, spawnRadius=6, despawnRadius=10
[2026-06-23 21:12:00.857] [WorldPop] Cells to spawn: 113, already spawned: 0
[2026-06-23 21:12:00.872] [WorldPop] Player moved to grid (24,49) fast=False, spawnRadius=6, despawnRadius=10
[2026-06-23 21:12:00.872] [WorldPop] Cells to spawn: 113, already spawned: 0
[2026-06-23 21:12:01.863] [WorldPop] Player moved to grid (21,48) fast=False, spawnRadius=6, despawnRadius=10
[2026-06-23 21:12:01.863] [WorldPop] Cells to spawn: 113, already spawned: 0
[2026-06-23 21:12:01.916] [WorldPop] Player moved to grid (24,49) fast=False, spawnRadius=6, despawnRadius=10
[2026-06-23 21:12:01.917] [WorldPop] Cells to spawn: 113, already spawned: 0
[2026-06-23 21:12:03.116] [WorldPop] Player moved to grid (21,48) fast=False, spawnRadius=6, despawnRadius=10
[2026-06-23 21:12:03.117] [WorldPop] Cells to spawn: 113, already spawned: 0
[2026-06-23 21:12:03.130] [WorldPop] Player moved to grid (24,49) fast=False, spawnRadius=6, despawnRadius=10
[2026-06-23 21:12:03.130] [WorldPop] Cells to spawn: 113, already spawned: 0
[2026-06-23 21:12:03.864] [WorldPop] Player moved to grid (21,48) fast=False, spawnRadius=6, despawnRadius=10
[2026-06-23 21:12:03.864] [WorldPop] Cells to spawn: 113, already spawned: 0
[2026-06-23 21:12:03.911] [WorldPop] Player moved to grid (24,49) fast=False, spawnRadius=6, despawnRadius=10
[2026-06-23 21:12:03.911] [WorldPop] Cells to spawn: 113, already spawned: 0
[2026-06-23 21:12:04.867] [WorldPop] Player moved to grid (21,48) fast=False, spawnRadius=6, despawnRadius=10
[2026-06-23 21:12:04.868] [WorldPop] Cells to spawn: 113, already spawned: 0
[2026-06-23 21:12:04.883] [WorldPop] Player moved to grid (24,49) fast=False, spawnRadius=6, despawnRadius=10
[2026-06-23 21:12:04.883] [WorldPop] Cells to spawn: 113, already spawned: 0
[2026-06-23 21:12:05.857] [WorldPop] Player moved to grid (21,48) fast=False, spawnRadius=6, despawnRadius=10
[2026-06-23 21:12:05.857] [WorldPop] Cells to spawn: 113, already spawned: 0
[2026-06-23 21:12:05.923] [WorldPop] Player moved to grid (24,49) fast=False, spawnRadius=6, despawnRadius=10
[2026-06-23 21:12:05.934] [WorldPop] Cells to spawn: 113, already spawned: 0
[2026-06-23 21:12:06.868] [WorldPop] Player moved to grid (21,48) fast=False, spawnRadius=6, despawnRadius=10
[2026-06-23 21:12:06.868] [WorldPop] Cells to spawn: 113, already spawned: 0
[2026-06-23 21:12:06.883] [WorldPop] Player moved to grid (24,49) fast=False, spawnRadius=6, despawnRadius=10
[2026-06-23 21:12:06.884] [WorldPop] Cells to spawn: 113, already spawned: 0
[2026-06-23 21:12:07.867] [WorldPop] Player moved to grid (21,48) fast=False, spawnRadius=6, despawnRadius=10
[2026-06-23 21:12:07.867] [WorldPop] Cells to spawn: 113, already spawned: 0
[2026-06-23 21:12:07.929] [WorldPop] Player moved to grid (24,49) fast=False, spawnRadius=6, despawnRadius=10
[2026-06-23 21:12:07.929] [WorldPop] Cells to spawn: 113, already spawned: 0
[2026-06-23 21:12:08.869] [WorldPop] Player moved to grid (21,48) fast=False, spawnRadius=6, despawnRadius=10
[2026-06-23 21:12:08.869] [WorldPop] Cells to spawn: 113, already spawned: 0
[2026-06-23 21:12:08.880] [WorldPop] Player moved to grid (24,49) fast=False, spawnRadius=6, despawnRadius=10
[2026-06-23 21:12:08.880] [WorldPop] Cells to spawn: 113, already spawned: 0
[2026-06-23 21:12:09.861] [WorldPop] Player moved to grid (21,48) fast=False, spawnRadius=6, despawnRadius=10
[2026-06-23 21:12:09.862] [WorldPop] Cells to spawn: 113, already spawned: 0
[2026-06-23 21:12:09.928] [WorldPop] Player moved to grid (24,49) fast=False, spawnRadius=6, despawnRadius=10
[2026-06-23 21:12:09.928] [WorldPop] Cells to spawn: 113, already spawned: 0
[2026-06-23 21:12:10.860] [WorldPop] Player moved to grid (21,48) fast=False, spawnRadius=6, despawnRadius=10
[2026-06-23 21:12:10.861] [WorldPop] Cells to spawn: 113, already spawned: 0
[2026-06-23 21:12:10.881] [WorldPop] Player moved to grid (24,49) fast=False, spawnRadius=6, despawnRadius=10
[2026-06-23 21:12:10.974] [WorldPop] Cells to spawn: 113, already spawned: 0
[2026-06-23 21:12:11.854] [WorldPop] Player moved to grid (21,48) fast=False, spawnRadius=6, despawnRadius=10
[2026-06-23 21:12:11.854] [WorldPop] Cells to spawn: 113, already spawned: 0
[2026-06-23 21:12:11.936] [WorldPop] Player moved to grid (24,49) fast=False, spawnRadius=6, despawnRadius=10
[2026-06-23 21:12:11.937] [WorldPop] Cells to spawn: 113, already spawned: 0
[2026-06-23 21:12:12.857] [WorldPop] Player moved to grid (21,48) fast=False, spawnRadius=6, despawnRadius=10
[2026-06-23 21:12:12.857] [WorldPop] Cells to spawn: 113, already spawned: 0
[2026-06-23 21:12:12.872] [WorldPop] Player moved to grid (24,49) fast=False, spawnRadius=6, despawnRadius=10
[2026-06-23 21:12:12.872] [WorldPop] Cells to spawn: 113, already spawned: 0
[2026-06-23 21:12:13.859] [WorldPop] Player moved to grid (21,48) fast=False, spawnRadius=6, despawnRadius=10
[2026-06-23 21:12:13.859] [WorldPop] Cells to spawn: 113, already spawned: 0
[2026-06-23 21:12:13.926] [WorldPop] Player moved to grid (24,49) fast=False, spawnRadius=6, despawnRadius=10
[2026-06-23 21:12:13.927] [WorldPop] Cells to spawn: 113, already spawned: 0
[2026-06-23 21:12:14.868] [WorldPop] Player moved to grid (21,48) fast=False, spawnRadius=6, despawnRadius=10
[2026-06-23 21:12:15.159] [WorldPop] Cells to spawn: 113, already spawned: 0
[2026-06-23 21:12:15.172] [WorldPop] Player moved to grid (24,49) fast=False, spawnRadius=6, despawnRadius=10
[2026-06-23 21:12:15.173] [WorldPop] Cells to spawn: 113, already spawned: 0
[2026-06-23 21:12:15.859] [WorldPop] Player moved to grid (21,48) fast=False, spawnRadius=6, despawnRadius=10
[2026-06-23 21:12:15.859] [WorldPop] Cells to spawn: 113, already spawned: 0
[2026-06-23 21:12:15.922] [WorldPop] Player moved to grid (24,49) fast=False, spawnRadius=6, despawnRadius=10
[2026-06-23 21:12:15.922] [WorldPop] Cells to spawn: 113, already spawned: 0
[2026-06-23 21:12:16.863] [WorldPop] Player moved to grid (21,48) fast=False, spawnRadius=6, despawnRadius=10
[2026-06-23 21:12:16.864] [WorldPop] Cells to spawn: 113, already spawned: 0
[2026-06-23 21:12:16.878] [WorldPop] Player moved to grid (24,49) fast=False, spawnRadius=6, despawnRadius=10
[2026-06-23 21:12:16.879] [WorldPop] Cells to spawn: 113, already spawned: 0
[2026-06-23 21:12:17.866] [WorldPop] Player moved to grid (21,48) fast=False, spawnRadius=6, despawnRadius=10
[2026-06-23 21:12:17.866] [WorldPop] Cells to spawn: 113, already spawned: 0
[2026-06-23 21:12:17.913] [WorldPop] Player moved to grid (24,49) fast=False, spawnRadius=6, despawnRadius=10
[2026-06-23 21:12:17.913] [WorldPop] Cells to spawn: 113, already spawned: 0
[2026-06-23 21:12:18.863] [WorldPop] Player moved to grid (21,48) fast=False, spawnRadius=6, despawnRadius=10
[2026-06-23 21:12:18.863] [WorldPop] Cells to spawn: 113, already spawned: 0
[2026-06-23 21:12:18.878] [WorldPop] Player moved to grid (24,49) fast=False, spawnRadius=6, despawnRadius=10
[2026-06-23 21:12:18.878] [WorldPop] Cells to spawn: 113, already spawned: 0
[2026-06-23 21:12:19.861] [WorldPop] Player moved to grid (21,48) fast=False, spawnRadius=6, despawnRadius=10
[2026-06-23 21:12:19.861] [WorldPop] Cells to spawn: 113, already spawned: 0
[2026-06-23 21:12:19.920] [WorldPop] Player moved to grid (24,49) fast=False, spawnRadius=6, despawnRadius=10
[2026-06-23 21:12:19.921] [WorldPop] Cells to spawn: 113, already spawned: 0
[2026-06-23 21:12:20.866] [WorldPop] Player moved to grid (21,48) fast=False, spawnRadius=6, despawnRadius=10
[2026-06-23 21:12:20.866] [WorldPop] Cells to spawn: 113, already spawned: 0
[2026-06-23 21:12:20.881] [WorldPop] Player moved to grid (24,49) fast=False, spawnRadius=6, despawnRadius=10
[2026-06-23 21:12:20.882] [WorldPop] Cells to spawn: 113, already spawned: 0
[2026-06-23 21:12:21.860] [WorldPop] Player moved to grid (21,48) fast=False, spawnRadius=6, despawnRadius=10
[2026-06-23 21:12:21.860] [WorldPop] Cells to spawn: 113, already spawned: 0
[2026-06-23 21:12:21.923] [WorldPop] Player moved to grid (24,49) fast=False, spawnRadius=6, despawnRadius=10
[2026-06-23 21:12:21.923] [WorldPop] Cells to spawn: 113, already spawned: 0
[2026-06-23 21:12:22.861] [WorldPop] Player moved to grid (21,48) fast=False, spawnRadius=6, despawnRadius=10
[2026-06-23 21:12:22.861] [WorldPop] Cells to spawn: 113, already spawned: 0
[2026-06-23 21:12:22.876] [WorldPop] Player moved to grid (24,49) fast=False, spawnRadius=6, despawnRadius=10
[2026-06-23 21:12:22.876] [WorldPop] Cells to spawn: 113, already spawned: 0
[2026-06-23 21:12:23.857] [WorldPop] Player moved to grid (21,48) fast=False, spawnRadius=6, despawnRadius=10
[2026-06-23 21:12:23.858] [WorldPop] Cells to spawn: 113, already spawned: 0
[2026-06-23 21:12:23.920] [WorldPop] Player moved to grid (24,49) fast=False, spawnRadius=6, despawnRadius=10
[2026-06-23 21:12:23.921] [WorldPop] Cells to spawn: 113, already spawned: 0
[2026-06-23 21:12:24.861] [WorldPop] Player moved to grid (21,48) fast=False, spawnRadius=6, despawnRadius=10
[2026-06-23 21:12:24.862] [WorldPop] Cells to spawn: 113, already spawned: 0
[2026-06-23 21:12:24.873] [WorldPop] Player moved to grid (24,49) fast=False, spawnRadius=6, despawnRadius=10
[2026-06-23 21:12:24.893] [WorldPop] Cells to spawn: 113, already spawned: 0
[2026-06-23 21:12:25.874] [WorldPop] Player moved to grid (21,48) fast=False, spawnRadius=6, despawnRadius=10
[2026-06-23 21:12:25.874] [WorldPop] Cells to spawn: 113, already spawned: 0
[2026-06-23 21:12:25.920] [WorldPop] Player moved to grid (24,49) fast=False, spawnRadius=6, despawnRadius=10
[2026-06-23 21:12:25.920] [WorldPop] Cells to spawn: 113, already spawned: 0
[2026-06-23 21:12:26.869] [WorldPop] Player moved to grid (21,48) fast=False, spawnRadius=6, despawnRadius=10
[2026-06-23 21:12:26.870] [WorldPop] Cells to spawn: 113, already spawned: 0
[2026-06-23 21:12:26.881] [WorldPop] Player moved to grid (24,49) fast=False, spawnRadius=6, despawnRadius=10
[2026-06-23 21:12:27.151] [WorldPop] Cells to spawn: 113, already spawned: 0
[2026-06-23 21:12:27.859] [WorldPop] Player moved to grid (21,48) fast=False, spawnRadius=6, despawnRadius=10
[2026-06-23 21:12:27.859] [WorldPop] Cells to spawn: 113, already spawned: 0
[2026-06-23 21:12:27.922] [WorldPop] Player moved to grid (24,49) fast=False, spawnRadius=6, despawnRadius=10
[2026-06-23 21:12:28.170] [WorldPop] Cells to spawn: 113, already spawned: 0
[2026-06-23 21:12:28.863] [WorldPop] Player moved to grid (21,48) fast=False, spawnRadius=6, despawnRadius=10
[2026-06-23 21:12:28.863] [WorldPop] Cells to spawn: 113, already spawned: 0
[2026-06-23 21:12:28.876] [WorldPop] Player moved to grid (24,49) fast=False, spawnRadius=6, despawnRadius=10
[2026-06-23 21:12:28.876] [WorldPop] Cells to spawn: 113, already spawned: 0
[2026-06-23 21:12:29.866] [WorldPop] Player moved to grid (21,48) fast=False, spawnRadius=6, despawnRadius=10
[2026-06-23 21:12:29.866] [WorldPop] Cells to spawn: 113, already spawned: 0
[2026-06-23 21:12:29.913] [WorldPop] Player moved to grid (24,49) fast=False, spawnRadius=6, despawnRadius=10
[2026-06-23 21:12:29.932] [WorldPop] Cells to spawn: 113, already spawned: 0
[2026-06-23 21:12:30.862] [WorldPop] Player moved to grid (21,48) fast=False, spawnRadius=6, despawnRadius=10
[2026-06-23 21:12:30.862] [WorldPop] Cells to spawn: 113, already spawned: 0
[2026-06-23 21:12:30.880] [WorldPop] Player moved to grid (24,49) fast=False, spawnRadius=6, despawnRadius=10
[2026-06-23 21:12:30.880] [WorldPop] Cells to spawn: 113, already spawned: 0
[2026-06-23 21:12:31.858] [WorldPop] Player moved to grid (21,48) fast=False, spawnRadius=6, despawnRadius=10
[2026-06-23 21:12:31.859] [WorldPop] Cells to spawn: 113, already spawned: 0
[2026-06-23 21:12:31.921] [WorldPop] Player moved to grid (24,49) fast=False, spawnRadius=6, despawnRadius=10
[2026-06-23 21:12:31.921] [WorldPop] Cells to spawn: 113, already spawned: 0
[2026-06-23 21:12:32.869] [WorldPop] Player moved to grid (21,48) fast=False, spawnRadius=6, despawnRadius=10
[2026-06-23 21:12:32.869] [WorldPop] Cells to spawn: 113, already spawned: 0
[2026-06-23 21:12:32.883] [WorldPop] Player moved to grid (24,49) fast=False, spawnRadius=6, despawnRadius=10
[2026-06-23 21:12:32.884] [WorldPop] Cells to spawn: 113, already spawned: 0
[2026-06-23 21:12:33.861] [WorldPop] Player moved to grid (21,48) fast=False, spawnRadius=6, despawnRadius=10
[2026-06-23 21:12:33.862] [WorldPop] Cells to spawn: 113, already spawned: 0
[2026-06-23 21:12:33.923] [WorldPop] Player moved to grid (24,49) fast=False, spawnRadius=6, despawnRadius=10
[2026-06-23 21:12:33.923] [WorldPop] Cells to spawn: 113, already spawned: 0
[2026-06-23 21:12:34.864] [WorldPop] Player moved to grid (21,48) fast=False, spawnRadius=6, despawnRadius=10
[2026-06-23 21:12:34.865] [WorldPop] Cells to spawn: 113, already spawned: 0
[2026-06-23 21:12:34.879] [WorldPop] Player moved to grid (24,49) fast=False, spawnRadius=6, despawnRadius=10
[2026-06-23 21:12:34.879] [WorldPop] Cells to spawn: 113, already spawned: 0
[2026-06-23 21:12:35.871] [WorldPop] Player moved to grid (21,48) fast=False, spawnRadius=6, despawnRadius=10
[2026-06-23 21:12:35.871] [WorldPop] Cells to spawn: 113, already spawned: 0
[2026-06-23 21:12:35.921] [WorldPop] Player moved to grid (24,49) fast=False, spawnRadius=6, despawnRadius=10
[2026-06-23 21:12:35.921] [WorldPop] Cells to spawn: 113, already spawned: 0
[2026-06-23 21:12:36.867] [WorldPop] Player moved to grid (21,48) fast=False, spawnRadius=6, despawnRadius=10
[2026-06-23 21:12:36.868] [WorldPop] Cells to spawn: 113, already spawned: 0
[2026-06-23 21:12:36.883] [WorldPop] Player moved to grid (24,49) fast=False, spawnRadius=6, despawnRadius=10
[2026-06-23 21:12:36.883] [WorldPop] Cells to spawn: 113, already spawned: 0
[2026-06-23 21:12:37.982] [WorldPop] Player moved to grid (21,48) fast=False, spawnRadius=6, despawnRadius=10
[2026-06-23 21:12:37.982] [WorldPop] Cells to spawn: 113, already spawned: 0
[2026-06-23 21:12:37.995] [WorldPop] Player moved to grid (24,49) fast=False, spawnRadius=6, despawnRadius=10
[2026-06-23 21:12:37.995] [WorldPop] Cells to spawn: 113, already spawned: 0
[2026-06-23 21:12:39.002] [WorldPop] Player moved to grid (21,48) fast=False, spawnRadius=6, despawnRadius=10
[2026-06-23 21:12:39.003] [WorldPop] Cells to spawn: 113, already spawned: 0
[2026-06-23 21:12:39.015] [WorldPop] Player moved to grid (24,49) fast=False, spawnRadius=6, despawnRadius=10
[2026-06-23 21:12:39.015] [WorldPop] Cells to spawn: 113, already spawned: 0
[2026-06-23 21:12:39.862] [WorldPop] Player moved to grid (21,48) fast=False, spawnRadius=6, despawnRadius=10
[2026-06-23 21:12:39.862] [WorldPop] Cells to spawn: 113, already spawned: 0
[2026-06-23 21:12:39.879] [WorldPop] Player moved to grid (24,49) fast=False, spawnRadius=6, despawnRadius=10
[2026-06-23 21:12:39.879] [WorldPop] Cells to spawn: 113, already spawned: 0
[2026-06-23 21:12:40.865] [WorldPop] Player moved to grid (21,48) fast=False, spawnRadius=6, despawnRadius=10
[2026-06-23 21:12:40.865] [WorldPop] Cells to spawn: 113, already spawned: 0
[2026-06-23 21:12:40.917] [WorldPop] Player moved to grid (24,49) fast=False, spawnRadius=6, despawnRadius=10
[2026-06-23 21:12:40.917] [WorldPop] Cells to spawn: 113, already spawned: 0
[2026-06-23 21:12:41.789] [WorldPop] Player moved to grid (24,49) fast=True, spawnRadius=12, despawnRadius=20
[2026-06-23 21:12:41.789] [WorldPop] Cells to spawn: 441, already spawned: 0
[2026-06-23 21:12:41.864] [WorldPop] Player moved to grid (21,48) fast=False, spawnRadius=6, despawnRadius=10
[2026-06-23 21:12:41.864] [WorldPop] Cells to spawn: 113, already spawned: 0
[2026-06-23 21:12:41.885] [WorldPop] Player moved to grid (24,49) fast=False, spawnRadius=6, despawnRadius=10
[2026-06-23 21:12:41.885] [WorldPop] Cells to spawn: 113, already spawned: 0
[2026-06-23 21:12:42.870] [WorldPop] Player moved to grid (21,48) fast=False, spawnRadius=6, despawnRadius=10
[2026-06-23 21:12:42.870] [WorldPop] Cells to spawn: 113, already spawned: 0
[2026-06-23 21:12:42.919] [WorldPop] Player moved to grid (24,49) fast=False, spawnRadius=6, despawnRadius=10
[2026-06-23 21:12:42.919] [WorldPop] Cells to spawn: 113, already spawned: 0
[2026-06-23 21:12:43.926] [WorldPop] Player moved to grid (21,48) fast=False, spawnRadius=6, despawnRadius=10
[2026-06-23 21:12:43.926] [WorldPop] Cells to spawn: 113, already spawned: 0
[2026-06-23 21:12:43.949] [WorldPop] Player moved to grid (24,49) fast=False, spawnRadius=6, despawnRadius=10
[2026-06-23 21:12:43.949] [WorldPop] Cells to spawn: 113, already spawned: 0
[2026-06-23 21:12:44.870] [WorldPop] Player moved to grid (21,48) fast=False, spawnRadius=6, despawnRadius=10
[2026-06-23 21:12:44.871] [WorldPop] Cells to spawn: 113, already spawned: 0
[2026-06-23 21:12:44.883] [WorldPop] Player moved to grid (24,49) fast=False, spawnRadius=6, despawnRadius=10
[2026-06-23 21:12:44.883] [WorldPop] Cells to spawn: 113, already spawned: 0
[2026-06-23 21:12:45.856] [WorldPop] Player moved to grid (21,48) fast=False, spawnRadius=6, despawnRadius=10
[2026-06-23 21:12:45.856] [WorldPop] Cells to spawn: 113, already spawned: 0
[2026-06-23 21:12:45.924] [WorldPop] Player moved to grid (24,49) fast=False, spawnRadius=6, despawnRadius=10
[2026-06-23 21:12:45.924] [WorldPop] Cells to spawn: 113, already spawned: 0
[2026-06-23 21:12:46.858] [WorldPop] Player moved to grid (21,48) fast=False, spawnRadius=6, despawnRadius=10
[2026-06-23 21:12:46.859] [WorldPop] Cells to spawn: 113, already spawned: 0
[2026-06-23 21:12:46.877] [WorldPop] Player moved to grid (24,49) fast=False, spawnRadius=6, despawnRadius=10
[2026-06-23 21:12:46.877] [WorldPop] Cells to spawn: 113, already spawned: 0
[2026-06-23 21:12:47.861] [WorldPop] Player moved to grid (21,48) fast=False, spawnRadius=6, despawnRadius=10
[2026-06-23 21:12:47.861] [WorldPop] Cells to spawn: 113, already spawned: 0
[2026-06-23 21:12:47.922] [WorldPop] Player moved to grid (24,49) fast=False, spawnRadius=6, despawnRadius=10
[2026-06-23 21:12:47.922] [WorldPop] Cells to spawn: 113, already spawned: 0
[2026-06-23 21:12:48.859] [WorldPop] Player moved to grid (21,48) fast=False, spawnRadius=6, despawnRadius=10
[2026-06-23 21:12:48.859] [WorldPop] Cells to spawn: 113, already spawned: 0
[2026-06-23 21:12:48.877] [WorldPop] Player moved to grid (24,49) fast=False, spawnRadius=6, despawnRadius=10
[2026-06-23 21:12:48.878] [WorldPop] Cells to spawn: 113, already spawned: 0
[2026-06-23 21:12:49.857] [WorldPop] Player moved to grid (21,48) fast=False, spawnRadius=6, despawnRadius=10
[2026-06-23 21:12:49.857] [WorldPop] Cells to spawn: 113, already spawned: 0
[2026-06-23 21:12:49.921] [WorldPop] Player moved to grid (24,49) fast=False, spawnRadius=6, despawnRadius=10
[2026-06-23 21:12:49.921] [WorldPop] Cells to spawn: 113, already spawned: 0
[2026-06-23 21:12:50.857] [WorldPop] Player moved to grid (21,48) fast=False, spawnRadius=6, despawnRadius=10
[2026-06-23 21:12:50.857] [WorldPop] Cells to spawn: 113, already spawned: 0
[2026-06-23 21:12:50.912] [WorldPop] Player moved to grid (24,49) fast=False, spawnRadius=6, despawnRadius=10
[2026-06-23 21:12:50.912] [WorldPop] Cells to spawn: 113, already spawned: 0
[2026-06-23 21:12:51.863] [WorldPop] Player moved to grid (21,48) fast=False, spawnRadius=6, despawnRadius=10
[2026-06-23 21:12:51.863] [WorldPop] Cells to spawn: 113, already spawned: 0
[2026-06-23 21:12:51.886] [WorldPop] Player moved to grid (24,49) fast=False, spawnRadius=6, despawnRadius=10
[2026-06-23 21:12:51.886] [WorldPop] Cells to spawn: 113, already spawned: 0
[2026-06-23 21:12:52.861] [WorldPop] Player moved to grid (21,48) fast=False, spawnRadius=6, despawnRadius=10
[2026-06-23 21:12:52.862] [WorldPop] Cells to spawn: 113, already spawned: 0
[2026-06-23 21:12:52.924] [WorldPop] Player moved to grid (24,49) fast=False, spawnRadius=6, despawnRadius=10
[2026-06-23 21:12:52.924] [WorldPop] Cells to spawn: 113, already spawned: 0
[2026-06-23 21:12:53.868] [WorldPop] Player moved to grid (21,48) fast=False, spawnRadius=6, despawnRadius=10
[2026-06-23 21:12:53.868] [WorldPop] Cells to spawn: 113, already spawned: 0
[2026-06-23 21:12:53.925] [WorldPop] Player moved to grid (24,49) fast=False, spawnRadius=6, despawnRadius=10
[2026-06-23 21:12:53.925] [WorldPop] Cells to spawn: 113, already spawned: 0
[2026-06-23 21:12:54.870] [WorldPop] Player moved to grid (21,48) fast=False, spawnRadius=6, despawnRadius=10
[2026-06-23 21:12:54.870] [WorldPop] Cells to spawn: 113, already spawned: 0
[2026-06-23 21:12:54.917] [WorldPop] Player moved to grid (24,49) fast=False, spawnRadius=6, despawnRadius=10
[2026-06-23 21:12:54.918] [WorldPop] Cells to spawn: 113, already spawned: 0
[2026-06-23 21:12:55.870] [WorldPop] Player moved to grid (21,48) fast=False, spawnRadius=6, despawnRadius=10
[2026-06-23 21:12:55.870] [WorldPop] Cells to spawn: 113, already spawned: 0
[2026-06-23 21:12:55.883] [WorldPop] Player moved to grid (24,49) fast=False, spawnRadius=6, despawnRadius=10
[2026-06-23 21:12:55.883] [WorldPop] Cells to spawn: 113, already spawned: 0
[2026-06-23 21:12:56.866] [WorldPop] Player moved to grid (21,48) fast=False, spawnRadius=6, despawnRadius=10
[2026-06-23 21:12:56.866] [WorldPop] Cells to spawn: 113, already spawned: 0
[2026-06-23 21:12:56.913] [WorldPop] Player moved to grid (24,49) fast=False, spawnRadius=6, despawnRadius=10
[2026-06-23 21:12:56.913] [WorldPop] Cells to spawn: 113, already spawned: 0
[2026-06-23 21:12:57.870] [WorldPop] Player moved to grid (21,48) fast=False, spawnRadius=6, despawnRadius=10
[2026-06-23 21:12:57.870] [WorldPop] Cells to spawn: 113, already spawned: 0
[2026-06-23 21:12:57.883] [WorldPop] Player moved to grid (24,49) fast=False, spawnRadius=6, despawnRadius=10
[2026-06-23 21:12:57.883] [WorldPop] Cells to spawn: 113, already spawned: 0
[2026-06-23 21:12:58.857] [WorldPop] Player moved to grid (21,48) fast=False, spawnRadius=6, despawnRadius=10
[2026-06-23 21:12:58.857] [WorldPop] Cells to spawn: 113, already spawned: 0
[2026-06-23 21:12:58.928] [WorldPop] Player moved to grid (24,49) fast=False, spawnRadius=6, despawnRadius=10
[2026-06-23 21:12:58.929] [WorldPop] Cells to spawn: 113, already spawned: 0
[2026-06-23 21:12:59.858] [WorldPop] Player moved to grid (21,48) fast=False, spawnRadius=6, despawnRadius=10
[2026-06-23 21:12:59.974] [WorldPop] Cells to spawn: 113, already spawned: 0
[2026-06-23 21:13:00.025] [WorldPop] Player moved to grid (24,49) fast=False, spawnRadius=6, despawnRadius=10
[2026-06-23 21:13:00.026] [WorldPop] Cells to spawn: 113, already spawned: 0
[2026-06-23 21:13:00.871] [WorldPop] Player moved to grid (21,48) fast=False, spawnRadius=6, despawnRadius=10
[2026-06-23 21:13:00.871] [WorldPop] Cells to spawn: 113, already spawned: 0
[2026-06-23 21:13:00.925] [WorldPop] Player moved to grid (24,49) fast=False, spawnRadius=6, despawnRadius=10
[2026-06-23 21:13:00.925] [WorldPop] Cells to spawn: 113, already spawned: 0
[2026-06-23 21:13:01.861] [WorldPop] Player moved to grid (21,48) fast=False, spawnRadius=6, despawnRadius=10
[2026-06-23 21:13:01.861] [WorldPop] Cells to spawn: 113, already spawned: 0
[2026-06-23 21:13:01.877] [WorldPop] Player moved to grid (24,49) fast=False, spawnRadius=6, despawnRadius=10
[2026-06-23 21:13:01.877] [WorldPop] Cells to spawn: 113, already spawned: 0
[2026-06-23 21:13:02.866] [WorldPop] Player moved to grid (21,48) fast=False, spawnRadius=6, despawnRadius=10
[2026-06-23 21:13:02.866] [WorldPop] Cells to spawn: 113, already spawned: 0
[2026-06-23 21:13:02.914] [WorldPop] Player moved to grid (24,49) fast=False, spawnRadius=6, despawnRadius=10
[2026-06-23 21:13:02.914] [WorldPop] Cells to spawn: 113, already spawned: 0
[2026-06-23 21:13:03.869] [WorldPop] Player moved to grid (21,48) fast=False, spawnRadius=6, despawnRadius=10
[2026-06-23 21:13:03.869] [WorldPop] Cells to spawn: 113, already spawned: 0
[2026-06-23 21:13:03.881] [WorldPop] Player moved to grid (24,49) fast=False, spawnRadius=6, despawnRadius=10
[2026-06-23 21:13:03.881] [WorldPop] Cells to spawn: 113, already spawned: 0
[2026-06-23 21:13:04.863] [WorldPop] Player moved to grid (21,48) fast=False, spawnRadius=6, despawnRadius=10
[2026-06-23 21:13:04.864] [WorldPop] Cells to spawn: 113, already spawned: 0
[2026-06-23 21:13:04.910] [WorldPop] Player moved to grid (24,49) fast=False, spawnRadius=6, despawnRadius=10
[2026-06-23 21:13:04.911] [WorldPop] Cells to spawn: 113, already spawned: 0
[2026-06-23 21:13:05.871] [WorldPop] Player moved to grid (21,48) fast=False, spawnRadius=6, despawnRadius=10
[2026-06-23 21:13:05.944] [WorldPop] Cells to spawn: 113, already spawned: 0
[2026-06-23 21:13:05.957] [WorldPop] Player moved to grid (24,49) fast=False, spawnRadius=6, despawnRadius=10
[2026-06-23 21:13:05.957] [WorldPop] Cells to spawn: 113, already spawned: 0
[2026-06-23 21:13:06.865] [WorldPop] Player moved to grid (21,48) fast=False, spawnRadius=6, despawnRadius=10
[2026-06-23 21:13:06.865] [WorldPop] Cells to spawn: 113, already spawned: 0
[2026-06-23 21:13:06.913] [WorldPop] Player moved to grid (24,49) fast=False, spawnRadius=6, despawnRadius=10
[2026-06-23 21:13:06.913] [WorldPop] Cells to spawn: 113, already spawned: 0
[2026-06-23 21:13:07.859] [WorldPop] Player moved to grid (21,48) fast=False, spawnRadius=6, despawnRadius=10
[2026-06-23 21:13:07.859] [WorldPop] Cells to spawn: 113, already spawned: 0
[2026-06-23 21:13:07.876] [WorldPop] Player moved to grid (24,49) fast=False, spawnRadius=6, despawnRadius=10
[2026-06-23 21:13:07.876] [WorldPop] Cells to spawn: 113, already spawned: 0
[2026-06-23 21:13:08.601] [WorldPop] Player moved to grid (24,49) fast=True, spawnRadius=12, despawnRadius=20
[2026-06-23 21:13:08.602] [WorldPop] Cells to spawn: 441, already spawned: 0
[2026-06-23 21:13:08.861] [WorldPop] Player moved to grid (21,48) fast=False, spawnRadius=6, despawnRadius=10
[2026-06-23 21:13:08.861] [WorldPop] Cells to spawn: 113, already spawned: 0
[2026-06-23 21:13:08.913] [WorldPop] Player moved to grid (24,49) fast=False, spawnRadius=6, despawnRadius=10
[2026-06-23 21:13:08.913] [WorldPop] Cells to spawn: 113, already spawned: 0
[2026-06-23 21:13:09.873] [WorldPop] Player moved to grid (21,48) fast=False, spawnRadius=6, despawnRadius=10
[2026-06-23 21:13:09.873] [WorldPop] Cells to spawn: 113, already spawned: 0
[2026-06-23 21:13:09.885] [WorldPop] Player moved to grid (24,49) fast=False, spawnRadius=6, despawnRadius=10
[2026-06-23 21:13:09.885] [WorldPop] Cells to spawn: 113, already spawned: 0
[2026-06-23 21:13:10.870] [WorldPop] Player moved to grid (21,48) fast=False, spawnRadius=6, despawnRadius=10
[2026-06-23 21:13:10.930] [WorldPop] Cells to spawn: 113, already spawned: 0
[2026-06-23 21:13:10.941] [WorldPop] Player moved to grid (24,49) fast=False, spawnRadius=6, despawnRadius=10
[2026-06-23 21:13:10.941] [WorldPop] Cells to spawn: 113, already spawned: 0
[2026-06-23 21:13:11.878] [WorldPop] Player moved to grid (21,48) fast=False, spawnRadius=6, despawnRadius=10
[2026-06-23 21:13:11.878] [WorldPop] Cells to spawn: 113, already spawned: 0
[2026-06-23 21:13:11.893] [WorldPop] Player moved to grid (24,49) fast=False, spawnRadius=6, despawnRadius=10
[2026-06-23 21:13:11.893] [WorldPop] Cells to spawn: 113, already spawned: 0
[2026-06-23 21:13:12.855] [WorldPop] Player moved to grid (21,48) fast=False, spawnRadius=6, despawnRadius=10
[2026-06-23 21:13:12.855] [WorldPop] Cells to spawn: 113, already spawned: 0
[2026-06-23 21:13:12.918] [WorldPop] Player moved to grid (24,49) fast=False, spawnRadius=6, despawnRadius=10
[2026-06-23 21:13:12.919] [WorldPop] Cells to spawn: 113, already spawned: 0
[2026-06-23 21:13:13.865] [WorldPop] Player moved to grid (21,48) fast=False, spawnRadius=6, despawnRadius=10
[2026-06-23 21:13:13.865] [WorldPop] Cells to spawn: 113, already spawned: 0
[2026-06-23 21:13:13.881] [WorldPop] Player moved to grid (24,49) fast=False, spawnRadius=6, despawnRadius=10
[2026-06-23 21:13:13.881] [WorldPop] Cells to spawn: 113, already spawned: 0
[2026-06-23 21:13:14.859] [WorldPop] Player moved to grid (21,48) fast=False, spawnRadius=6, despawnRadius=10
[2026-06-23 21:13:15.273] [WorldPop] Cells to spawn: 113, already spawned: 0
[2026-06-23 21:13:15.285] [WorldPop] Player moved to grid (24,49) fast=False, spawnRadius=6, despawnRadius=10
[2026-06-23 21:13:15.285] [WorldPop] Cells to spawn: 113, already spawned: 0
[2026-06-23 21:13:15.855] [WorldPop] Player moved to grid (21,48) fast=False, spawnRadius=6, despawnRadius=10
[2026-06-23 21:13:15.856] [WorldPop] Cells to spawn: 113, already spawned: 0
[2026-06-23 21:13:15.871] [WorldPop] Player moved to grid (24,49) fast=False, spawnRadius=6, despawnRadius=10
[2026-06-23 21:13:15.872] [WorldPop] Cells to spawn: 113, already spawned: 0
[2026-06-23 21:13:16.868] [WorldPop] Player moved to grid (21,48) fast=False, spawnRadius=6, despawnRadius=10
[2026-06-23 21:13:16.868] [WorldPop] Cells to spawn: 113, already spawned: 0
[2026-06-23 21:13:16.913] [WorldPop] Player moved to grid (24,49) fast=False, spawnRadius=6, despawnRadius=10
[2026-06-23 21:13:16.913] [WorldPop] Cells to spawn: 113, already spawned: 0
[2026-06-23 21:13:17.862] [WorldPop] Player moved to grid (21,48) fast=False, spawnRadius=6, despawnRadius=10
[2026-06-23 21:13:17.862] [WorldPop] Cells to spawn: 113, already spawned: 0
[2026-06-23 21:13:17.879] [WorldPop] Player moved to grid (24,49) fast=False, spawnRadius=6, despawnRadius=10
[2026-06-23 21:13:17.879] [WorldPop] Cells to spawn: 113, already spawned: 0
[2026-06-23 21:13:18.859] [WorldPop] Player moved to grid (21,48) fast=False, spawnRadius=6, despawnRadius=10
[2026-06-23 21:13:18.859] [WorldPop] Cells to spawn: 113, already spawned: 0
[2026-06-23 21:13:18.924] [WorldPop] Player moved to grid (24,49) fast=False, spawnRadius=6, despawnRadius=10
[2026-06-23 21:13:18.924] [WorldPop] Cells to spawn: 113, already spawned: 0
[2026-06-23 21:13:19.857] [WorldPop] Player moved to grid (21,48) fast=False, spawnRadius=6, despawnRadius=10
[2026-06-23 21:13:19.857] [WorldPop] Cells to spawn: 113, already spawned: 0
[2026-06-23 21:13:19.875] [WorldPop] Player moved to grid (24,49) fast=False, spawnRadius=6, despawnRadius=10
[2026-06-23 21:13:19.875] [WorldPop] Cells to spawn: 113, already spawned: 0
[2026-06-23 21:13:20.857] [WorldPop] Player moved to grid (21,48) fast=False, spawnRadius=6, despawnRadius=10
[2026-06-23 21:13:20.857] [WorldPop] Cells to spawn: 113, already spawned: 0
[2026-06-23 21:13:20.919] [WorldPop] Player moved to grid (24,49) fast=False, spawnRadius=6, despawnRadius=10
[2026-06-23 21:13:20.920] [WorldPop] Cells to spawn: 113, already spawned: 0
[2026-06-23 21:13:21.858] [WorldPop] Player moved to grid (21,48) fast=False, spawnRadius=6, despawnRadius=10
[2026-06-23 21:13:21.859] [WorldPop] Cells to spawn: 113, already spawned: 0
[2026-06-23 21:13:21.878] [WorldPop] Player moved to grid (24,49) fast=False, spawnRadius=6, despawnRadius=10
[2026-06-23 21:13:21.878] [WorldPop] Cells to spawn: 113, already spawned: 0
[2026-06-23 21:13:22.857] [WorldPop] Player moved to grid (21,48) fast=False, spawnRadius=6, despawnRadius=10
[2026-06-23 21:13:22.858] [WorldPop] Cells to spawn: 113, already spawned: 0
[2026-06-23 21:13:22.921] [WorldPop] Player moved to grid (24,49) fast=False, spawnRadius=6, despawnRadius=10
[2026-06-23 21:13:22.921] [WorldPop] Cells to spawn: 113, already spawned: 0
[2026-06-23 21:13:23.870] [WorldPop] Player moved to grid (21,48) fast=False, spawnRadius=6, despawnRadius=10
[2026-06-23 21:13:23.870] [WorldPop] Cells to spawn: 113, already spawned: 0
[2026-06-23 21:13:23.883] [WorldPop] Player moved to grid (24,49) fast=False, spawnRadius=6, despawnRadius=10
[2026-06-23 21:13:23.883] [WorldPop] Cells to spawn: 113, already spawned: 0
[2026-06-23 21:13:24.857] [WorldPop] Player moved to grid (21,48) fast=False, spawnRadius=6, despawnRadius=10
[2026-06-23 21:13:24.857] [WorldPop] Cells to spawn: 113, already spawned: 0
[2026-06-23 21:13:24.927] [WorldPop] Player moved to grid (24,49) fast=False, spawnRadius=6, despawnRadius=10
[2026-06-23 21:13:24.927] [WorldPop] Cells to spawn: 113, already spawned: 0
[2026-06-23 21:13:25.855] [WorldPop] Player moved to grid (21,48) fast=False, spawnRadius=6, despawnRadius=10
[2026-06-23 21:13:25.886] [WorldPop] Cells to spawn: 113, already spawned: 0
[2026-06-23 21:13:25.900] [WorldPop] Player moved to grid (24,49) fast=False, spawnRadius=6, despawnRadius=10
[2026-06-23 21:13:25.900] [WorldPop] Cells to spawn: 113, already spawned: 0
[2026-06-23 21:13:26.859] [WorldPop] Player moved to grid (21,48) fast=False, spawnRadius=6, despawnRadius=10
[2026-06-23 21:13:26.859] [WorldPop] Cells to spawn: 113, already spawned: 0
[2026-06-23 21:13:26.924] [WorldPop] Player moved to grid (24,49) fast=False, spawnRadius=6, despawnRadius=10
[2026-06-23 21:13:26.925] [WorldPop] Cells to spawn: 113, already spawned: 0
[2026-06-23 21:13:27.860] [WorldPop] Player moved to grid (21,48) fast=False, spawnRadius=6, despawnRadius=10
[2026-06-23 21:13:27.861] [WorldPop] Cells to spawn: 113, already spawned: 0
[2026-06-23 21:13:27.882] [WorldPop] Player moved to grid (24,49) fast=False, spawnRadius=6, despawnRadius=10
[2026-06-23 21:13:27.882] [WorldPop] Cells to spawn: 113, already spawned: 0
[2026-06-23 21:13:28.868] [WorldPop] Player moved to grid (21,48) fast=False, spawnRadius=6, despawnRadius=10
[2026-06-23 21:13:28.868] [WorldPop] Cells to spawn: 113, already spawned: 0
[2026-06-23 21:13:28.925] [WorldPop] Player moved to grid (24,49) fast=False, spawnRadius=6, despawnRadius=10
[2026-06-23 21:13:28.925] [WorldPop] Cells to spawn: 113, already spawned: 0
[2026-06-23 21:13:29.871] [WorldPop] Player moved to grid (21,48) fast=False, spawnRadius=6, despawnRadius=10
[2026-06-23 21:13:29.872] [WorldPop] Cells to spawn: 113, already spawned: 0
[2026-06-23 21:13:29.885] [WorldPop] Player moved to grid (24,49) fast=False, spawnRadius=6, despawnRadius=10
[2026-06-23 21:13:29.885] [WorldPop] Cells to spawn: 113, already spawned: 0
[2026-06-23 21:13:30.870] [WorldPop] Player moved to grid (21,48) fast=False, spawnRadius=6, despawnRadius=10
[2026-06-23 21:13:30.870] [WorldPop] Cells to spawn: 113, already spawned: 0
[2026-06-23 21:13:30.920] [WorldPop] Player moved to grid (24,49) fast=False, spawnRadius=6, despawnRadius=10
[2026-06-23 21:13:30.920] [WorldPop] Cells to spawn: 113, already spawned: 0
[2026-06-23 21:13:31.859] [WorldPop] Player moved to grid (21,48) fast=False, spawnRadius=6, despawnRadius=10
[2026-06-23 21:13:31.859] [WorldPop] Cells to spawn: 113, already spawned: 0
[2026-06-23 21:13:31.878] [WorldPop] Player moved to grid (24,49) fast=False, spawnRadius=6, despawnRadius=10
[2026-06-23 21:13:31.878] [WorldPop] Cells to spawn: 113, already spawned: 0
[2026-06-23 21:13:32.856] [WorldPop] Player moved to grid (21,48) fast=False, spawnRadius=6, despawnRadius=10
[2026-06-23 21:13:32.857] [WorldPop] Cells to spawn: 113, already spawned: 0
[2026-06-23 21:13:32.921] [WorldPop] Player moved to grid (24,49) fast=False, spawnRadius=6, despawnRadius=10
[2026-06-23 21:13:32.921] [WorldPop] Cells to spawn: 113, already spawned: 0
[2026-06-23 21:13:33.870] [WorldPop] Player moved to grid (21,48) fast=False, spawnRadius=6, despawnRadius=10
[2026-06-23 21:13:33.870] [WorldPop] Cells to spawn: 113, already spawned: 0
[2026-06-23 21:13:33.885] [WorldPop] Player moved to grid (24,49) fast=False, spawnRadius=6, despawnRadius=10
[2026-06-23 21:13:33.885] [WorldPop] Cells to spawn: 113, already spawned: 0
[2026-06-23 21:13:34.856] [WorldPop] Player moved to grid (21,48) fast=False, spawnRadius=6, despawnRadius=10
[2026-06-23 21:13:34.857] [WorldPop] Cells to spawn: 113, already spawned: 0
[2026-06-23 21:13:34.918] [WorldPop] Player moved to grid (24,49) fast=False, spawnRadius=6, despawnRadius=10
[2026-06-23 21:13:34.919] [WorldPop] Cells to spawn: 113, already spawned: 0
[2026-06-23 21:13:35.857] [WorldPop] Player moved to grid (21,48) fast=False, spawnRadius=6, despawnRadius=10
[2026-06-23 21:13:35.857] [WorldPop] Cells to spawn: 113, already spawned: 0
[2026-06-23 21:13:35.877] [WorldPop] Player moved to grid (24,49) fast=False, spawnRadius=6, despawnRadius=10
[2026-06-23 21:13:35.878] [WorldPop] Cells to spawn: 113, already spawned: 0
[2026-06-23 21:13:36.865] [WorldPop] Player moved to grid (21,48) fast=False, spawnRadius=6, despawnRadius=10
[2026-06-23 21:13:36.866] [WorldPop] Cells to spawn: 113, already spawned: 0
[2026-06-23 21:13:36.913] [WorldPop] Player moved to grid (24,49) fast=False, spawnRadius=6, despawnRadius=10
[2026-06-23 21:13:36.913] [WorldPop] Cells to spawn: 113, already spawned: 0
[2026-06-23 21:13:37.868] [WorldPop] Player moved to grid (21,48) fast=False, spawnRadius=6, despawnRadius=10
[2026-06-23 21:13:37.868] [WorldPop] Cells to spawn: 113, already spawned: 0
[2026-06-23 21:13:37.883] [WorldPop] Player moved to grid (24,49) fast=False, spawnRadius=6, despawnRadius=10
[2026-06-23 21:13:37.883] [WorldPop] Cells to spawn: 113, already spawned: 0
[2026-06-23 21:13:38.856] [WorldPop] Player moved to grid (21,48) fast=False, spawnRadius=6, despawnRadius=10
[2026-06-23 21:13:38.856] [WorldPop] Cells to spawn: 113, already spawned: 0
[2026-06-23 21:13:38.917] [WorldPop] Player moved to grid (24,49) fast=False, spawnRadius=6, despawnRadius=10
[2026-06-23 21:13:38.917] [WorldPop] Cells to spawn: 113, already spawned: 0
[2026-06-23 21:13:39.859] [WorldPop] Player moved to grid (21,48) fast=False, spawnRadius=6, despawnRadius=10
[2026-06-23 21:13:39.859] [WorldPop] Cells to spawn: 113, already spawned: 0
[2026-06-23 21:13:39.876] [WorldPop] Player moved to grid (24,49) fast=False, spawnRadius=6, despawnRadius=10
[2026-06-23 21:13:39.876] [WorldPop] Cells to spawn: 113, already spawned: 0
[2026-06-23 21:13:40.864] [WorldPop] Player moved to grid (21,48) fast=False, spawnRadius=6, despawnRadius=10
[2026-06-23 21:13:40.865] [WorldPop] Cells to spawn: 113, already spawned: 0
[2026-06-23 21:13:40.911] [WorldPop] Player moved to grid (24,49) fast=False, spawnRadius=6, despawnRadius=10
[2026-06-23 21:13:40.911] [WorldPop] Cells to spawn: 113, already spawned: 0
[2026-06-23 21:13:41.858] [WorldPop] Player moved to grid (21,48) fast=False, spawnRadius=6, despawnRadius=10
[2026-06-23 21:13:41.858] [WorldPop] Cells to spawn: 113, already spawned: 0
[2026-06-23 21:13:41.887] [WorldPop] Player moved to grid (24,49) fast=False, spawnRadius=6, despawnRadius=10
[2026-06-23 21:13:41.887] [WorldPop] Cells to spawn: 113, already spawned: 0
[2026-06-23 21:13:42.875] [WorldPop] Player moved to grid (21,48) fast=False, spawnRadius=6, despawnRadius=10
[2026-06-23 21:13:42.875] [WorldPop] Cells to spawn: 113, already spawned: 0
[2026-06-23 21:13:42.926] [WorldPop] Player moved to grid (24,49) fast=False, spawnRadius=6, despawnRadius=10
[2026-06-23 21:13:42.926] [WorldPop] Cells to spawn: 113, already spawned: 0
[2026-06-23 21:13:43.868] [WorldPop] Player moved to grid (21,48) fast=False, spawnRadius=6, despawnRadius=10
[2026-06-23 21:13:43.868] [WorldPop] Cells to spawn: 113, already spawned: 0
[2026-06-23 21:13:43.905] [WorldPop] Player moved to grid (24,49) fast=False, spawnRadius=6, despawnRadius=10
[2026-06-23 21:13:43.905] [WorldPop] Cells to spawn: 113, already spawned: 0
[2026-06-23 21:13:44.863] [WorldPop] Player moved to grid (21,48) fast=False, spawnRadius=6, despawnRadius=10
[2026-06-23 21:13:44.863] [WorldPop] Cells to spawn: 113, already spawned: 0
[2026-06-23 21:13:44.924] [WorldPop] Player moved to grid (24,49) fast=False, spawnRadius=6, despawnRadius=10
[2026-06-23 21:13:44.924] [WorldPop] Cells to spawn: 113, already spawned: 0
[2026-06-23 21:13:45.872] [WorldPop] Player moved to grid (21,48) fast=False, spawnRadius=6, despawnRadius=10
[2026-06-23 21:13:45.873] [WorldPop] Cells to spawn: 113, already spawned: 0
[2026-06-23 21:13:45.887] [WorldPop] Player moved to grid (24,49) fast=False, spawnRadius=6, despawnRadius=10
[2026-06-23 21:13:45.887] [WorldPop] Cells to spawn: 113, already spawned: 0
[2026-06-23 21:13:46.858] [WorldPop] Player moved to grid (21,48) fast=False, spawnRadius=6, despawnRadius=10
[2026-06-23 21:13:46.859] [WorldPop] Cells to spawn: 113, already spawned: 0
[2026-06-23 21:13:46.929] [WorldPop] Player moved to grid (24,49) fast=False, spawnRadius=6, despawnRadius=10
[2026-06-23 21:13:46.929] [WorldPop] Cells to spawn: 113, already spawned: 0
[2026-06-23 21:13:47.865] [WorldPop] Player moved to grid (21,48) fast=False, spawnRadius=6, despawnRadius=10
[2026-06-23 21:13:47.865] [WorldPop] Cells to spawn: 113, already spawned: 0
[2026-06-23 21:13:47.882] [WorldPop] Player moved to grid (24,49) fast=False, spawnRadius=6, despawnRadius=10
[2026-06-23 21:13:47.882] [WorldPop] Cells to spawn: 113, already spawned: 0
[2026-06-23 21:13:48.194] [WorldPop] Player moved to grid (24,49) fast=True, spawnRadius=12, despawnRadius=20
[2026-06-23 21:13:48.195] [WorldPop] Cells to spawn: 441, already spawned: 0
[2026-06-23 21:13:48.853] [WorldPop] Player moved to grid (21,48) fast=False, spawnRadius=6, despawnRadius=10
[2026-06-23 21:13:48.853] [WorldPop] Cells to spawn: 113, already spawned: 0
[2026-06-23 21:13:48.918] [WorldPop] Player moved to grid (24,49) fast=False, spawnRadius=6, despawnRadius=10
[2026-06-23 21:13:48.919] [WorldPop] Cells to spawn: 113, already spawned: 0
[2026-06-23 21:13:49.877] [WorldPop] Player moved to grid (21,48) fast=False, spawnRadius=6, despawnRadius=10
[2026-06-23 21:13:49.877] [WorldPop] Cells to spawn: 113, already spawned: 0
[2026-06-23 21:13:49.888] [WorldPop] Player moved to grid (24,49) fast=False, spawnRadius=6, despawnRadius=10
[2026-06-23 21:13:49.889] [WorldPop] Cells to spawn: 113, already spawned: 0
[2026-06-23 21:13:50.872] [WorldPop] Player moved to grid (21,48) fast=False, spawnRadius=6, despawnRadius=10
[2026-06-23 21:13:50.872] [WorldPop] Cells to spawn: 113, already spawned: 0
[2026-06-23 21:13:50.916] [WorldPop] Player moved to grid (24,49) fast=False, spawnRadius=6, despawnRadius=10
[2026-06-23 21:13:50.917] [WorldPop] Cells to spawn: 113, already spawned: 0
[2026-06-23 21:13:51.865] [WorldPop] Player moved to grid (21,48) fast=False, spawnRadius=6, despawnRadius=10
[2026-06-23 21:13:51.865] [WorldPop] Cells to spawn: 113, already spawned: 0
[2026-06-23 21:13:51.893] [WorldPop] Player moved to grid (24,49) fast=False, spawnRadius=6, despawnRadius=10
[2026-06-23 21:13:51.894] [WorldPop] Cells to spawn: 113, already spawned: 0
[2026-06-23 21:13:52.855] [WorldPop] Player moved to grid (21,48) fast=False, spawnRadius=6, despawnRadius=10
[2026-06-23 21:13:52.855] [WorldPop] Cells to spawn: 113, already spawned: 0
[2026-06-23 21:13:52.916] [WorldPop] Player moved to grid (24,49) fast=False, spawnRadius=6, despawnRadius=10
[2026-06-23 21:13:52.916] [WorldPop] Cells to spawn: 113, already spawned: 0
[2026-06-23 21:13:53.861] [WorldPop] Player moved to grid (21,48) fast=False, spawnRadius=6, despawnRadius=10
[2026-06-23 21:13:53.861] [WorldPop] Cells to spawn: 113, already spawned: 0
[2026-06-23 21:13:53.894] [WorldPop] Player moved to grid (24,49) fast=False, spawnRadius=6, despawnRadius=10
[2026-06-23 21:13:53.895] [WorldPop] Cells to spawn: 113, already spawned: 0
[2026-06-23 21:13:54.868] [WorldPop] Player moved to grid (21,48) fast=False, spawnRadius=6, despawnRadius=10
[2026-06-23 21:13:54.868] [WorldPop] Cells to spawn: 113, already spawned: 0
[2026-06-23 21:13:54.915] [WorldPop] Player moved to grid (24,49) fast=False, spawnRadius=6, despawnRadius=10
[2026-06-23 21:13:54.915] [WorldPop] Cells to spawn: 113, already spawned: 0
[2026-06-23 21:13:55.862] [WorldPop] Player moved to grid (21,48) fast=False, spawnRadius=6, despawnRadius=10
[2026-06-23 21:13:55.862] [WorldPop] Cells to spawn: 113, already spawned: 0
[2026-06-23 21:13:55.883] [WorldPop] Player moved to grid (24,49) fast=False, spawnRadius=6, despawnRadius=10
[2026-06-23 21:13:55.883] [WorldPop] Cells to spawn: 113, already spawned: 0
[2026-06-23 21:13:56.861] [WorldPop] Player moved to grid (21,48) fast=False, spawnRadius=6, despawnRadius=10
[2026-06-23 21:13:56.862] [WorldPop] Cells to spawn: 113, already spawned: 0
[2026-06-23 21:13:56.909] [WorldPop] Player moved to grid (24,49) fast=False, spawnRadius=6, despawnRadius=10
[2026-06-23 21:13:56.909] [WorldPop] Cells to spawn: 113, already spawned: 0
[2026-06-23 21:13:57.863] [WorldPop] Player moved to grid (21,48) fast=False, spawnRadius=6, despawnRadius=10
[2026-06-23 21:13:57.863] [WorldPop] Cells to spawn: 113, already spawned: 0
[2026-06-23 21:13:57.887] [WorldPop] Player moved to grid (24,49) fast=False, spawnRadius=6, despawnRadius=10
[2026-06-23 21:13:57.887] [WorldPop] Cells to spawn: 113, already spawned: 0
[2026-06-23 21:13:58.857] [WorldPop] Player moved to grid (21,48) fast=False, spawnRadius=6, despawnRadius=10
[2026-06-23 21:13:58.858] [WorldPop] Cells to spawn: 113, already spawned: 0
[2026-06-23 21:13:58.922] [WorldPop] Player moved to grid (24,49) fast=False, spawnRadius=6, despawnRadius=10
[2026-06-23 21:13:58.922] [WorldPop] Cells to spawn: 113, already spawned: 0
[2026-06-23 21:13:59.859] [WorldPop] Player moved to grid (21,48) fast=False, spawnRadius=6, despawnRadius=10
[2026-06-23 21:13:59.860] [WorldPop] Cells to spawn: 113, already spawned: 0
[2026-06-23 21:13:59.876] [WorldPop] Player moved to grid (24,49) fast=False, spawnRadius=6, despawnRadius=10
[2026-06-23 21:13:59.876] [WorldPop] Cells to spawn: 113, already spawned: 0
[2026-06-23 21:14:00.867] [WorldPop] Player moved to grid (21,48) fast=False, spawnRadius=6, despawnRadius=10
[2026-06-23 21:14:00.867] [WorldPop] Cells to spawn: 113, already spawned: 0
[2026-06-23 21:14:00.916] [WorldPop] Player moved to grid (24,49) fast=False, spawnRadius=6, despawnRadius=10
[2026-06-23 21:14:00.916] [WorldPop] Cells to spawn: 113, already spawned: 0
[2026-06-23 21:14:01.859] [WorldPop] Player moved to grid (21,48) fast=False, spawnRadius=6, despawnRadius=10
[2026-06-23 21:14:01.859] [WorldPop] Cells to spawn: 113, already spawned: 0
[2026-06-23 21:14:01.875] [WorldPop] Player moved to grid (24,49) fast=False, spawnRadius=6, despawnRadius=10
[2026-06-23 21:14:01.875] [WorldPop] Cells to spawn: 113, already spawned: 0
[2026-06-23 21:14:02.866] [WorldPop] Player moved to grid (21,48) fast=False, spawnRadius=6, despawnRadius=10
[2026-06-23 21:14:02.867] [WorldPop] Cells to spawn: 113, already spawned: 0
[2026-06-23 21:14:02.913] [WorldPop] Player moved to grid (24,49) fast=False, spawnRadius=6, despawnRadius=10
[2026-06-23 21:14:02.913] [WorldPop] Cells to spawn: 113, already spawned: 0
[2026-06-23 21:14:03.858] [WorldPop] Player moved to grid (21,48) fast=False, spawnRadius=6, despawnRadius=10
[2026-06-23 21:14:03.858] [WorldPop] Cells to spawn: 113, already spawned: 0
[2026-06-23 21:14:03.874] [WorldPop] Player moved to grid (24,49) fast=False, spawnRadius=6, despawnRadius=10
[2026-06-23 21:14:03.874] [WorldPop] Cells to spawn: 113, already spawned: 0
[2026-06-23 21:14:04.871] [WorldPop] Player moved to grid (21,48) fast=False, spawnRadius=6, despawnRadius=10
[2026-06-23 21:14:04.872] [WorldPop] Cells to spawn: 113, already spawned: 0
[2026-06-23 21:14:04.919] [WorldPop] Player moved to grid (24,49) fast=False, spawnRadius=6, despawnRadius=10
[2026-06-23 21:14:04.920] [WorldPop] Cells to spawn: 113, already spawned: 0
[2026-06-23 21:14:05.863] [WorldPop] Player moved to grid (21,48) fast=False, spawnRadius=6, despawnRadius=10
[2026-06-23 21:14:05.863] [WorldPop] Cells to spawn: 113, already spawned: 0
[2026-06-23 21:14:05.880] [WorldPop] Player moved to grid (24,49) fast=False, spawnRadius=6, despawnRadius=10
[2026-06-23 21:14:05.880] [WorldPop] Cells to spawn: 113, already spawned: 0
[2026-06-23 21:14:06.865] [WorldPop] Player moved to grid (21,48) fast=False, spawnRadius=6, despawnRadius=10
[2026-06-23 21:14:06.866] [WorldPop] Cells to spawn: 113, already spawned: 0
[2026-06-23 21:14:06.913] [WorldPop] Player moved to grid (24,49) fast=False, spawnRadius=6, despawnRadius=10
[2026-06-23 21:14:06.914] [WorldPop] Cells to spawn: 113, already spawned: 0
[2026-06-23 21:14:07.857] [WorldPop] Player moved to grid (21,48) fast=False, spawnRadius=6, despawnRadius=10
[2026-06-23 21:14:07.858] [WorldPop] Cells to spawn: 113, already spawned: 0
[2026-06-23 21:14:07.874] [WorldPop] Player moved to grid (24,49) fast=False, spawnRadius=6, despawnRadius=10
[2026-06-23 21:14:07.874] [WorldPop] Cells to spawn: 113, already spawned: 0
[2026-06-23 21:14:08.868] [WorldPop] Player moved to grid (21,48) fast=False, spawnRadius=6, despawnRadius=10
[2026-06-23 21:14:08.869] [WorldPop] Cells to spawn: 113, already spawned: 0
[2026-06-23 21:14:08.916] [WorldPop] Player moved to grid (24,49) fast=False, spawnRadius=6, despawnRadius=10
[2026-06-23 21:14:08.916] [WorldPop] Cells to spawn: 113, already spawned: 0
[2026-06-23 21:14:09.865] [WorldPop] Player moved to grid (21,48) fast=False, spawnRadius=6, despawnRadius=10
[2026-06-23 21:14:09.866] [WorldPop] Cells to spawn: 113, already spawned: 0
[2026-06-23 21:14:09.884] [WorldPop] Player moved to grid (24,49) fast=False, spawnRadius=6, despawnRadius=10
[2026-06-23 21:14:09.884] [WorldPop] Cells to spawn: 113, already spawned: 0
[2026-06-23 21:14:10.863] [WorldPop] Player moved to grid (21,48) fast=False, spawnRadius=6, despawnRadius=10
[2026-06-23 21:14:10.863] [WorldPop] Cells to spawn: 113, already spawned: 0
[2026-06-23 21:14:10.909] [WorldPop] Player moved to grid (24,49) fast=False, spawnRadius=6, despawnRadius=10
[2026-06-23 21:14:10.909] [WorldPop] Cells to spawn: 113, already spawned: 0
[2026-06-23 21:14:11.860] [WorldPop] Player moved to grid (21,48) fast=False, spawnRadius=6, despawnRadius=10
[2026-06-23 21:14:11.861] [WorldPop] Cells to spawn: 113, already spawned: 0
[2026-06-23 21:14:11.875] [WorldPop] Player moved to grid (24,49) fast=False, spawnRadius=6, despawnRadius=10
[2026-06-23 21:14:11.876] [WorldPop] Cells to spawn: 113, already spawned: 0
[2026-06-23 21:14:12.867] [WorldPop] Player moved to grid (21,48) fast=False, spawnRadius=6, despawnRadius=10
[2026-06-23 21:14:12.868] [WorldPop] Cells to spawn: 113, already spawned: 0
[2026-06-23 21:14:12.915] [WorldPop] Player moved to grid (24,49) fast=False, spawnRadius=6, despawnRadius=10
[2026-06-23 21:14:12.916] [WorldPop] Cells to spawn: 113, already spawned: 0
[2026-06-23 21:14:13.859] [WorldPop] Player moved to grid (21,48) fast=False, spawnRadius=6, despawnRadius=10
[2026-06-23 21:14:13.859] [WorldPop] Cells to spawn: 113, already spawned: 0
[2026-06-23 21:14:13.874] [WorldPop] Player moved to grid (24,49) fast=False, spawnRadius=6, despawnRadius=10
[2026-06-23 21:14:13.874] [WorldPop] Cells to spawn: 113, already spawned: 0
[2026-06-23 21:14:14.856] [WorldPop] Player moved to grid (21,48) fast=False, spawnRadius=6, despawnRadius=10
[2026-06-23 21:14:14.856] [WorldPop] Cells to spawn: 113, already spawned: 0
[2026-06-23 21:14:14.921] [WorldPop] Player moved to grid (24,49) fast=False, spawnRadius=6, despawnRadius=10
[2026-06-23 21:14:14.921] [WorldPop] Cells to spawn: 113, already spawned: 0
[2026-06-23 21:14:15.870] [WorldPop] Player moved to grid (21,48) fast=False, spawnRadius=6, despawnRadius=10
[2026-06-23 21:14:15.871] [WorldPop] Cells to spawn: 113, already spawned: 0
[2026-06-23 21:14:15.883] [WorldPop] Player moved to grid (24,49) fast=False, spawnRadius=6, despawnRadius=10
[2026-06-23 21:14:15.883] [WorldPop] Cells to spawn: 113, already spawned: 0
[2026-06-23 21:14:16.861] [WorldPop] Player moved to grid (21,48) fast=False, spawnRadius=6, despawnRadius=10
[2026-06-23 21:14:16.862] [WorldPop] Cells to spawn: 113, already spawned: 0
[2026-06-23 21:14:16.910] [WorldPop] Player moved to grid (24,49) fast=False, spawnRadius=6, despawnRadius=10
[2026-06-23 21:14:16.910] [WorldPop] Cells to spawn: 113, already spawned: 0
[2026-06-23 21:14:17.867] [WorldPop] Player moved to grid (21,48) fast=False, spawnRadius=6, despawnRadius=10
[2026-06-23 21:14:17.867] [WorldPop] Cells to spawn: 113, already spawned: 0
[2026-06-23 21:14:17.884] [WorldPop] Player moved to grid (24,49) fast=False, spawnRadius=6, despawnRadius=10
[2026-06-23 21:14:17.884] [WorldPop] Cells to spawn: 113, already spawned: 0
[2026-06-23 21:14:18.861] [WorldPop] Player moved to grid (21,48) fast=False, spawnRadius=6, despawnRadius=10
[2026-06-23 21:14:18.862] [WorldPop] Cells to spawn: 113, already spawned: 0
[2026-06-23 21:14:18.924] [WorldPop] Player moved to grid (24,49) fast=False, spawnRadius=6, despawnRadius=10
[2026-06-23 21:14:18.924] [WorldPop] Cells to spawn: 113, already spawned: 0
[2026-06-23 21:14:19.865] [WorldPop] Player moved to grid (21,48) fast=False, spawnRadius=6, despawnRadius=10
[2026-06-23 21:14:19.865] [WorldPop] Cells to spawn: 113, already spawned: 0
[2026-06-23 21:14:19.883] [WorldPop] Player moved to grid (24,49) fast=False, spawnRadius=6, despawnRadius=10
[2026-06-23 21:14:19.883] [WorldPop] Cells to spawn: 113, already spawned: 0
[2026-06-23 21:14:20.859] [WorldPop] Player moved to grid (21,48) fast=False, spawnRadius=6, despawnRadius=10
[2026-06-23 21:14:20.859] [WorldPop] Cells to spawn: 113, already spawned: 0
[2026-06-23 21:14:20.923] [WorldPop] Player moved to grid (24,49) fast=False, spawnRadius=6, despawnRadius=10
[2026-06-23 21:14:20.923] [WorldPop] Cells to spawn: 113, already spawned: 0
[2026-06-23 21:14:21.860] [WorldPop] Player moved to grid (21,48) fast=False, spawnRadius=6, despawnRadius=10
[2026-06-23 21:14:21.860] [WorldPop] Cells to spawn: 113, already spawned: 0
[2026-06-23 21:14:21.877] [WorldPop] Player moved to grid (24,49) fast=False, spawnRadius=6, despawnRadius=10
[2026-06-23 21:14:21.877] [WorldPop] Cells to spawn: 113, already spawned: 0
[2026-06-23 21:14:22.865] [WorldPop] Player moved to grid (21,48) fast=False, spawnRadius=6, despawnRadius=10
[2026-06-23 21:14:22.865] [WorldPop] Cells to spawn: 113, already spawned: 0
[2026-06-23 21:14:22.914] [WorldPop] Player moved to grid (24,49) fast=False, spawnRadius=6, despawnRadius=10
[2026-06-23 21:14:22.914] [WorldPop] Cells to spawn: 113, already spawned: 0
[2026-06-23 21:14:23.632] [WorldPop] Player moved to grid (24,49) fast=True, spawnRadius=12, despawnRadius=20
[2026-06-23 21:14:23.632] [WorldPop] Cells to spawn: 441, already spawned: 0
[2026-06-23 21:14:23.879] [WorldPop] Player moved to grid (21,48) fast=False, spawnRadius=6, despawnRadius=10
[2026-06-23 21:14:23.879] [WorldPop] Cells to spawn: 113, already spawned: 0
[2026-06-23 21:14:23.908] [WorldPop] Player moved to grid (24,49) fast=False, spawnRadius=6, despawnRadius=10
[2026-06-23 21:14:23.908] [WorldPop] Cells to spawn: 113, already spawned: 0
[2026-06-23 21:14:24.857] [WorldPop] Player moved to grid (21,48) fast=False, spawnRadius=6, despawnRadius=10
[2026-06-23 21:14:24.858] [WorldPop] Cells to spawn: 113, already spawned: 0
[2026-06-23 21:14:24.921] [WorldPop] Player moved to grid (24,49) fast=False, spawnRadius=6, despawnRadius=10
[2026-06-23 21:14:24.921] [WorldPop] Cells to spawn: 113, already spawned: 0
[2026-06-23 21:14:25.856] [WorldPop] Player moved to grid (21,48) fast=False, spawnRadius=6, despawnRadius=10
[2026-06-23 21:14:25.856] [WorldPop] Cells to spawn: 113, already spawned: 0
[2026-06-23 21:14:25.897] [WorldPop] Player moved to grid (24,49) fast=False, spawnRadius=6, despawnRadius=10
[2026-06-23 21:14:25.897] [WorldPop] Cells to spawn: 113, already spawned: 0
[2026-06-23 21:14:26.861] [WorldPop] Player moved to grid (21,48) fast=False, spawnRadius=6, despawnRadius=10
[2026-06-23 21:14:26.862] [WorldPop] Cells to spawn: 113, already spawned: 0
[2026-06-23 21:14:26.908] [WorldPop] Player moved to grid (24,49) fast=False, spawnRadius=6, despawnRadius=10
[2026-06-23 21:14:26.908] [WorldPop] Cells to spawn: 113, already spawned: 0
[2026-06-23 21:14:27.861] [WorldPop] Player moved to grid (21,48) fast=False, spawnRadius=6, despawnRadius=10
[2026-06-23 21:14:27.861] [WorldPop] Cells to spawn: 113, already spawned: 0
[2026-06-23 21:14:27.875] [WorldPop] Player moved to grid (24,49) fast=False, spawnRadius=6, despawnRadius=10
[2026-06-23 21:14:27.875] [WorldPop] Cells to spawn: 113, already spawned: 0
[2026-06-23 21:14:28.869] [WorldPop] Player moved to grid (21,48) fast=False, spawnRadius=6, despawnRadius=10
[2026-06-23 21:14:28.870] [WorldPop] Cells to spawn: 113, already spawned: 0
[2026-06-23 21:14:28.919] [WorldPop] Player moved to grid (24,49) fast=False, spawnRadius=6, despawnRadius=10
[2026-06-23 21:14:28.919] [WorldPop] Cells to spawn: 113, already spawned: 0
[2026-06-23 21:14:29.856] [WorldPop] Player moved to grid (21,48) fast=False, spawnRadius=6, despawnRadius=10
[2026-06-23 21:14:30.523] [WorldPop] Cells to spawn: 113, already spawned: 0
[2026-06-23 21:14:30.534] [WorldPop] Player moved to grid (24,49) fast=False, spawnRadius=6, despawnRadius=10
[2026-06-23 21:14:30.534] [WorldPop] Cells to spawn: 113, already spawned: 0
[2026-06-23 21:14:30.857] [WorldPop] Player moved to grid (21,48) fast=False, spawnRadius=6, despawnRadius=10
[2026-06-23 21:14:30.858] [WorldPop] Cells to spawn: 113, already spawned: 0
[2026-06-23 21:14:30.930] [WorldPop] Player moved to grid (24,49) fast=False, spawnRadius=6, despawnRadius=10
[2026-06-23 21:14:30.931] [WorldPop] Cells to spawn: 113, already spawned: 0
[2026-06-23 21:14:31.864] [WorldPop] Player moved to grid (21,48) fast=False, spawnRadius=6, despawnRadius=10
[2026-06-23 21:14:31.865] [WorldPop] Cells to spawn: 113, already spawned: 0
[2026-06-23 21:14:31.879] [WorldPop] Player moved to grid (24,49) fast=False, spawnRadius=6, despawnRadius=10
[2026-06-23 21:14:31.879] [WorldPop] Cells to spawn: 113, already spawned: 0
[2026-06-23 21:14:32.862] [WorldPop] Player moved to grid (21,48) fast=False, spawnRadius=6, despawnRadius=10
[2026-06-23 21:14:32.862] [WorldPop] Cells to spawn: 113, already spawned: 0
[2026-06-23 21:14:32.910] [WorldPop] Player moved to grid (24,49) fast=False, spawnRadius=6, despawnRadius=10
[2026-06-23 21:14:32.910] [WorldPop] Cells to spawn: 113, already spawned: 0
[2026-06-23 21:14:33.867] [WorldPop] Player moved to grid (21,48) fast=False, spawnRadius=6, despawnRadius=10
[2026-06-23 21:14:33.868] [WorldPop] Cells to spawn: 113, already spawned: 0
[2026-06-23 21:14:33.884] [WorldPop] Player moved to grid (24,49) fast=False, spawnRadius=6, despawnRadius=10
[2026-06-23 21:14:33.884] [WorldPop] Cells to spawn: 113, already spawned: 0
[2026-06-23 21:14:34.862] [WorldPop] Player moved to grid (21,48) fast=False, spawnRadius=6, despawnRadius=10
[2026-06-23 21:14:34.862] [WorldPop] Cells to spawn: 113, already spawned: 0
[2026-06-23 21:14:34.909] [WorldPop] Player moved to grid (24,49) fast=False, spawnRadius=6, despawnRadius=10
[2026-06-23 21:14:34.910] [WorldPop] Cells to spawn: 113, already spawned: 0
[2026-06-23 21:14:35.870] [WorldPop] Player moved to grid (21,48) fast=False, spawnRadius=6, despawnRadius=10
[2026-06-23 21:14:35.871] [WorldPop] Cells to spawn: 113, already spawned: 0
[2026-06-23 21:14:35.882] [WorldPop] Player moved to grid (24,49) fast=False, spawnRadius=6, despawnRadius=10
[2026-06-23 21:14:35.883] [WorldPop] Cells to spawn: 113, already spawned: 0
[2026-06-23 21:14:36.869] [WorldPop] Player moved to grid (21,48) fast=False, spawnRadius=6, despawnRadius=10
[2026-06-23 21:14:36.869] [WorldPop] Cells to spawn: 113, already spawned: 0
[2026-06-23 21:14:36.918] [WorldPop] Player moved to grid (24,49) fast=False, spawnRadius=6, despawnRadius=10
[2026-06-23 21:14:36.918] [WorldPop] Cells to spawn: 113, already spawned: 0
[2026-06-23 21:14:37.862] [WorldPop] Player moved to grid (21,48) fast=False, spawnRadius=6, despawnRadius=10
[2026-06-23 21:14:37.862] [WorldPop] Cells to spawn: 113, already spawned: 0
[2026-06-23 21:14:37.878] [WorldPop] Player moved to grid (24,49) fast=False, spawnRadius=6, despawnRadius=10
[2026-06-23 21:14:37.878] [WorldPop] Cells to spawn: 113, already spawned: 0
[2026-06-23 21:14:38.866] [WorldPop] Player moved to grid (21,48) fast=False, spawnRadius=6, despawnRadius=10
[2026-06-23 21:14:38.867] [WorldPop] Cells to spawn: 113, already spawned: 0
[2026-06-23 21:14:38.917] [WorldPop] Player moved to grid (24,49) fast=False, spawnRadius=6, despawnRadius=10
[2026-06-23 21:14:38.917] [WorldPop] Cells to spawn: 113, already spawned: 0
[2026-06-23 21:14:39.857] [WorldPop] Player moved to grid (21,48) fast=False, spawnRadius=6, despawnRadius=10
[2026-06-23 21:14:39.857] [WorldPop] Cells to spawn: 113, already spawned: 0
[2026-06-23 21:14:39.872] [WorldPop] Player moved to grid (24,49) fast=False, spawnRadius=6, despawnRadius=10
[2026-06-23 21:14:39.872] [WorldPop] Cells to spawn: 113, already spawned: 0
[2026-06-23 21:14:40.855] [WorldPop] Player moved to grid (21,48) fast=False, spawnRadius=6, despawnRadius=10
[2026-06-23 21:14:40.855] [WorldPop] Cells to spawn: 113, already spawned: 0
[2026-06-23 21:14:40.921] [WorldPop] Player moved to grid (24,49) fast=False, spawnRadius=6, despawnRadius=10
[2026-06-23 21:14:40.921] [WorldPop] Cells to spawn: 113, already spawned: 0
[2026-06-23 21:14:41.861] [WorldPop] Player moved to grid (21,48) fast=False, spawnRadius=6, despawnRadius=10
[2026-06-23 21:14:41.862] [WorldPop] Cells to spawn: 113, already spawned: 0
[2026-06-23 21:14:41.875] [WorldPop] Player moved to grid (24,49) fast=False, spawnRadius=6, despawnRadius=10
[2026-06-23 21:14:41.875] [WorldPop] Cells to spawn: 113, already spawned: 0
[2026-06-23 21:14:42.856] [WorldPop] Player moved to grid (21,48) fast=False, spawnRadius=6, despawnRadius=10
[2026-06-23 21:14:42.857] [WorldPop] Cells to spawn: 113, already spawned: 0
[2026-06-23 21:14:42.919] [WorldPop] Player moved to grid (24,49) fast=False, spawnRadius=6, despawnRadius=10
[2026-06-23 21:14:42.920] [WorldPop] Cells to spawn: 113, already spawned: 0
[2026-06-23 21:14:43.788] [WorldPop] Player moved to grid (24,49) fast=True, spawnRadius=12, despawnRadius=20
[2026-06-23 21:14:43.788] [WorldPop] Cells to spawn: 441, already spawned: 0
[2026-06-23 21:14:43.852] [WorldPop] Player moved to grid (21,48) fast=False, spawnRadius=6, despawnRadius=10
[2026-06-23 21:14:43.853] [WorldPop] Cells to spawn: 113, already spawned: 0
[2026-06-23 21:14:43.873] [WorldPop] Player moved to grid (24,49) fast=False, spawnRadius=6, despawnRadius=10
[2026-06-23 21:14:43.873] [WorldPop] Cells to spawn: 113, already spawned: 0
[2026-06-23 21:14:44.861] [WorldPop] Player moved to grid (21,48) fast=False, spawnRadius=6, despawnRadius=10
[2026-06-23 21:14:44.861] [WorldPop] Cells to spawn: 113, already spawned: 0
[2026-06-23 21:14:44.923] [WorldPop] Player moved to grid (24,49) fast=False, spawnRadius=6, despawnRadius=10
[2026-06-23 21:14:44.923] [WorldPop] Cells to spawn: 113, already spawned: 0
[2026-06-23 21:14:45.866] [WorldPop] Player moved to grid (21,48) fast=False, spawnRadius=6, despawnRadius=10
[2026-06-23 21:14:45.866] [WorldPop] Cells to spawn: 113, already spawned: 0
[2026-06-23 21:14:45.890] [WorldPop] Player moved to grid (24,49) fast=False, spawnRadius=6, despawnRadius=10
[2026-06-23 21:14:45.890] [WorldPop] Cells to spawn: 113, already spawned: 0
[2026-06-23 21:14:46.872] [WorldPop] Player moved to grid (21,48) fast=False, spawnRadius=6, despawnRadius=10
[2026-06-23 21:14:46.873] [WorldPop] Cells to spawn: 113, already spawned: 0
[2026-06-23 21:14:46.926] [WorldPop] Player moved to grid (24,49) fast=False, spawnRadius=6, despawnRadius=10
[2026-06-23 21:14:46.926] [WorldPop] Cells to spawn: 113, already spawned: 0
[2026-06-23 21:14:47.873] [WorldPop] Player moved to grid (21,48) fast=False, spawnRadius=6, despawnRadius=10
[2026-06-23 21:14:47.873] [WorldPop] Cells to spawn: 113, already spawned: 0
[2026-06-23 21:14:47.892] [WorldPop] Player moved to grid (24,49) fast=False, spawnRadius=6, despawnRadius=10
[2026-06-23 21:14:47.892] [WorldPop] Cells to spawn: 113, already spawned: 0
[2026-06-23 21:14:48.865] [WorldPop] Player moved to grid (21,48) fast=False, spawnRadius=6, despawnRadius=10
[2026-06-23 21:14:48.866] [WorldPop] Cells to spawn: 113, already spawned: 0
[2026-06-23 21:14:48.912] [WorldPop] Player moved to grid (24,49) fast=False, spawnRadius=6, despawnRadius=10
[2026-06-23 21:14:49.016] [WorldPop] Cells to spawn: 113, already spawned: 0
[2026-06-23 21:14:49.863] [WorldPop] Player moved to grid (21,48) fast=False, spawnRadius=6, despawnRadius=10
[2026-06-23 21:14:49.863] [WorldPop] Cells to spawn: 113, already spawned: 0
[2026-06-23 21:14:49.892] [WorldPop] Player moved to grid (24,49) fast=False, spawnRadius=6, despawnRadius=10
[2026-06-23 21:14:49.893] [WorldPop] Cells to spawn: 113, already spawned: 0
[2026-06-23 21:14:50.860] [WorldPop] Player moved to grid (21,48) fast=False, spawnRadius=6, despawnRadius=10
[2026-06-23 21:14:50.860] [WorldPop] Cells to spawn: 113, already spawned: 0
[2026-06-23 21:14:50.922] [WorldPop] Player moved to grid (24,49) fast=False, spawnRadius=6, despawnRadius=10
[2026-06-23 21:14:50.922] [WorldPop] Cells to spawn: 113, already spawned: 0
[2026-06-23 21:18:25.951] DebugLogger initialized
[2026-06-23 21:18:25.957] Server starting - DebugLogger initialized
[2026-06-23 21:19:10.374] [WorldPop] SendWorldPopulation called
[2026-06-23 21:19:10.384] [WorldPop] Cells to spawn: 113, already spawned: 0
[2026-06-23 21:19:10.400] [WorldPop] Spawned 51 new NPCs, restored 0 hidden NPCs in 113 cells (total alive: 51)
[2026-06-23 21:19:11.394] [WorldPop] SendWorldPopulation called
[2026-06-23 21:19:11.395] [WorldPop] Cells to spawn: 113, already spawned: 0
[2026-06-23 21:19:11.404] [WorldPop] Spawned 51 new NPCs, restored 0 hidden NPCs in 113 cells (total alive: 51)
[2026-06-23 21:19:11.528] [WorldPop] Player moved to grid (-26,59) fast=False, spawnRadius=6, despawnRadius=10
[2026-06-23 21:19:11.529] [WorldPop] Cells to spawn: 80, already spawned: 33
[2026-06-23 21:19:18.425] [WorldPop] Player moved to grid (25,49) fast=False, spawnRadius=6, despawnRadius=10
[2026-06-23 21:19:18.426] [WorldPop] Cells to spawn: 113, already spawned: 33
[2026-06-23 21:19:18.429] [WorldPop] Hidden 51 NPCs below ground from 33 distant cells
[2026-06-23 21:19:19.717] [WorldPop] Player moved to grid (24,49) fast=False, spawnRadius=6, despawnRadius=10
[2026-06-23 21:19:19.717] [WorldPop] Cells to spawn: 113, already spawned: 0
[2026-06-23 21:19:45.116] [WorldPop] Player moved to grid (23,49) fast=False, spawnRadius=6, despawnRadius=10
[2026-06-23 21:19:45.117] [WorldPop] Cells to spawn: 113, already spawned: 0
[2026-06-23 21:19:47.111] [WorldPop] Player moved to grid (22,49) fast=False, spawnRadius=6, despawnRadius=10
[2026-06-23 21:19:47.112] [WorldPop] Cells to spawn: 113, already spawned: 0
[2026-06-23 21:19:49.136] [WorldPop] Player moved to grid (21,49) fast=False, spawnRadius=6, despawnRadius=10
[2026-06-23 21:19:49.137] [WorldPop] Cells to spawn: 113, already spawned: 0
[2026-06-23 21:19:51.120] [WorldPop] Player moved to grid (21,48) fast=False, spawnRadius=6, despawnRadius=10
[2026-06-23 21:19:51.120] [WorldPop] Cells to spawn: 113, already spawned: 0
[2026-06-23 21:19:53.139] [WorldPop] Player moved to grid (21,47) fast=False, spawnRadius=6, despawnRadius=10
[2026-06-23 21:19:53.140] [WorldPop] Cells to spawn: 113, already spawned: 0
[2026-06-23 21:19:54.115] [WorldPop] Player moved to grid (22,47) fast=False, spawnRadius=6, despawnRadius=10
[2026-06-23 21:19:54.115] [WorldPop] Cells to spawn: 113, already spawned: 0
[2026-06-23 21:19:56.122] [WorldPop] Player moved to grid (23,47) fast=False, spawnRadius=6, despawnRadius=10
[2026-06-23 21:19:56.122] [WorldPop] Cells to spawn: 113, already spawned: 0
[2026-06-23 21:19:58.113] [WorldPop] Player moved to grid (24,47) fast=False, spawnRadius=6, despawnRadius=10
[2026-06-23 21:19:58.114] [WorldPop] Cells to spawn: 113, already spawned: 0
[2026-06-23 21:20:01.119] [WorldPop] Player moved to grid (25,48) fast=False, spawnRadius=6, despawnRadius=10
[2026-06-23 21:20:01.119] [WorldPop] Cells to spawn: 113, already spawned: 0
[2026-06-23 21:20:02.119] [WorldPop] Player moved to grid (25,49) fast=False, spawnRadius=6, despawnRadius=10
[2026-06-23 21:20:02.120] [WorldPop] Cells to spawn: 113, already spawned: 0
[2026-06-23 21:20:03.115] [WorldPop] Player moved to grid (25,50) fast=False, spawnRadius=6, despawnRadius=10
[2026-06-23 21:20:03.115] [WorldPop] Cells to spawn: 113, already spawned: 0
[2026-06-23 21:20:05.127] [WorldPop] Player moved to grid (25,51) fast=False, spawnRadius=6, despawnRadius=10
[2026-06-23 21:20:05.128] [WorldPop] Cells to spawn: 113, already spawned: 0
[2026-06-23 21:20:06.106] [WorldPop] Player moved to grid (25,52) fast=False, spawnRadius=6, despawnRadius=10
[2026-06-23 21:20:06.106] [WorldPop] Cells to spawn: 113, already spawned: 0
[2026-06-23 21:20:08.115] [WorldPop] Player moved to grid (25,53) fast=False, spawnRadius=6, despawnRadius=10
[2026-06-23 21:20:08.116] [WorldPop] Cells to spawn: 113, already spawned: 0
[2026-06-23 21:20:10.120] [WorldPop] Player moved to grid (25,54) fast=False, spawnRadius=6, despawnRadius=10
[2026-06-23 21:20:10.121] [WorldPop] Cells to spawn: 113, already spawned: 0
[2026-06-23 21:20:20.162] [WorldPop] Player moved to grid (25,55) fast=False, spawnRadius=6, despawnRadius=10
[2026-06-23 21:20:20.162] [WorldPop] Cells to spawn: 113, already spawned: 0
[2026-06-23 21:20:23.137] [WorldPop] Player moved to grid (24,55) fast=False, spawnRadius=6, despawnRadius=10
[2026-06-23 21:20:23.138] [WorldPop] Cells to spawn: 113, already spawned: 0
[2026-06-23 21:20:25.139] [WorldPop] Player moved to grid (23,55) fast=False, spawnRadius=6, despawnRadius=10
[2026-06-23 21:20:25.139] [WorldPop] Cells to spawn: 113, already spawned: 0
[2026-06-23 21:20:27.149] [WorldPop] Player moved to grid (22,55) fast=False, spawnRadius=6, despawnRadius=10
[2026-06-23 21:20:27.150] [WorldPop] Cells to spawn: 113, already spawned: 0
[2026-06-23 21:20:28.138] [WorldPop] Player moved to grid (21,55) fast=False, spawnRadius=6, despawnRadius=10
[2026-06-23 21:20:28.138] [WorldPop] Cells to spawn: 113, already spawned: 0
[2026-06-23 21:20:29.143] [WorldPop] Player moved to grid (20,55) fast=False, spawnRadius=6, despawnRadius=10
[2026-06-23 21:20:29.143] [WorldPop] Cells to spawn: 113, already spawned: 0
[2026-06-23 21:20:31.168] [WorldPop] Player moved to grid (19,55) fast=False, spawnRadius=6, despawnRadius=10
[2026-06-23 21:20:31.168] [WorldPop] Cells to spawn: 113, already spawned: 0
[2026-06-23 21:20:33.150] [WorldPop] Player moved to grid (19,54) fast=False, spawnRadius=6, despawnRadius=10
[2026-06-23 21:20:33.150] [WorldPop] Cells to spawn: 113, already spawned: 0
[2026-06-23 21:20:35.158] [WorldPop] Player moved to grid (19,53) fast=False, spawnRadius=6, despawnRadius=10
[2026-06-23 21:20:35.158] [WorldPop] Cells to spawn: 113, already spawned: 0
[2026-06-23 21:20:37.139] [WorldPop] Player moved to grid (18,52) fast=False, spawnRadius=6, despawnRadius=10
[2026-06-23 21:20:37.139] [WorldPop] Cells to spawn: 113, already spawned: 0
[2026-06-23 21:20:38.171] [WorldPop] Player moved to grid (18,53) fast=False, spawnRadius=6, despawnRadius=10
[2026-06-23 21:20:38.172] [WorldPop] Cells to spawn: 113, already spawned: 0
[2026-06-23 21:20:39.138] [WorldPop] Player moved to grid (17,52) fast=False, spawnRadius=6, despawnRadius=10
[2026-06-23 21:20:39.138] [WorldPop] Cells to spawn: 113, already spawned: 0
[2026-06-23 21:20:40.171] [WorldPop] Player moved to grid (16,53) fast=False, spawnRadius=6, despawnRadius=10
[2026-06-23 21:20:40.171] [WorldPop] Cells to spawn: 113, already spawned: 0
[2026-06-23 21:20:42.143] [WorldPop] Player moved to grid (15,52) fast=False, spawnRadius=6, despawnRadius=10
[2026-06-23 21:20:42.144] [WorldPop] Cells to spawn: 113, already spawned: 0
[2026-06-23 21:20:44.154] [WorldPop] Player moved to grid (14,51) fast=False, spawnRadius=6, despawnRadius=10
[2026-06-23 21:20:44.154] [WorldPop] Cells to spawn: 113, already spawned: 0
[2026-06-23 21:20:45.151] [WorldPop] Player moved to grid (14,50) fast=False, spawnRadius=6, despawnRadius=10
[2026-06-23 21:20:45.151] [WorldPop] Cells to spawn: 113, already spawned: 0
[2026-06-23 21:20:47.442] [WorldPop] Player moved to grid (14,49) fast=False, spawnRadius=6, despawnRadius=10
[2026-06-23 21:20:47.443] [WorldPop] Cells to spawn: 113, already spawned: 0
[2026-06-23 21:20:48.432] [WorldPop] Player moved to grid (14,48) fast=False, spawnRadius=6, despawnRadius=10
[2026-06-23 21:20:48.433] [WorldPop] Cells to spawn: 113, already spawned: 0
[2026-06-23 21:20:49.434] [WorldPop] Player moved to grid (15,47) fast=False, spawnRadius=6, despawnRadius=10
[2026-06-23 21:20:49.434] [WorldPop] Cells to spawn: 113, already spawned: 0
[2026-06-23 21:20:51.447] [WorldPop] Player moved to grid (15,46) fast=False, spawnRadius=6, despawnRadius=10
[2026-06-23 21:20:51.447] [WorldPop] Cells to spawn: 113, already spawned: 0
[2026-06-23 21:20:52.435] [WorldPop] Player moved to grid (15,45) fast=False, spawnRadius=6, despawnRadius=10
[2026-06-23 21:20:52.435] [WorldPop] Cells to spawn: 113, already spawned: 0
[2026-06-23 21:20:53.444] [WorldPop] Player moved to grid (15,44) fast=False, spawnRadius=6, despawnRadius=10
[2026-06-23 21:20:53.444] [WorldPop] Cells to spawn: 113, already spawned: 0
[2026-06-23 21:20:55.435] [WorldPop] Player moved to grid (15,43) fast=False, spawnRadius=6, despawnRadius=10
[2026-06-23 21:20:55.435] [WorldPop] Cells to spawn: 113, already spawned: 0
[2026-06-23 21:20:56.442] [WorldPop] Player moved to grid (16,43) fast=False, spawnRadius=6, despawnRadius=10
[2026-06-23 21:20:56.442] [WorldPop] Cells to spawn: 113, already spawned: 0
[2026-06-23 21:20:57.435] [WorldPop] Player moved to grid (17,43) fast=False, spawnRadius=6, despawnRadius=10
[2026-06-23 21:20:57.435] [WorldPop] Cells to spawn: 113, already spawned: 0
[2026-06-23 21:20:59.440] [WorldPop] Player moved to grid (18,43) fast=False, spawnRadius=6, despawnRadius=10
[2026-06-23 21:20:59.441] [WorldPop] Cells to spawn: 113, already spawned: 0
[2026-06-23 21:21:00.429] [WorldPop] Player moved to grid (18,42) fast=False, spawnRadius=6, despawnRadius=10
[2026-06-23 21:21:00.430] [WorldPop] Cells to spawn: 113, already spawned: 0
[2026-06-23 21:21:01.434] [WorldPop] Player moved to grid (18,41) fast=False, spawnRadius=6, despawnRadius=10
[2026-06-23 21:21:01.434] [WorldPop] Cells to spawn: 113, already spawned: 0
[2026-06-23 21:21:03.451] [WorldPop] Player moved to grid (18,40) fast=False, spawnRadius=6, despawnRadius=10
[2026-06-23 21:21:03.451] [WorldPop] Cells to spawn: 113, already spawned: 0
[2026-06-23 21:21:04.423] [WorldPop] Player moved to grid (18,39) fast=False, spawnRadius=6, despawnRadius=10
[2026-06-23 21:21:04.424] [WorldPop] Cells to spawn: 113, already spawned: 0
[2026-06-23 21:21:06.446] [WorldPop] Player moved to grid (18,38) fast=False, spawnRadius=6, despawnRadius=10
[2026-06-23 21:21:06.446] [WorldPop] Cells to spawn: 113, already spawned: 0
[2026-06-23 21:21:07.629] [WorldPop] Player moved to grid (17,37) fast=False, spawnRadius=6, despawnRadius=10
[2026-06-23 21:21:07.629] [WorldPop] Cells to spawn: 113, already spawned: 0
[2026-06-23 21:21:09.495] [WorldPop] Player moved to grid (17,36) fast=False, spawnRadius=6, despawnRadius=10
[2026-06-23 21:21:09.495] [WorldPop] Cells to spawn: 113, already spawned: 0
[2026-06-23 21:21:10.504] [WorldPop] Player moved to grid (18,36) fast=False, spawnRadius=6, despawnRadius=10
[2026-06-23 21:21:10.504] [WorldPop] Cells to spawn: 113, already spawned: 0
[2026-06-23 21:21:12.481] [WorldPop] Player moved to grid (19,35) fast=False, spawnRadius=6, despawnRadius=10
[2026-06-23 21:21:12.482] [WorldPop] Cells to spawn: 113, already spawned: 0
[2026-06-23 21:21:13.488] [WorldPop] Player moved to grid (20,35) fast=False, spawnRadius=6, despawnRadius=10
[2026-06-23 21:21:13.489] [WorldPop] Cells to spawn: 113, already spawned: 0
[2026-06-23 21:21:15.492] [WorldPop] Player moved to grid (21,35) fast=False, spawnRadius=6, despawnRadius=10
[2026-06-23 21:21:15.492] [WorldPop] Cells to spawn: 113, already spawned: 0
[2026-06-23 21:21:16.499] [WorldPop] Player moved to grid (22,34) fast=False, spawnRadius=6, despawnRadius=10
[2026-06-23 21:21:16.499] [WorldPop] Cells to spawn: 113, already spawned: 0
[2026-06-23 21:21:18.477] [WorldPop] Player moved to grid (23,34) fast=False, spawnRadius=6, despawnRadius=10
[2026-06-23 21:21:18.478] [WorldPop] Cells to spawn: 113, already spawned: 0
[2026-06-23 21:21:19.490] [WorldPop] Player moved to grid (24,33) fast=False, spawnRadius=6, despawnRadius=10
[2026-06-23 21:21:19.491] [WorldPop] Cells to spawn: 113, already spawned: 0
[2026-06-23 21:21:21.490] [WorldPop] Player moved to grid (25,33) fast=False, spawnRadius=6, despawnRadius=10
[2026-06-23 21:21:21.491] [WorldPop] Cells to spawn: 113, already spawned: 0
[2026-06-23 21:21:22.485] [WorldPop] Player moved to grid (26,32) fast=False, spawnRadius=6, despawnRadius=10
[2026-06-23 21:21:22.485] [WorldPop] Cells to spawn: 113, already spawned: 0
[2026-06-23 21:21:23.487] [WorldPop] Player moved to grid (27,32) fast=False, spawnRadius=6, despawnRadius=10
[2026-06-23 21:21:23.487] [WorldPop] Cells to spawn: 113, already spawned: 0
[2026-06-23 21:21:24.500] [WorldPop] Player moved to grid (27,31) fast=False, spawnRadius=6, despawnRadius=10
[2026-06-23 21:21:24.501] [WorldPop] Cells to spawn: 113, already spawned: 0
[2026-06-23 21:21:25.484] [WorldPop] Player moved to grid (28,31) fast=False, spawnRadius=6, despawnRadius=10
[2026-06-23 21:21:25.485] [WorldPop] Cells to spawn: 113, already spawned: 0
[2026-06-23 21:21:26.496] [WorldPop] Player moved to grid (29,31) fast=False, spawnRadius=6, despawnRadius=10
[2026-06-23 21:21:26.496] [WorldPop] Cells to spawn: 113, already spawned: 0
[2026-06-23 21:21:27.487] [WorldPop] Player moved to grid (29,30) fast=False, spawnRadius=6, despawnRadius=10
[2026-06-23 21:21:27.487] [WorldPop] Cells to spawn: 113, already spawned: 0
[2026-06-23 21:21:28.480] [WorldPop] Player moved to grid (30,30) fast=False, spawnRadius=6, despawnRadius=10
[2026-06-23 21:21:28.480] [WorldPop] Cells to spawn: 113, already spawned: 0
[2026-06-23 21:21:29.498] [WorldPop] Player moved to grid (31,30) fast=False, spawnRadius=6, despawnRadius=10
[2026-06-23 21:21:29.499] [WorldPop] Cells to spawn: 113, already spawned: 0
[2026-06-23 21:21:30.483] [WorldPop] Player moved to grid (31,29) fast=False, spawnRadius=6, despawnRadius=10
[2026-06-23 21:21:30.483] [WorldPop] Cells to spawn: 113, already spawned: 0
[2026-06-23 21:21:31.487] [WorldPop] Player moved to grid (32,29) fast=False, spawnRadius=6, despawnRadius=10
[2026-06-23 21:21:31.487] [WorldPop] Cells to spawn: 113, already spawned: 0
[2026-06-23 21:21:33.503] [WorldPop] Player moved to grid (33,29) fast=False, spawnRadius=6, despawnRadius=10
[2026-06-23 21:21:33.503] [WorldPop] Cells to spawn: 113, already spawned: 0
[2026-06-23 21:21:34.484] [WorldPop] Player moved to grid (34,29) fast=False, spawnRadius=6, despawnRadius=10
[2026-06-23 21:21:34.484] [WorldPop] Cells to spawn: 113, already spawned: 0
[2026-06-23 21:21:35.494] [WorldPop] Player moved to grid (35,28) fast=False, spawnRadius=6, despawnRadius=10
[2026-06-23 21:21:35.495] [WorldPop] Cells to spawn: 113, already spawned: 0
[2026-06-23 21:21:37.487] [WorldPop] Player moved to grid (36,28) fast=False, spawnRadius=6, despawnRadius=10
[2026-06-23 21:21:37.487] [WorldPop] Cells to spawn: 113, already spawned: 0
[2026-06-23 21:21:40.488] [WorldPop] Player moved to grid (37,27) fast=False, spawnRadius=6, despawnRadius=10
[2026-06-23 21:21:40.489] [WorldPop] Cells to spawn: 113, already spawned: 0
[2026-06-23 21:21:42.502] [WorldPop] Player moved to grid (38,27) fast=False, spawnRadius=6, despawnRadius=10
[2026-06-23 21:21:42.502] [WorldPop] Cells to spawn: 113, already spawned: 0
[2026-06-23 21:21:44.480] [WorldPop] Player moved to grid (37,28) fast=False, spawnRadius=6, despawnRadius=10
[2026-06-23 21:21:44.480] [WorldPop] Cells to spawn: 113, already spawned: 0
[2026-06-23 21:21:47.480] [WorldPop] Player moved to grid (37,29) fast=False, spawnRadius=6, despawnRadius=10
[2026-06-23 21:21:47.480] [WorldPop] Cells to spawn: 113, already spawned: 0
[2026-06-23 21:21:52.655] [WorldPop] Player moved to grid (37,28) fast=False, spawnRadius=6, despawnRadius=10
[2026-06-23 21:21:52.655] [WorldPop] Cells to spawn: 113, already spawned: 0
[2026-06-23 21:21:55.650] [WorldPop] Player moved to grid (38,27) fast=False, spawnRadius=6, despawnRadius=10
[2026-06-23 21:21:55.650] [WorldPop] Cells to spawn: 113, already spawned: 0
[2026-06-23 21:21:57.651] [WorldPop] Player moved to grid (39,28) fast=False, spawnRadius=6, despawnRadius=10
[2026-06-23 21:21:57.651] [WorldPop] Cells to spawn: 113, already spawned: 0
[2026-06-23 21:21:58.667] [WorldPop] Player moved to grid (39,29) fast=False, spawnRadius=6, despawnRadius=10
[2026-06-23 21:21:58.667] [WorldPop] Cells to spawn: 113, already spawned: 0
[2026-06-23 21:22:00.650] [WorldPop] Player moved to grid (39,30) fast=False, spawnRadius=6, despawnRadius=10
[2026-06-23 21:22:00.650] [WorldPop] Cells to spawn: 113, already spawned: 0
[2026-06-23 21:22:01.679] [WorldPop] Player moved to grid (39,31) fast=False, spawnRadius=6, despawnRadius=10
[2026-06-23 21:22:01.679] [WorldPop] Cells to spawn: 113, already spawned: 0
[2026-06-23 21:22:03.656] [WorldPop] Player moved to grid (39,32) fast=False, spawnRadius=6, despawnRadius=10
[2026-06-23 21:22:03.656] [WorldPop] Cells to spawn: 113, already spawned: 0
[2026-06-23 21:22:04.656] [WorldPop] Player moved to grid (40,33) fast=False, spawnRadius=6, despawnRadius=10
[2026-06-23 21:22:04.657] [WorldPop] Cells to spawn: 113, already spawned: 0
[2026-06-23 21:22:06.666] [WorldPop] Player moved to grid (40,34) fast=False, spawnRadius=6, despawnRadius=10
[2026-06-23 21:22:06.667] [WorldPop] Cells to spawn: 113, already spawned: 0
[2026-06-23 21:22:07.647] [WorldPop] Player moved to grid (40,35) fast=False, spawnRadius=6, despawnRadius=10
[2026-06-23 21:22:07.647] [WorldPop] Cells to spawn: 113, already spawned: 0
[2026-06-23 21:22:08.647] [WorldPop] Player moved to grid (40,36) fast=False, spawnRadius=6, despawnRadius=10
[2026-06-23 21:22:08.648] [WorldPop] Cells to spawn: 113, already spawned: 0
[2026-06-23 21:22:10.651] [WorldPop] Player moved to grid (41,37) fast=False, spawnRadius=6, despawnRadius=10
[2026-06-23 21:22:10.652] [WorldPop] Cells to spawn: 113, already spawned: 0
[2026-06-23 21:22:11.648] [WorldPop] Player moved to grid (41,38) fast=False, spawnRadius=6, despawnRadius=10
[2026-06-23 21:22:11.649] [WorldPop] Cells to spawn: 113, already spawned: 0
[2026-06-23 21:22:12.648] [WorldPop] Player moved to grid (41,39) fast=True, spawnRadius=12, despawnRadius=20
[2026-06-23 21:22:12.648] [WorldPop] Cells to spawn: 441, already spawned: 0
[2026-06-23 21:22:13.648] [WorldPop] Player moved to grid (41,40) fast=False, spawnRadius=6, despawnRadius=10
[2026-06-23 21:22:13.648] [WorldPop] Cells to spawn: 113, already spawned: 0
[2026-06-23 21:22:15.659] [WorldPop] Player moved to grid (41,41) fast=False, spawnRadius=6, despawnRadius=10
[2026-06-23 21:22:15.659] [WorldPop] Cells to spawn: 113, already spawned: 0
[2026-06-23 21:22:16.656] [WorldPop] Player moved to grid (42,42) fast=False, spawnRadius=6, despawnRadius=10
[2026-06-23 21:22:16.657] [WorldPop] Cells to spawn: 113, already spawned: 0
[2026-06-23 21:22:17.656] [WorldPop] Player moved to grid (42,43) fast=False, spawnRadius=6, despawnRadius=10
[2026-06-23 21:22:17.656] [WorldPop] Cells to spawn: 113, already spawned: 0
[2026-06-23 21:22:19.655] [WorldPop] Player moved to grid (42,44) fast=False, spawnRadius=6, despawnRadius=10
[2026-06-23 21:22:19.656] [WorldPop] Cells to spawn: 113, already spawned: 0
[2026-06-23 21:22:20.655] [WorldPop] Player moved to grid (42,45) fast=False, spawnRadius=6, despawnRadius=10
[2026-06-23 21:22:20.655] [WorldPop] Cells to spawn: 113, already spawned: 0
[2026-06-23 21:22:21.651] [WorldPop] Player moved to grid (43,46) fast=False, spawnRadius=6, despawnRadius=10
[2026-06-23 21:22:21.651] [WorldPop] Cells to spawn: 113, already spawned: 0
[2026-06-23 21:22:22.655] [WorldPop] Player moved to grid (43,47) fast=False, spawnRadius=6, despawnRadius=10
[2026-06-23 21:22:22.655] [WorldPop] Cells to spawn: 113, already spawned: 0
[2026-06-23 21:22:24.653] [WorldPop] Player moved to grid (43,48) fast=False, spawnRadius=6, despawnRadius=10
[2026-06-23 21:22:24.653] [WorldPop] Cells to spawn: 113, already spawned: 0
[2026-06-23 21:22:25.663] [WorldPop] Player moved to grid (43,49) fast=False, spawnRadius=6, despawnRadius=10
[2026-06-23 21:22:25.663] [WorldPop] Cells to spawn: 113, already spawned: 0
[2026-06-23 21:22:26.651] [WorldPop] Player moved to grid (43,50) fast=False, spawnRadius=6, despawnRadius=10
[2026-06-23 21:22:26.652] [WorldPop] Cells to spawn: 113, already spawned: 0
[2026-06-23 21:22:28.661] [WorldPop] Player moved to grid (44,51) fast=False, spawnRadius=6, despawnRadius=10
[2026-06-23 21:22:28.661] [WorldPop] Cells to spawn: 113, already spawned: 0
[2026-06-23 21:22:29.770] [WorldPop] Player moved to grid (44,52) fast=False, spawnRadius=6, despawnRadius=10
[2026-06-23 21:22:29.770] [WorldPop] Cells to spawn: 113, already spawned: 0
[2026-06-23 21:22:30.650] [WorldPop] Player moved to grid (44,53) fast=False, spawnRadius=6, despawnRadius=10
[2026-06-23 21:22:30.650] [WorldPop] Cells to spawn: 113, already spawned: 0
[2026-06-23 21:22:42.944] [WorldPop] Player moved to grid (44,54) fast=False, spawnRadius=6, despawnRadius=10
[2026-06-23 21:22:42.944] [WorldPop] Cells to spawn: 113, already spawned: 0
[2026-06-23 21:22:44.801] [WorldPop] Player moved to grid (44,55) fast=False, spawnRadius=6, despawnRadius=10
[2026-06-23 21:22:44.801] [WorldPop] Cells to spawn: 113, already spawned: 0
[2026-06-23 21:22:46.795] [WorldPop] Player moved to grid (44,56) fast=False, spawnRadius=6, despawnRadius=10
[2026-06-23 21:22:46.795] [WorldPop] Cells to spawn: 113, already spawned: 0
[2026-06-23 21:22:48.798] [WorldPop] Player moved to grid (44,57) fast=False, spawnRadius=6, despawnRadius=10
[2026-06-23 21:22:48.798] [WorldPop] Cells to spawn: 113, already spawned: 0
[2026-06-23 21:22:49.785] [WorldPop] Player moved to grid (43,57) fast=False, spawnRadius=6, despawnRadius=10
[2026-06-23 21:22:49.785] [WorldPop] Cells to spawn: 113, already spawned: 0
[2026-06-23 21:22:50.797] [WorldPop] Player moved to grid (44,58) fast=False, spawnRadius=6, despawnRadius=10
[2026-06-23 21:22:50.797] [WorldPop] Cells to spawn: 113, already spawned: 0
[2026-06-23 21:22:51.788] [WorldPop] Player moved to grid (43,58) fast=False, spawnRadius=6, despawnRadius=10
[2026-06-23 21:22:51.788] [WorldPop] Cells to spawn: 113, already spawned: 0
[2026-06-23 21:22:53.802] [WorldPop] Player moved to grid (42,59) fast=False, spawnRadius=6, despawnRadius=10
[2026-06-23 21:22:53.802] [WorldPop] Cells to spawn: 113, already spawned: 0
[2026-06-23 21:22:55.787] [WorldPop] Player moved to grid (41,59) fast=False, spawnRadius=6, despawnRadius=10
[2026-06-23 21:22:55.788] [WorldPop] Cells to spawn: 113, already spawned: 0
[2026-06-23 21:22:56.795] [WorldPop] Player moved to grid (40,59) fast=False, spawnRadius=6, despawnRadius=10
[2026-06-23 21:22:56.795] [WorldPop] Cells to spawn: 113, already spawned: 0
[2026-06-23 21:22:57.788] [WorldPop] Player moved to grid (39,59) fast=False, spawnRadius=6, despawnRadius=10
[2026-06-23 21:22:57.789] [WorldPop] Cells to spawn: 113, already spawned: 0
[2026-06-23 21:22:59.805] [WorldPop] Player moved to grid (38,58) fast=False, spawnRadius=6, despawnRadius=10
[2026-06-23 21:22:59.805] [WorldPop] Cells to spawn: 113, already spawned: 0
[2026-06-23 21:23:33.833] [WorldPop] Player moved to grid (39,58) fast=False, spawnRadius=6, despawnRadius=10
[2026-06-23 21:23:33.833] [WorldPop] Cells to spawn: 113, already spawned: 0
[2026-06-23 21:23:37.814] [WorldPop] Player moved to grid (40,58) fast=False, spawnRadius=6, despawnRadius=10
[2026-06-23 21:23:37.814] [WorldPop] Cells to spawn: 113, already spawned: 0
[2026-06-23 21:48:42.047] DebugLogger initialized
[2026-06-23 21:48:42.053] Server starting - DebugLogger initialized
[2026-06-23 21:49:26.144] [WorldPop] SendWorldPopulation called
[2026-06-23 21:49:26.154] [WorldPop] Cells to spawn: 113, already spawned: 0
[2026-06-23 21:49:26.171] [WorldPop] Spawned 51 new NPCs in 113 cells (total alive: 51)
[2026-06-23 21:49:27.508] [WorldPop] SendWorldPopulation called
[2026-06-23 21:49:27.508] [WorldPop] Cells to spawn: 113, already spawned: 0
[2026-06-23 21:49:27.518] [WorldPop] Spawned 51 new NPCs in 113 cells (total alive: 51)
[2026-06-23 21:49:27.656] [WorldPop] Player moved to grid (-26,59) fast=False, spawnRadius=6, despawnRadius=10
[2026-06-23 21:49:27.656] [WorldPop] Cells to spawn: 80, already spawned: 33
[2026-06-23 21:49:33.560] [WorldPop] Player moved to grid (25,49) fast=False, spawnRadius=6, despawnRadius=10
[2026-06-23 21:49:33.561] [WorldPop] Cells to spawn: 113, already spawned: 33
[2026-06-23 21:49:33.565] [WorldPop] Removed 51 NPCs from 33 distant cells
[2026-06-23 21:49:35.150] [WorldPop] Player moved to grid (24,49) fast=False, spawnRadius=6, despawnRadius=10
[2026-06-23 21:49:35.150] [WorldPop] Cells to spawn: 113, already spawned: 0
[2026-06-23 21:49:35.159] [WorldPop] Spawned 50 new NPCs in 113 cells (total alive: 50)
[2026-06-23 21:49:52.925] [WorldPop] Player moved to grid (23,49) fast=False, spawnRadius=6, despawnRadius=10
[2026-06-23 21:49:52.926] [WorldPop] Cells to spawn: 77, already spawned: 36
[2026-06-23 21:49:55.268] [WorldPop] Player moved to grid (22,49) fast=False, spawnRadius=6, despawnRadius=10
[2026-06-23 21:49:55.268] [WorldPop] Cells to spawn: 77, already spawned: 36
[2026-06-23 21:50:05.745] [WorldPop] Player moved to grid (21,49) fast=False, spawnRadius=6, despawnRadius=10
[2026-06-23 21:50:05.745] [WorldPop] Cells to spawn: 77, already spawned: 36
[2026-06-23 21:50:07.346] [WorldPop] Player moved to grid (21,48) fast=False, spawnRadius=6, despawnRadius=10
[2026-06-23 21:50:07.346] [WorldPop] Cells to spawn: 77, already spawned: 36
[2026-06-23 21:50:14.070] [WorldPop] Player moved to grid (21,47) fast=False, spawnRadius=6, despawnRadius=10
[2026-06-23 21:50:14.071] [WorldPop] Cells to spawn: 79, already spawned: 36
[2026-06-23 21:50:20.313] [WorldPop] Player moved to grid (21,48) fast=False, spawnRadius=6, despawnRadius=10
[2026-06-23 21:50:20.313] [WorldPop] Cells to spawn: 77, already spawned: 36
[2026-06-23 21:50:27.815] [WorldPop] Player moved to grid (21,47) fast=False, spawnRadius=6, despawnRadius=10
[2026-06-23 21:50:27.816] [WorldPop] Cells to spawn: 79, already spawned: 36
[2026-06-23 21:50:34.335] [WorldPop] Player moved to grid (20,47) fast=False, spawnRadius=6, despawnRadius=10
[2026-06-23 21:50:34.335] [WorldPop] Cells to spawn: 79, already spawned: 36
[2026-06-23 21:50:41.139] [WorldPop] Player moved to grid (19,47) fast=False, spawnRadius=6, despawnRadius=10
[2026-06-23 21:50:41.139] [WorldPop] Cells to spawn: 80, already spawned: 36
[2026-06-23 21:50:44.824] [WorldPop] Player moved to grid (19,46) fast=False, spawnRadius=6, despawnRadius=10
[2026-06-23 21:50:44.825] [WorldPop] Cells to spawn: 82, already spawned: 36
[2026-06-23 21:50:49.111] [WorldPop] Player moved to grid (19,47) fast=False, spawnRadius=6, despawnRadius=10
[2026-06-23 21:50:49.111] [WorldPop] Cells to spawn: 80, already spawned: 36
[2026-06-23 21:50:50.435] [WorldPop] Player moved to grid (19,46) fast=False, spawnRadius=6, despawnRadius=10
[2026-06-23 21:50:50.435] [WorldPop] Cells to spawn: 82, already spawned: 36
[2026-06-23 21:50:53.362] [WorldPop] Player moved to grid (18,46) fast=False, spawnRadius=6, despawnRadius=10
[2026-06-23 21:50:53.362] [WorldPop] Cells to spawn: 84, already spawned: 36
[2026-06-23 21:51:03.836] [WorldPop] Player moved to grid (19,46) fast=False, spawnRadius=6, despawnRadius=10
[2026-06-23 21:51:03.836] [WorldPop] Cells to spawn: 82, already spawned: 36
[2026-06-23 21:51:10.318] [WorldPop] Player moved to grid (18,46) fast=False, spawnRadius=6, despawnRadius=10
[2026-06-23 21:51:10.319] [WorldPop] Cells to spawn: 84, already spawned: 36
[2026-06-23 21:51:10.950] [WorldPop] Player moved to grid (19,46) fast=False, spawnRadius=6, despawnRadius=10
[2026-06-23 21:51:10.951] [WorldPop] Cells to spawn: 82, already spawned: 36
[2026-06-23 22:07:21.105] DebugLogger initialized
[2026-06-23 22:07:21.111] Server starting - DebugLogger initialized
[2026-06-23 22:09:44.642] [WorldPop] SendWorldPopulation called
[2026-06-23 22:09:44.653] [WorldPop] Cells to spawn: 113, already spawned: 0
[2026-06-23 22:09:44.669] [WorldPop] Spawned 51 new NPCs in 113 cells (total alive: 51)
[2026-06-23 22:09:46.335] [WorldPop] SendWorldPopulation called
[2026-06-23 22:09:46.335] [WorldPop] Cells to spawn: 113, already spawned: 0
[2026-06-23 22:09:46.347] [WorldPop] Spawned 51 new NPCs in 113 cells (total alive: 51)
[2026-06-23 22:09:46.517] [WorldPop] Player moved to grid (-26,59) fast=False, spawnRadius=6, despawnRadius=10
[2026-06-23 22:09:46.517] [WorldPop] Cells to spawn: 80, already spawned: 33
[2026-06-23 22:09:53.461] [WorldPop] Player moved to grid (25,49) fast=False, spawnRadius=6, despawnRadius=10
[2026-06-23 22:09:53.461] [WorldPop] Cells to spawn: 113, already spawned: 33
[2026-06-23 22:09:53.465] [WorldPop] Removed 51 NPCs from 33 distant cells
[2026-06-23 22:09:54.792] [WorldPop] Player moved to grid (24,49) fast=False, spawnRadius=6, despawnRadius=10
[2026-06-23 22:09:54.792] [WorldPop] Cells to spawn: 113, already spawned: 0
[2026-06-23 22:09:54.803] [WorldPop] Spawned 50 new NPCs in 113 cells (total alive: 50)
[2026-06-23 22:29:23.788] DebugLogger initialized
[2026-06-23 22:29:23.794] Server starting - DebugLogger initialized
[2026-06-23 22:30:23.546] [WorldPop] SendWorldPopulation called
[2026-06-23 22:30:23.555] [WorldPop] Cells to spawn: 113, already spawned: 0
[2026-06-23 22:30:23.572] [WorldPop] Spawned 51 new NPCs in 113 cells (total alive: 51)
[2026-06-23 22:30:24.834] [WorldPop] SendWorldPopulation called
[2026-06-23 22:30:24.834] [WorldPop] Cells to spawn: 113, already spawned: 0
[2026-06-23 22:30:24.843] [WorldPop] Spawned 51 new NPCs in 113 cells (total alive: 51)
[2026-06-23 22:30:24.989] [WorldPop] Player moved to grid (-26,59) fast=False, spawnRadius=6, despawnRadius=10
[2026-06-23 22:30:24.990] [WorldPop] Cells to spawn: 80, already spawned: 33
[2026-06-23 22:30:31.707] [WorldPop] Player moved to grid (25,49) fast=False, spawnRadius=6, despawnRadius=10
[2026-06-23 22:30:31.708] [WorldPop] Cells to spawn: 113, already spawned: 33
[2026-06-23 22:30:31.711] [WorldPop] Removed 51 NPCs from 33 distant cells
[2026-06-23 22:30:31.991] [WorldPop] Player moved to grid (25,49) fast=True, spawnRadius=12, despawnRadius=20
[2026-06-23 22:30:31.991] [WorldPop] Cells to spawn: 441, already spawned: 0
[2026-06-23 22:30:32.002] [WorldPop] Spawned 50 new NPCs in 441 cells (total alive: 50)
[2026-06-23 22:30:33.111] [WorldPop] Player moved to grid (24,49) fast=False, spawnRadius=6, despawnRadius=10
[2026-06-23 22:30:33.112] [WorldPop] Cells to spawn: 113, already spawned: 33
[2026-06-23 22:30:33.113] [WorldPop] Removed 24 NPCs from 14 distant cells
[2026-06-23 22:30:52.215] [WorldPop] Player moved to grid (24,49) fast=True, spawnRadius=12, despawnRadius=20
[2026-06-23 22:30:52.216] [WorldPop] Cells to spawn: 422, already spawned: 19
[2026-06-23 22:30:52.232] [WorldPop] Spawned 24 new NPCs in 422 cells (total alive: 50)
[2026-06-23 22:30:53.937] [WorldPop] Player moved to grid (23,49) fast=False, spawnRadius=6, despawnRadius=10
[2026-06-23 22:30:53.937] [WorldPop] Cells to spawn: 113, already spawned: 34
[2026-06-23 22:30:53.938] [WorldPop] Removed 16 NPCs from 11 distant cells
[2026-06-23 22:30:55.354] [WorldPop] Player moved to grid (22,49) fast=False, spawnRadius=6, despawnRadius=10
[2026-06-23 22:30:55.355] [WorldPop] Cells to spawn: 112, already spawned: 23
[2026-06-23 22:30:55.358] [WorldPop] Spawned 16 new NPCs in 112 cells (total alive: 50)
[2026-06-23 22:30:56.912] [WorldPop] Player moved to grid (21,49) fast=False, spawnRadius=6, despawnRadius=10
[2026-06-23 22:30:56.912] [WorldPop] Cells to spawn: 96, already spawned: 33
[2026-06-23 22:30:59.132] [WorldPop] Player moved to grid (20,49) fast=False, spawnRadius=6, despawnRadius=10
[2026-06-23 22:30:59.132] [WorldPop] Cells to spawn: 88, already spawned: 33
[2026-06-23 22:30:59.581] [WorldPop] Player moved to grid (21,49) fast=False, spawnRadius=6, despawnRadius=10
[2026-06-23 22:30:59.581] [WorldPop] Cells to spawn: 96, already spawned: 33
[2026-06-23 22:30:59.662] [WorldPop] Player moved to grid (21,48) fast=False, spawnRadius=6, despawnRadius=10
[2026-06-23 22:30:59.662] [WorldPop] Cells to spawn: 95, already spawned: 33
[2026-06-23 22:31:01.554] [WorldPop] Player moved to grid (21,47) fast=False, spawnRadius=6, despawnRadius=10
[2026-06-23 22:31:01.554] [WorldPop] Cells to spawn: 96, already spawned: 33
[2026-06-23 22:31:05.157] [WorldPop] Player moved to grid (21,48) fast=False, spawnRadius=6, despawnRadius=10
[2026-06-23 22:31:05.158] [WorldPop] Cells to spawn: 95, already spawned: 33
[2026-06-23 22:31:06.543] [WorldPop] Player moved to grid (21,49) fast=False, spawnRadius=6, despawnRadius=10
[2026-06-23 22:31:06.544] [WorldPop] Cells to spawn: 96, already spawned: 33
[2026-06-23 22:31:08.539] [WorldPop] Player moved to grid (20,49) fast=False, spawnRadius=6, despawnRadius=10
[2026-06-23 22:31:08.539] [WorldPop] Cells to spawn: 88, already spawned: 33
[2026-06-23 22:31:09.740] [WorldPop] Player moved to grid (21,49) fast=False, spawnRadius=6, despawnRadius=10
[2026-06-23 22:31:09.740] [WorldPop] Cells to spawn: 96, already spawned: 33
[2026-06-23 22:32:05.845] [WorldPop] Player moved to grid (22,49) fast=False, spawnRadius=6, despawnRadius=10
[2026-06-23 22:32:05.845] [WorldPop] Cells to spawn: 102, already spawned: 33
[2026-06-23 22:32:07.446] [WorldPop] Player moved to grid (23,49) fast=False, spawnRadius=6, despawnRadius=10
[2026-06-23 22:32:07.446] [WorldPop] Cells to spawn: 110, already spawned: 33
[2026-06-23 22:32:08.999] [WorldPop] Player moved to grid (24,49) fast=False, spawnRadius=6, despawnRadius=10
[2026-06-23 22:32:08.999] [WorldPop] Cells to spawn: 113, already spawned: 33
[2026-06-23 22:32:09.002] [WorldPop] Removed 8 NPCs from 4 distant cells
[2026-06-23 22:32:09.693] [WorldPop] Player moved to grid (24,48) fast=False, spawnRadius=6, despawnRadius=10
[2026-06-23 22:32:09.693] [WorldPop] Cells to spawn: 113, already spawned: 29
[2026-06-23 22:32:09.695] [WorldPop] Spawned 8 new NPCs in 113 cells (total alive: 50)
[2026-06-23 22:32:09.696] [WorldPop] Removed 2 NPCs from 2 distant cells
[2026-06-23 22:32:12.322] [WorldPop] Player moved to grid (24,49) fast=False, spawnRadius=6, despawnRadius=10
[2026-06-23 22:32:12.322] [WorldPop] Cells to spawn: 110, already spawned: 32
[2026-06-23 22:32:12.323] [WorldPop] Spawned 3 new NPCs in 110 cells (total alive: 51)
[2026-06-23 22:32:12.648] [WorldPop] Player moved to grid (24,49) fast=True, spawnRadius=12, despawnRadius=20
[2026-06-23 22:32:12.649] [WorldPop] Cells to spawn: 407, already spawned: 34
[2026-06-23 22:32:13.088] [WorldPop] Player moved to grid (23,49) fast=False, spawnRadius=6, despawnRadius=10
[2026-06-23 22:32:13.088] [WorldPop] Cells to spawn: 103, already spawned: 34
[2026-06-23 22:33:22.387] [WorldPop] Player moved to grid (22,49) fast=False, spawnRadius=6, despawnRadius=10
[2026-06-23 22:33:22.388] [WorldPop] Cells to spawn: 95, already spawned: 34
[2026-06-23 22:45:33.122] DebugLogger initialized
[2026-06-23 22:45:33.128] Server starting - DebugLogger initialized
[2026-06-23 22:46:18.389] [WorldPop] SendWorldPopulation called
[2026-06-23 22:46:18.398] [WorldPop] Cells to spawn: 113, already spawned: 0
[2026-06-23 22:46:18.413] [WorldPop] Spawned 51 new NPCs in 113 cells (total alive: 51)
[2026-06-23 22:46:19.519] [WorldPop] SendWorldPopulation called
[2026-06-23 22:46:19.520] [WorldPop] Cells to spawn: 113, already spawned: 0
[2026-06-23 22:46:19.529] [WorldPop] Spawned 51 new NPCs in 113 cells (total alive: 51)
[2026-06-23 22:46:19.683] [WorldPop] Player moved to grid (-26,59) fast=False, spawnRadius=6, despawnRadius=10
[2026-06-23 22:46:19.683] [WorldPop] Cells to spawn: 80, already spawned: 33
[2026-06-23 22:46:25.564] [WorldPop] Player moved to grid (25,49) fast=False, spawnRadius=6, despawnRadius=10
[2026-06-23 22:46:25.565] [WorldPop] Cells to spawn: 113, already spawned: 33
[2026-06-23 22:46:25.570] [WorldPop] Removed 51 NPCs from 33 distant cells
[2026-06-23 22:46:25.867] [WorldPop] Player moved to grid (25,49) fast=True, spawnRadius=12, despawnRadius=20
[2026-06-23 22:46:25.867] [WorldPop] Cells to spawn: 441, already spawned: 0
[2026-06-23 22:46:25.878] [WorldPop] Spawned 50 new NPCs in 441 cells (total alive: 50)
[2026-06-23 22:46:27.214] [WorldPop] Player moved to grid (24,49) fast=False, spawnRadius=6, despawnRadius=10
[2026-06-23 22:46:27.215] [WorldPop] Cells to spawn: 113, already spawned: 33
[2026-06-23 22:46:27.218] [WorldPop] Removed 24 NPCs from 14 distant cells
[2026-06-23 22:47:09.121] [WorldPop] Player moved to grid (25,49) fast=False, spawnRadius=6, despawnRadius=10
[2026-06-23 22:47:09.121] [WorldPop] Cells to spawn: 113, already spawned: 19
[2026-06-23 22:47:09.126] [WorldPop] Spawned 25 new NPCs in 113 cells (total alive: 51)
[2026-06-23 22:47:09.128] [WorldPop] Removed 16 NPCs from 11 distant cells
[2026-06-23 22:47:09.209] [WorldPop] Player moved to grid (25,50) fast=False, spawnRadius=6, despawnRadius=10
[2026-06-23 22:47:09.209] [WorldPop] Cells to spawn: 99, already spawned: 26
[2026-06-23 22:47:09.213] [WorldPop] Spawned 15 new NPCs in 99 cells (total alive: 50)
[2026-06-23 22:47:09.213] [WorldPop] Removed 2 NPCs from 2 distant cells
[2026-06-23 22:47:11.576] [WorldPop] Player moved to grid (25,51) fast=False, spawnRadius=6, despawnRadius=10
[2026-06-23 22:47:11.577] [WorldPop] Cells to spawn: 92, already spawned: 35
[2026-06-23 22:47:11.578] [WorldPop] Spawned 2 new NPCs in 92 cells (total alive: 50)
[2026-06-23 22:47:11.578] [WorldPop] Removed 1 NPCs from 1 distant cells
[2026-06-23 22:47:17.553] [WorldPop] Player moved to grid (25,50) fast=False, spawnRadius=6, despawnRadius=10
[2026-06-23 22:47:17.553] [WorldPop] Cells to spawn: 88, already spawned: 36
[2026-06-23 22:47:17.553] [WorldPop] Spawned 1 new NPCs in 88 cells (total alive: 50)
[2026-06-23 22:47:20.118] [WorldPop] Player moved to grid (24,50) fast=False, spawnRadius=6, despawnRadius=10
[2026-06-23 22:47:20.118] [WorldPop] Cells to spawn: 82, already spawned: 37
[2026-06-23 22:47:20.450] [WorldPop] Player moved to grid (24,49) fast=False, spawnRadius=6, despawnRadius=10
[2026-06-23 22:47:20.450] [WorldPop] Cells to spawn: 82, already spawned: 37
[2026-06-23 22:47:21.880] [WorldPop] Player moved to grid (23,49) fast=False, spawnRadius=6, despawnRadius=10
[2026-06-23 22:47:21.880] [WorldPop] Cells to spawn: 81, already spawned: 37
[2026-06-23 22:47:26.633] [WorldPop] Player moved to grid (22,49) fast=False, spawnRadius=6, despawnRadius=10
[2026-06-23 22:47:26.634] [WorldPop] Cells to spawn: 80, already spawned: 37
[2026-06-23 22:47:30.207] [WorldPop] Player moved to grid (21,49) fast=False, spawnRadius=6, despawnRadius=10
[2026-06-23 22:47:30.207] [WorldPop] Cells to spawn: 76, already spawned: 37
[2026-06-23 22:47:36.559] [WorldPop] Player moved to grid (21,50) fast=False, spawnRadius=6, despawnRadius=10
[2026-06-23 22:47:36.559] [WorldPop] Cells to spawn: 77, already spawned: 37
[2026-06-23 22:47:38.725] [WorldPop] Player moved to grid (22,50) fast=False, spawnRadius=6, despawnRadius=10
[2026-06-23 22:47:38.725] [WorldPop] Cells to spawn: 80, already spawned: 37
[2026-06-23 22:48:22.321] [WorldPop] Player moved to grid (21,50) fast=False, spawnRadius=6, despawnRadius=10
[2026-06-23 22:48:22.321] [WorldPop] Cells to spawn: 77, already spawned: 37
[2026-06-23 22:48:23.577] [WorldPop] Player moved to grid (21,49) fast=False, spawnRadius=6, despawnRadius=10
[2026-06-23 22:48:23.577] [WorldPop] Cells to spawn: 76, already spawned: 37
[2026-06-23 23:02:38.916] DebugLogger initialized
[2026-06-23 23:02:38.922] Server starting - DebugLogger initialized
[2026-06-23 23:04:48.343] [WorldPop] SendWorldPopulation called
[2026-06-23 23:04:48.353] [WorldPop] Cells to spawn: 113, already spawned: 0
[2026-06-23 23:04:48.368] [WorldPop] Spawned 51 new NPCs in 113 cells (total alive: 51)
[2026-06-23 23:04:49.710] [WorldPop] SendWorldPopulation called
[2026-06-23 23:04:49.710] [WorldPop] Cells to spawn: 113, already spawned: 0
[2026-06-23 23:04:49.720] [WorldPop] Spawned 51 new NPCs in 113 cells (total alive: 51)
[2026-06-23 23:04:49.886] [WorldPop] Player moved to grid (-26,59) fast=False, spawnRadius=6, despawnRadius=10
[2026-06-23 23:04:49.887] [WorldPop] Cells to spawn: 80, already spawned: 33
[2026-06-23 23:04:56.418] [WorldPop] Player moved to grid (25,49) fast=False, spawnRadius=6, despawnRadius=10
[2026-06-23 23:04:56.418] [WorldPop] Cells to spawn: 113, already spawned: 33
[2026-06-23 23:04:56.424] [WorldPop] Removed 51 NPCs from 33 distant cells
[2026-06-23 23:04:58.034] [WorldPop] Player moved to grid (24,49) fast=False, spawnRadius=6, despawnRadius=10
[2026-06-23 23:04:58.035] [WorldPop] Cells to spawn: 113, already spawned: 0
[2026-06-23 23:04:58.051] [WorldPop] Spawned 50 new NPCs in 113 cells (total alive: 50)
[2026-06-23 23:05:23.985] [WorldPop] Player moved to grid (25,49) fast=False, spawnRadius=6, despawnRadius=10
[2026-06-23 23:05:23.985] [WorldPop] Cells to spawn: 88, already spawned: 36
[2026-06-23 23:23:13.809] DebugLogger initialized
[2026-06-23 23:23:13.815] Server starting - DebugLogger initialized
[2026-06-23 23:23:56.183] [WorldPop] SendWorldPopulation called
[2026-06-23 23:23:56.192] [WorldPop] Cells to spawn: 113, already spawned: 0
[2026-06-23 23:23:56.209] [WorldPop] Spawned 51 new NPCs in 113 cells (total alive: 51)
[2026-06-23 23:23:57.409] [WorldPop] SendWorldPopulation called
[2026-06-23 23:23:57.410] [WorldPop] Cells to spawn: 113, already spawned: 0
[2026-06-23 23:23:57.420] [WorldPop] Spawned 51 new NPCs in 113 cells (total alive: 51)
[2026-06-23 23:23:57.581] [WorldPop] Player moved to grid (-26,59) fast=False, spawnRadius=6, despawnRadius=10
[2026-06-23 23:23:57.581] [WorldPop] Cells to spawn: 80, already spawned: 33
[2026-06-23 23:24:04.093] [WorldPop] Player moved to grid (25,49) fast=False, spawnRadius=6, despawnRadius=10
[2026-06-23 23:24:04.093] [WorldPop] Cells to spawn: 113, already spawned: 33
[2026-06-23 23:24:04.096] [WorldPop] Removed 51 NPCs from 33 distant cells
[2026-06-23 23:24:04.885] [WorldPop] Player moved to grid (25,49) fast=True, spawnRadius=12, despawnRadius=20
[2026-06-23 23:24:04.886] [WorldPop] Cells to spawn: 441, already spawned: 0
[2026-06-23 23:24:04.897] [WorldPop] Spawned 50 new NPCs in 441 cells (total alive: 50)
[2026-06-23 23:24:05.692] [WorldPop] Player moved to grid (24,49) fast=False, spawnRadius=6, despawnRadius=10
[2026-06-23 23:24:05.692] [WorldPop] Cells to spawn: 113, already spawned: 33
[2026-06-23 23:24:05.696] [WorldPop] Removed 24 NPCs from 14 distant cells
[2026-06-23 23:24:20.774] [WorldPop] Player moved to grid (25,49) fast=False, spawnRadius=6, despawnRadius=10
[2026-06-23 23:24:20.775] [WorldPop] Cells to spawn: 113, already spawned: 19
[2026-06-23 23:24:20.780] [WorldPop] Spawned 25 new NPCs in 113 cells (total alive: 51)
[2026-06-23 23:24:20.781] [WorldPop] Removed 16 NPCs from 11 distant cells
[2026-06-23 23:24:38.433] [WorldPop] Player moved to grid (25,50) fast=False, spawnRadius=6, despawnRadius=10
[2026-06-23 23:24:38.433] [WorldPop] Cells to spawn: 99, already spawned: 26
[2026-06-23 23:24:38.435] [WorldPop] Spawned 15 new NPCs in 99 cells (total alive: 50)
[2026-06-23 23:24:38.435] [WorldPop] Removed 2 NPCs from 2 distant cells
[2026-06-23 23:25:17.627] [WorldPop] Player moved to grid (25,49) fast=False, spawnRadius=6, despawnRadius=10
[2026-06-23 23:25:17.628] [WorldPop] Cells to spawn: 87, already spawned: 35
[2026-06-23 23:25:17.629] [WorldPop] Spawned 3 new NPCs in 87 cells (total alive: 51)
[2026-06-23 23:25:19.716] [WorldPop] Player moved to grid (24,49) fast=False, spawnRadius=6, despawnRadius=10
[2026-06-23 23:25:19.716] [WorldPop] Cells to spawn: 82, already spawned: 37
[2026-06-23 23:25:24.794] [WorldPop] Player moved to grid (25,49) fast=False, spawnRadius=6, despawnRadius=10
[2026-06-23 23:25:24.795] [WorldPop] Cells to spawn: 85, already spawned: 37
[2026-06-23 23:25:30.044] [WorldPop] Player moved to grid (25,49) fast=True, spawnRadius=12, despawnRadius=20
[2026-06-23 23:25:30.045] [WorldPop] Cells to spawn: 404, already spawned: 37
[2026-06-23 23:59:52.461] DebugLogger initialized
[2026-06-23 23:59:52.467] Server starting - DebugLogger initialized
[2026-06-24 00:00:35.577] [WorldPop] SendWorldPopulation called
[2026-06-24 00:00:35.586] [WorldPop] Cells to spawn: 113, already spawned: 0
[2026-06-24 00:00:35.604] [WorldPop] Spawned 51 new NPCs in 113 cells (total alive: 51)
[2026-06-24 00:00:36.960] [WorldPop] SendWorldPopulation called
[2026-06-24 00:00:36.961] [WorldPop] Cells to spawn: 113, already spawned: 0
[2026-06-24 00:00:36.970] [WorldPop] Spawned 51 new NPCs in 113 cells (total alive: 51)
[2026-06-24 00:00:37.111] [WorldPop] Player moved to grid (-26,59) fast=False, spawnRadius=6, despawnRadius=10
[2026-06-24 00:00:37.112] [WorldPop] Cells to spawn: 80, already spawned: 33
[2026-06-24 00:00:42.999] [WorldPop] Player moved to grid (25,49) fast=False, spawnRadius=6, despawnRadius=10
[2026-06-24 00:00:43.000] [WorldPop] Cells to spawn: 113, already spawned: 33
[2026-06-24 00:00:43.003] [WorldPop] Removed 51 NPCs from 33 distant cells
[2026-06-24 00:00:44.715] [WorldPop] Player moved to grid (24,49) fast=False, spawnRadius=6, despawnRadius=10
[2026-06-24 00:00:44.715] [WorldPop] Cells to spawn: 113, already spawned: 0
[2026-06-24 00:00:44.739] [WorldPop] Spawned 50 new NPCs in 113 cells (total alive: 50)
[2026-06-24 00:00:59.793] [WorldPop] Player moved to grid (25,49) fast=False, spawnRadius=6, despawnRadius=10
[2026-06-24 00:00:59.793] [WorldPop] Cells to spawn: 88, already spawned: 36
[2026-06-24 00:01:15.826] [WorldPop] Player moved to grid (25,50) fast=False, spawnRadius=6, despawnRadius=10
[2026-06-24 00:01:15.826] [WorldPop] Cells to spawn: 89, already spawned: 36
[2026-06-24 00:01:17.438] [WorldPop] Player moved to grid (25,49) fast=False, spawnRadius=6, despawnRadius=10
[2026-06-24 00:01:17.438] [WorldPop] Cells to spawn: 88, already spawned: 36
[2026-06-24 00:01:23.402] [WorldPop] Player moved to grid (25,50) fast=False, spawnRadius=6, despawnRadius=10
[2026-06-24 00:01:23.402] [WorldPop] Cells to spawn: 89, already spawned: 36
[2026-06-24 00:01:25.075] [WorldPop] Player moved to grid (25,49) fast=False, spawnRadius=6, despawnRadius=10
[2026-06-24 00:01:25.075] [WorldPop] Cells to spawn: 88, already spawned: 36
[2026-06-24 00:01:41.250] [WorldPop] Player moved to grid (24,49) fast=False, spawnRadius=6, despawnRadius=10
[2026-06-24 00:01:41.251] [WorldPop] Cells to spawn: 77, already spawned: 36
[2026-06-24 00:01:43.316] [WorldPop] Player moved to grid (23,49) fast=False, spawnRadius=6, despawnRadius=10
[2026-06-24 00:01:43.317] [WorldPop] Cells to spawn: 77, already spawned: 36
[2026-06-24 00:01:44.866] [WorldPop] Player moved to grid (22,49) fast=False, spawnRadius=6, despawnRadius=10
[2026-06-24 00:01:44.866] [WorldPop] Cells to spawn: 77, already spawned: 36
[2026-06-24 00:01:46.332] [WorldPop] Player moved to grid (21,49) fast=False, spawnRadius=6, despawnRadius=10
[2026-06-24 00:01:46.333] [WorldPop] Cells to spawn: 77, already spawned: 36
[2026-06-24 00:01:55.279] [WorldPop] Player moved to grid (20,49) fast=False, spawnRadius=6, despawnRadius=10
[2026-06-24 00:01:55.279] [WorldPop] Cells to spawn: 77, already spawned: 36
[2026-06-24 00:02:01.884] [WorldPop] Player moved to grid (20,49) fast=True, spawnRadius=12, despawnRadius=20
[2026-06-24 00:02:01.884] [WorldPop] Cells to spawn: 405, already spawned: 36
[2026-06-24 00:02:04.558] [WorldPop] Player moved to grid (25,49) fast=False, spawnRadius=6, despawnRadius=10
[2026-06-24 00:02:04.558] [WorldPop] Cells to spawn: 88, already spawned: 36
[2026-06-24 00:02:04.610] [WorldPop] Player moved to grid (20,49) fast=False, spawnRadius=6, despawnRadius=10
[2026-06-24 00:02:04.610] [WorldPop] Cells to spawn: 77, already spawned: 36
[2026-06-24 00:02:06.938] [WorldPop] Player moved to grid (25,49) fast=False, spawnRadius=6, despawnRadius=10
[2026-06-24 00:02:06.939] [WorldPop] Cells to spawn: 88, already spawned: 36
[2026-06-24 00:02:06.957] [WorldPop] Player moved to grid (20,49) fast=False, spawnRadius=6, despawnRadius=10
[2026-06-24 00:02:06.957] [WorldPop] Cells to spawn: 77, already spawned: 36
[2026-06-24 00:02:06.968] [WorldPop] Player moved to grid (25,49) fast=False, spawnRadius=6, despawnRadius=10
[2026-06-24 00:02:06.969] [WorldPop] Cells to spawn: 88, already spawned: 36
[2026-06-24 00:02:06.994] [WorldPop] Player moved to grid (20,49) fast=False, spawnRadius=6, despawnRadius=10
[2026-06-24 00:02:06.995] [WorldPop] Cells to spawn: 77, already spawned: 36
[2026-06-24 00:02:07.009] [WorldPop] Player moved to grid (25,49) fast=False, spawnRadius=6, despawnRadius=10
[2026-06-24 00:02:07.009] [WorldPop] Cells to spawn: 88, already spawned: 36
[2026-06-24 05:27:30.720] DebugLogger initialized
[2026-06-24 05:27:30.726] Server starting - DebugLogger initialized
[2026-06-24 05:55:49.461] DebugLogger initialized
[2026-06-24 05:55:49.467] Server starting - DebugLogger initialized
[2026-06-24 05:56:55.400] [WorldPop] SendWorldPopulation called
[2026-06-24 05:56:55.411] [WorldPop] Cells to spawn: 113, already spawned: 0
[2026-06-24 05:56:55.426] [WorldPop] Spawned 51 new NPCs in 113 cells (total alive: 51)
[2026-06-24 05:56:56.900] [WorldPop] SendWorldPopulation called
[2026-06-24 05:56:56.901] [WorldPop] Cells to spawn: 113, already spawned: 0
[2026-06-24 05:56:56.912] [WorldPop] Spawned 51 new NPCs in 113 cells (total alive: 51)
[2026-06-24 05:56:57.064] [WorldPop] Player moved to grid (-26,59) fast=False, spawnRadius=6, despawnRadius=10
[2026-06-24 05:56:57.065] [WorldPop] Cells to spawn: 80, already spawned: 33
[2026-06-24 05:57:03.623] [WorldPop] Player moved to grid (25,49) fast=False, spawnRadius=6, despawnRadius=10
[2026-06-24 05:57:03.623] [WorldPop] Cells to spawn: 113, already spawned: 33
[2026-06-24 05:57:03.628] [WorldPop] Removed 51 NPCs from 33 distant cells
[2026-06-24 05:57:05.314] [WorldPop] Player moved to grid (24,49) fast=False, spawnRadius=6, despawnRadius=10
[2026-06-24 05:57:05.315] [WorldPop] Cells to spawn: 113, already spawned: 0
[2026-06-24 05:57:05.344] [WorldPop] Spawned 50 new NPCs in 113 cells (total alive: 50)
[2026-06-24 05:57:35.191] [WorldPop] Player moved to grid (23,49) fast=False, spawnRadius=6, despawnRadius=10
[2026-06-24 05:57:35.192] [WorldPop] Cells to spawn: 77, already spawned: 36
[2026-06-24 05:57:36.960] [WorldPop] Player moved to grid (22,49) fast=False, spawnRadius=6, despawnRadius=10
[2026-06-24 05:57:36.960] [WorldPop] Cells to spawn: 77, already spawned: 36
[2026-06-24 05:57:38.846] [WorldPop] Player moved to grid (21,49) fast=False, spawnRadius=6, despawnRadius=10
[2026-06-24 05:57:38.847] [WorldPop] Cells to spawn: 77, already spawned: 36
[2026-06-24 05:57:44.243] [WorldPop] Player moved to grid (21,49) fast=True, spawnRadius=12, despawnRadius=20
[2026-06-24 05:57:44.244] [WorldPop] Cells to spawn: 405, already spawned: 36
[2026-06-24 05:57:45.875] [WorldPop] Player moved to grid (21,48) fast=False, spawnRadius=6, despawnRadius=10
[2026-06-24 05:57:45.875] [WorldPop] Cells to spawn: 77, already spawned: 36
[2026-06-24 05:57:47.714] [WorldPop] Player moved to grid (21,47) fast=False, spawnRadius=6, despawnRadius=10
[2026-06-24 05:57:47.715] [WorldPop] Cells to spawn: 79, already spawned: 36
[2026-06-24 05:57:54.479] [WorldPop] Player moved to grid (22,47) fast=False, spawnRadius=6, despawnRadius=10
[2026-06-24 05:57:54.480] [WorldPop] Cells to spawn: 80, already spawned: 36
[2026-06-24 05:57:56.436] [WorldPop] Player moved to grid (23,47) fast=False, spawnRadius=6, despawnRadius=10
[2026-06-24 05:57:56.436] [WorldPop] Cells to spawn: 81, already spawned: 36
[2026-06-24 05:57:57.964] [WorldPop] Player moved to grid (24,47) fast=False, spawnRadius=6, despawnRadius=10
[2026-06-24 05:57:57.964] [WorldPop] Cells to spawn: 84, already spawned: 36
[2026-06-24 05:58:00.156] [WorldPop] Player moved to grid (24,48) fast=False, spawnRadius=6, despawnRadius=10
[2026-06-24 05:58:00.156] [WorldPop] Cells to spawn: 81, already spawned: 36
[2026-06-24 05:58:01.080] [WorldPop] Player moved to grid (25,48) fast=False, spawnRadius=6, despawnRadius=10
[2026-06-24 05:58:01.080] [WorldPop] Cells to spawn: 88, already spawned: 36
[2026-06-24 05:58:01.444] [WorldPop] Player moved to grid (24,48) fast=False, spawnRadius=6, despawnRadius=10
[2026-06-24 05:58:01.444] [WorldPop] Cells to spawn: 81, already spawned: 36
[2026-06-24 05:58:01.519] [WorldPop] Player moved to grid (24,49) fast=False, spawnRadius=6, despawnRadius=10
[2026-06-24 05:58:01.520] [WorldPop] Cells to spawn: 77, already spawned: 36
[2026-06-24 05:58:03.640] [WorldPop] Player moved to grid (23,49) fast=False, spawnRadius=6, despawnRadius=10
[2026-06-24 05:58:03.641] [WorldPop] Cells to spawn: 77, already spawned: 36
[2026-06-24 05:58:04.956] [WorldPop] Player moved to grid (22,49) fast=False, spawnRadius=6, despawnRadius=10
[2026-06-24 05:58:04.956] [WorldPop] Cells to spawn: 77, already spawned: 36
[2026-06-24 05:58:08.033] [WorldPop] Player moved to grid (21,49) fast=False, spawnRadius=6, despawnRadius=10
[2026-06-24 05:58:08.033] [WorldPop] Cells to spawn: 77, already spawned: 36
[2026-06-24 05:58:11.914] [WorldPop] Player moved to grid (21,50) fast=False, spawnRadius=6, despawnRadius=10
[2026-06-24 05:58:11.914] [WorldPop] Cells to spawn: 78, already spawned: 36
[2026-06-24 05:58:12.598] [WorldPop] Player moved to grid (21,49) fast=False, spawnRadius=6, despawnRadius=10
[2026-06-24 05:58:12.598] [WorldPop] Cells to spawn: 77, already spawned: 36
[2026-06-24 05:58:19.133] [WorldPop] Player moved to grid (21,48) fast=False, spawnRadius=6, despawnRadius=10
[2026-06-24 05:58:19.133] [WorldPop] Cells to spawn: 77, already spawned: 36
[2026-06-24 05:58:20.442] [WorldPop] Player moved to grid (21,47) fast=False, spawnRadius=6, despawnRadius=10
[2026-06-24 05:58:20.443] [WorldPop] Cells to spawn: 79, already spawned: 36
[2026-06-24 05:58:24.423] [WorldPop] Player moved to grid (22,47) fast=False, spawnRadius=6, despawnRadius=10
[2026-06-24 05:58:24.423] [WorldPop] Cells to spawn: 80, already spawned: 36
[2026-06-24 05:58:26.348] [WorldPop] Player moved to grid (21,47) fast=False, spawnRadius=6, despawnRadius=10
[2026-06-24 05:58:26.348] [WorldPop] Cells to spawn: 79, already spawned: 36
[2026-06-24 05:58:30.823] [WorldPop] Player moved to grid (22,47) fast=False, spawnRadius=6, despawnRadius=10
[2026-06-24 05:58:30.824] [WorldPop] Cells to spawn: 80, already spawned: 36
[2026-06-24 05:58:34.430] [WorldPop] Player moved to grid (23,47) fast=False, spawnRadius=6, despawnRadius=10
[2026-06-24 05:58:34.430] [WorldPop] Cells to spawn: 81, already spawned: 36
[2026-06-24 05:58:36.201] [WorldPop] Player moved to grid (24,47) fast=False, spawnRadius=6, despawnRadius=10
[2026-06-24 05:58:36.201] [WorldPop] Cells to spawn: 84, already spawned: 36
[2026-06-24 05:58:38.590] [WorldPop] Player moved to grid (24,46) fast=False, spawnRadius=6, despawnRadius=10
[2026-06-24 05:58:38.590] [WorldPop] Cells to spawn: 87, already spawned: 36
[2026-06-24 05:58:38.939] [WorldPop] Player moved to grid (23,46) fast=False, spawnRadius=6, despawnRadius=10
[2026-06-24 05:58:38.939] [WorldPop] Cells to spawn: 84, already spawned: 36
[2026-06-24 05:58:38.996] [WorldPop] Player moved to grid (24,46) fast=False, spawnRadius=6, despawnRadius=10
[2026-06-24 05:58:38.996] [WorldPop] Cells to spawn: 87, already spawned: 36
[2026-06-24 05:58:42.257] [WorldPop] Player moved to grid (24,47) fast=False, spawnRadius=6, despawnRadius=10
[2026-06-24 05:58:42.258] [WorldPop] Cells to spawn: 84, already spawned: 36
[2026-06-24 05:58:43.989] [WorldPop] Player moved to grid (24,48) fast=False, spawnRadius=6, despawnRadius=10
[2026-06-24 05:58:43.990] [WorldPop] Cells to spawn: 81, already spawned: 36
[2026-06-24 05:58:45.189] [WorldPop] Player moved to grid (24,49) fast=False, spawnRadius=6, despawnRadius=10
[2026-06-24 05:58:45.189] [WorldPop] Cells to spawn: 77, already spawned: 36
[2026-06-24 05:58:46.385] [WorldPop] Player moved to grid (23,49) fast=False, spawnRadius=6, despawnRadius=10
[2026-06-24 05:58:46.385] [WorldPop] Cells to spawn: 77, already spawned: 36
[2026-06-24 05:58:47.356] [WorldPop] Player moved to grid (22,49) fast=False, spawnRadius=6, despawnRadius=10
[2026-06-24 05:58:47.356] [WorldPop] Cells to spawn: 77, already spawned: 36
[2026-06-24 05:58:47.422] [WorldPop] Player moved to grid (22,50) fast=False, spawnRadius=6, despawnRadius=10
[2026-06-24 05:58:47.423] [WorldPop] Cells to spawn: 78, already spawned: 36
[2026-06-24 05:58:48.698] [WorldPop] Player moved to grid (21,50) fast=False, spawnRadius=6, despawnRadius=10
[2026-06-24 05:58:48.698] [WorldPop] Cells to spawn: 78, already spawned: 36
[2026-06-24 05:58:50.143] [WorldPop] Player moved to grid (20,50) fast=False, spawnRadius=6, despawnRadius=10
[2026-06-24 05:58:50.144] [WorldPop] Cells to spawn: 79, already spawned: 36
[2026-06-24 05:58:52.663] [WorldPop] Player moved to grid (19,50) fast=False, spawnRadius=6, despawnRadius=10
[2026-06-24 05:58:52.663] [WorldPop] Cells to spawn: 79, already spawned: 36
[2026-06-24 05:58:54.063] [WorldPop] Player moved to grid (18,50) fast=False, spawnRadius=6, despawnRadius=10
[2026-06-24 05:58:54.063] [WorldPop] Cells to spawn: 80, already spawned: 36
[2026-06-24 05:58:56.747] [WorldPop] Player moved to grid (22,47) fast=False, spawnRadius=6, despawnRadius=10
[2026-06-24 05:58:56.747] [WorldPop] Cells to spawn: 80, already spawned: 36
[2026-06-24 05:58:56.801] [WorldPop] Player moved to grid (18,50) fast=False, spawnRadius=6, despawnRadius=10
[2026-06-24 05:58:56.801] [WorldPop] Cells to spawn: 80, already spawned: 36
[2026-06-24 05:58:56.866] [WorldPop] Player moved to grid (22,47) fast=False, spawnRadius=6, despawnRadius=10
[2026-06-24 05:58:56.866] [WorldPop] Cells to spawn: 80, already spawned: 36
[2026-06-24 05:58:56.882] [WorldPop] Player moved to grid (18,50) fast=False, spawnRadius=6, despawnRadius=10
[2026-06-24 05:58:56.882] [WorldPop] Cells to spawn: 80, already spawned: 36
[2026-06-24 05:58:56.924] [WorldPop] Player moved to grid (22,47) fast=False, spawnRadius=6, despawnRadius=10
[2026-06-24 05:58:56.925] [WorldPop] Cells to spawn: 80, already spawned: 36
[2026-06-24 05:58:56.955] [WorldPop] Player moved to grid (18,50) fast=False, spawnRadius=6, despawnRadius=10
[2026-06-24 05:58:56.956] [WorldPop] Cells to spawn: 80, already spawned: 36
[2026-06-24 05:58:57.008] [WorldPop] Player moved to grid (22,47) fast=False, spawnRadius=6, despawnRadius=10
[2026-06-24 05:58:57.008] [WorldPop] Cells to spawn: 80, already spawned: 36
[2026-06-24 05:58:57.023] [WorldPop] Player moved to grid (18,50) fast=False, spawnRadius=6, despawnRadius=10
[2026-06-24 05:58:57.023] [WorldPop] Cells to spawn: 80, already spawned: 36
[2026-06-24 05:58:57.080] [WorldPop] Player moved to grid (22,47) fast=False, spawnRadius=6, despawnRadius=10
[2026-06-24 05:58:57.080] [WorldPop] Cells to spawn: 80, already spawned: 36
[2026-06-24 05:58:57.113] [WorldPop] Player moved to grid (18,50) fast=False, spawnRadius=6, despawnRadius=10
[2026-06-24 05:58:57.113] [WorldPop] Cells to spawn: 80, already spawned: 36
[2026-06-24 05:58:57.164] [WorldPop] Player moved to grid (22,47) fast=False, spawnRadius=6, despawnRadius=10
[2026-06-24 05:58:57.164] [WorldPop] Cells to spawn: 80, already spawned: 36
[2026-06-24 05:58:57.195] [WorldPop] Player moved to grid (18,50) fast=False, spawnRadius=6, despawnRadius=10
[2026-06-24 05:58:57.195] [WorldPop] Cells to spawn: 80, already spawned: 36
[2026-06-24 05:58:57.233] [WorldPop] Player moved to grid (22,47) fast=False, spawnRadius=6, despawnRadius=10
[2026-06-24 05:58:57.233] [WorldPop] Cells to spawn: 80, already spawned: 36
[2026-06-24 05:58:57.266] [WorldPop] Player moved to grid (18,50) fast=False, spawnRadius=6, despawnRadius=10
[2026-06-24 05:58:57.266] [WorldPop] Cells to spawn: 80, already spawned: 36
[2026-06-24 05:58:57.318] [WorldPop] Player moved to grid (22,47) fast=False, spawnRadius=6, despawnRadius=10
[2026-06-24 05:58:57.323] [WorldPop] Cells to spawn: 80, already spawned: 36
[2026-06-24 05:58:57.355] [WorldPop] Player moved to grid (18,50) fast=False, spawnRadius=6, despawnRadius=10
[2026-06-24 05:58:57.355] [WorldPop] Cells to spawn: 80, already spawned: 36
[2026-06-24 05:58:57.391] [WorldPop] Player moved to grid (22,47) fast=False, spawnRadius=6, despawnRadius=10
[2026-06-24 05:58:57.391] [WorldPop] Cells to spawn: 80, already spawned: 36
[2026-06-24 05:58:57.422] [WorldPop] Player moved to grid (18,50) fast=False, spawnRadius=6, despawnRadius=10
[2026-06-24 05:58:57.423] [WorldPop] Cells to spawn: 80, already spawned: 36
[2026-06-24 05:58:57.488] [WorldPop] Player moved to grid (22,47) fast=False, spawnRadius=6, despawnRadius=10
[2026-06-24 05:58:57.489] [WorldPop] Cells to spawn: 80, already spawned: 36
[2026-06-24 05:58:57.512] [WorldPop] Player moved to grid (17,50) fast=False, spawnRadius=6, despawnRadius=10
[2026-06-24 05:58:57.513] [WorldPop] Cells to spawn: 82, already spawned: 36
[2026-06-24 05:58:57.661] [WorldPop] Player moved to grid (22,47) fast=False, spawnRadius=6, despawnRadius=10
[2026-06-24 05:58:57.661] [WorldPop] Cells to spawn: 80, already spawned: 36
[2026-06-24 05:58:57.682] [WorldPop] Player moved to grid (17,50) fast=False, spawnRadius=6, despawnRadius=10
[2026-06-24 05:58:57.682] [WorldPop] Cells to spawn: 82, already spawned: 36
[2026-06-24 05:58:57.706] [WorldPop] Player moved to grid (22,47) fast=False, spawnRadius=6, despawnRadius=10
[2026-06-24 05:58:57.707] [WorldPop] Cells to spawn: 80, already spawned: 36
[2026-06-24 05:58:57.723] [WorldPop] Player moved to grid (17,50) fast=False, spawnRadius=6, despawnRadius=10
[2026-06-24 05:58:57.723] [WorldPop] Cells to spawn: 82, already spawned: 36
[2026-06-24 05:58:57.739] [WorldPop] Player moved to grid (22,47) fast=False, spawnRadius=6, despawnRadius=10
[2026-06-24 05:58:57.739] [WorldPop] Cells to spawn: 80, already spawned: 36
[2026-06-24 05:58:57.759] [WorldPop] Player moved to grid (17,50) fast=False, spawnRadius=6, despawnRadius=10
[2026-06-24 05:58:57.759] [WorldPop] Cells to spawn: 82, already spawned: 36
[2026-06-24 05:58:57.801] [WorldPop] Player moved to grid (22,47) fast=False, spawnRadius=6, despawnRadius=10
[2026-06-24 05:58:57.802] [WorldPop] Cells to spawn: 80, already spawned: 36
[2026-06-24 05:58:57.825] [WorldPop] Player moved to grid (17,50) fast=False, spawnRadius=6, despawnRadius=10
[2026-06-24 05:58:57.825] [WorldPop] Cells to spawn: 82, already spawned: 36
[2026-06-24 05:58:57.880] [WorldPop] Player moved to grid (22,47) fast=False, spawnRadius=6, despawnRadius=10
[2026-06-24 05:58:57.880] [WorldPop] Cells to spawn: 80, already spawned: 36
[2026-06-24 05:58:57.911] [WorldPop] Player moved to grid (17,50) fast=False, spawnRadius=6, despawnRadius=10
[2026-06-24 05:58:57.911] [WorldPop] Cells to spawn: 82, already spawned: 36
[2026-06-24 05:58:57.958] [WorldPop] Player moved to grid (22,47) fast=False, spawnRadius=6, despawnRadius=10
[2026-06-24 05:58:57.958] [WorldPop] Cells to spawn: 80, already spawned: 36
[2026-06-24 05:58:57.983] [WorldPop] Player moved to grid (17,50) fast=False, spawnRadius=6, despawnRadius=10
[2026-06-24 05:58:57.983] [WorldPop] Cells to spawn: 82, already spawned: 36
[2026-06-24 05:58:58.040] [WorldPop] Player moved to grid (22,47) fast=False, spawnRadius=6, despawnRadius=10
[2026-06-24 05:58:58.040] [WorldPop] Cells to spawn: 80, already spawned: 36
[2026-06-24 05:58:58.074] [WorldPop] Player moved to grid (17,50) fast=False, spawnRadius=6, despawnRadius=10
[2026-06-24 05:58:58.074] [WorldPop] Cells to spawn: 82, already spawned: 36
[2026-06-24 05:58:58.130] [WorldPop] Player moved to grid (22,47) fast=False, spawnRadius=6, despawnRadius=10
[2026-06-24 05:58:58.130] [WorldPop] Cells to spawn: 80, already spawned: 36
[2026-06-24 05:58:58.146] [WorldPop] Player moved to grid (17,50) fast=False, spawnRadius=6, despawnRadius=10
[2026-06-24 05:58:58.146] [WorldPop] Cells to spawn: 82, already spawned: 36
[2026-06-24 05:58:58.183] [WorldPop] Player moved to grid (22,47) fast=False, spawnRadius=6, despawnRadius=10
[2026-06-24 05:58:58.184] [WorldPop] Cells to spawn: 80, already spawned: 36
[2026-06-24 05:58:58.236] [WorldPop] Player moved to grid (17,50) fast=False, spawnRadius=6, despawnRadius=10
[2026-06-24 05:58:58.237] [WorldPop] Cells to spawn: 82, already spawned: 36
[2026-06-24 05:58:58.286] [WorldPop] Player moved to grid (22,47) fast=False, spawnRadius=6, despawnRadius=10
[2026-06-24 05:58:58.286] [WorldPop] Cells to spawn: 80, already spawned: 36
[2026-06-24 05:58:58.309] [WorldPop] Player moved to grid (17,50) fast=False, spawnRadius=6, despawnRadius=10
[2026-06-24 05:58:58.309] [WorldPop] Cells to spawn: 82, already spawned: 36
[2026-06-24 05:58:58.342] [WorldPop] Player moved to grid (22,47) fast=False, spawnRadius=6, despawnRadius=10
[2026-06-24 05:58:58.342] [WorldPop] Cells to spawn: 80, already spawned: 36
[2026-06-24 05:58:58.385] [WorldPop] Player moved to grid (17,50) fast=False, spawnRadius=6, despawnRadius=10
[2026-06-24 05:58:58.385] [WorldPop] Cells to spawn: 82, already spawned: 36
[2026-06-24 05:58:58.462] [WorldPop] Player moved to grid (22,47) fast=False, spawnRadius=6, despawnRadius=10
[2026-06-24 05:58:58.462] [WorldPop] Cells to spawn: 80, already spawned: 36
[2026-06-24 05:58:58.477] [WorldPop] Player moved to grid (17,50) fast=False, spawnRadius=6, despawnRadius=10
[2026-06-24 05:58:58.477] [WorldPop] Cells to spawn: 82, already spawned: 36
[2026-06-24 05:58:58.504] [WorldPop] Player moved to grid (22,47) fast=False, spawnRadius=6, despawnRadius=10
[2026-06-24 05:58:58.505] [WorldPop] Cells to spawn: 80, already spawned: 36
[2026-06-24 05:58:58.652] [WorldPop] Player moved to grid (17,50) fast=False, spawnRadius=6, despawnRadius=10
[2026-06-24 05:58:58.652] [WorldPop] Cells to spawn: 82, already spawned: 36
[2026-06-24 05:58:58.680] [WorldPop] Player moved to grid (22,47) fast=False, spawnRadius=6, despawnRadius=10
[2026-06-24 05:58:58.680] [WorldPop] Cells to spawn: 80, already spawned: 36
[2026-06-24 05:58:58.693] [WorldPop] Player moved to grid (17,50) fast=False, spawnRadius=6, despawnRadius=10
[2026-06-24 05:58:58.694] [WorldPop] Cells to spawn: 82, already spawned: 36
[2026-06-24 05:58:58.709] [WorldPop] Player moved to grid (22,47) fast=False, spawnRadius=6, despawnRadius=10
[2026-06-24 05:58:58.710] [WorldPop] Cells to spawn: 80, already spawned: 36
[2026-06-24 05:58:58.724] [WorldPop] Player moved to grid (17,50) fast=False, spawnRadius=6, despawnRadius=10
[2026-06-24 05:58:58.724] [WorldPop] Cells to spawn: 82, already spawned: 36
[2026-06-24 05:58:58.774] [WorldPop] Player moved to grid (22,47) fast=False, spawnRadius=6, despawnRadius=10
[2026-06-24 05:58:58.774] [WorldPop] Cells to spawn: 80, already spawned: 36
[2026-06-24 05:58:58.788] [WorldPop] Player moved to grid (17,50) fast=False, spawnRadius=6, despawnRadius=10
[2026-06-24 05:58:58.788] [WorldPop] Cells to spawn: 82, already spawned: 36
[2026-06-24 05:58:58.838] [WorldPop] Player moved to grid (22,47) fast=False, spawnRadius=6, despawnRadius=10
[2026-06-24 05:58:58.839] [WorldPop] Cells to spawn: 80, already spawned: 36
[2026-06-24 05:58:58.876] [WorldPop] Player moved to grid (17,51) fast=False, spawnRadius=6, despawnRadius=10
[2026-06-24 05:58:58.876] [WorldPop] Cells to spawn: 85, already spawned: 36
[2026-06-24 05:58:58.928] [WorldPop] Player moved to grid (22,47) fast=False, spawnRadius=6, despawnRadius=10
[2026-06-24 05:58:58.928] [WorldPop] Cells to spawn: 80, already spawned: 36
[2026-06-24 05:58:58.944] [WorldPop] Player moved to grid (17,51) fast=False, spawnRadius=6, despawnRadius=10
[2026-06-24 05:58:58.944] [WorldPop] Cells to spawn: 85, already spawned: 36
[2026-06-24 05:58:58.983] [WorldPop] Player moved to grid (22,47) fast=False, spawnRadius=6, despawnRadius=10
[2026-06-24 05:58:58.983] [WorldPop] Cells to spawn: 80, already spawned: 36
[2026-06-24 05:58:59.035] [WorldPop] Player moved to grid (17,51) fast=False, spawnRadius=6, despawnRadius=10
[2026-06-24 05:58:59.035] [WorldPop] Cells to spawn: 85, already spawned: 36
[2026-06-24 05:58:59.085] [WorldPop] Player moved to grid (22,47) fast=False, spawnRadius=6, despawnRadius=10
[2026-06-24 05:58:59.085] [WorldPop] Cells to spawn: 80, already spawned: 36
[2026-06-24 05:58:59.111] [WorldPop] Player moved to grid (17,51) fast=False, spawnRadius=6, despawnRadius=10
[2026-06-24 05:58:59.111] [WorldPop] Cells to spawn: 85, already spawned: 36
[2026-06-24 05:58:59.142] [WorldPop] Player moved to grid (22,47) fast=False, spawnRadius=6, despawnRadius=10
[2026-06-24 05:58:59.143] [WorldPop] Cells to spawn: 80, already spawned: 36
[2026-06-24 05:58:59.198] [WorldPop] Player moved to grid (17,51) fast=False, spawnRadius=6, despawnRadius=10
[2026-06-24 05:58:59.198] [WorldPop] Cells to spawn: 85, already spawned: 36
[2026-06-24 05:58:59.257] [WorldPop] Player moved to grid (22,47) fast=False, spawnRadius=6, despawnRadius=10
[2026-06-24 05:58:59.258] [WorldPop] Cells to spawn: 80, already spawned: 36
[2026-06-24 05:58:59.273] [WorldPop] Player moved to grid (17,51) fast=False, spawnRadius=6, despawnRadius=10
[2026-06-24 05:58:59.273] [WorldPop] Cells to spawn: 85, already spawned: 36
[2026-06-24 05:58:59.307] [WorldPop] Player moved to grid (22,47) fast=False, spawnRadius=6, despawnRadius=10
[2026-06-24 05:58:59.308] [WorldPop] Cells to spawn: 80, already spawned: 36
[2026-06-24 05:58:59.340] [WorldPop] Player moved to grid (17,51) fast=False, spawnRadius=6, despawnRadius=10
[2026-06-24 05:58:59.340] [WorldPop] Cells to spawn: 85, already spawned: 36
[2026-06-24 05:58:59.413] [WorldPop] Player moved to grid (22,47) fast=False, spawnRadius=6, despawnRadius=10
[2026-06-24 05:58:59.413] [WorldPop] Cells to spawn: 80, already spawned: 36
[2026-06-24 05:58:59.430] [WorldPop] Player moved to grid (17,51) fast=False, spawnRadius=6, despawnRadius=10
[2026-06-24 05:58:59.430] [WorldPop] Cells to spawn: 85, already spawned: 36
[2026-06-24 05:58:59.464] [WorldPop] Player moved to grid (22,47) fast=False, spawnRadius=6, despawnRadius=10
[2026-06-24 05:58:59.464] [WorldPop] Cells to spawn: 80, already spawned: 36
[2026-06-24 05:58:59.500] [WorldPop] Player moved to grid (17,51) fast=False, spawnRadius=6, despawnRadius=10
[2026-06-24 05:58:59.500] [WorldPop] Cells to spawn: 85, already spawned: 36
[2026-06-24 05:58:59.571] [WorldPop] Player moved to grid (22,47) fast=False, spawnRadius=6, despawnRadius=10
[2026-06-24 05:58:59.571] [WorldPop] Cells to spawn: 80, already spawned: 36
[2026-06-24 05:58:59.590] [WorldPop] Player moved to grid (17,51) fast=False, spawnRadius=6, despawnRadius=10
[2026-06-24 05:58:59.590] [WorldPop] Cells to spawn: 85, already spawned: 36
[2026-06-24 05:58:59.628] [WorldPop] Player moved to grid (22,47) fast=False, spawnRadius=6, despawnRadius=10
[2026-06-24 05:58:59.629] [WorldPop] Cells to spawn: 80, already spawned: 36
[2026-06-24 05:58:59.665] [WorldPop] Player moved to grid (17,51) fast=False, spawnRadius=6, despawnRadius=10
[2026-06-24 05:58:59.666] [WorldPop] Cells to spawn: 85, already spawned: 36
[2026-06-24 05:58:59.744] [WorldPop] Player moved to grid (22,47) fast=False, spawnRadius=6, despawnRadius=10
[2026-06-24 05:58:59.744] [WorldPop] Cells to spawn: 80, already spawned: 36
[2026-06-24 05:58:59.760] [WorldPop] Player moved to grid (17,51) fast=False, spawnRadius=6, despawnRadius=10
[2026-06-24 05:58:59.760] [WorldPop] Cells to spawn: 85, already spawned: 36
[2026-06-24 05:58:59.786] [WorldPop] Player moved to grid (22,47) fast=False, spawnRadius=6, despawnRadius=10
[2026-06-24 05:58:59.786] [WorldPop] Cells to spawn: 80, already spawned: 36
[2026-06-24 05:58:59.834] [WorldPop] Player moved to grid (17,51) fast=False, spawnRadius=6, despawnRadius=10
[2026-06-24 05:58:59.834] [WorldPop] Cells to spawn: 85, already spawned: 36
[2026-06-24 05:58:59.902] [WorldPop] Player moved to grid (22,47) fast=False, spawnRadius=6, despawnRadius=10
[2026-06-24 05:58:59.902] [WorldPop] Cells to spawn: 80, already spawned: 36
[2026-06-24 05:58:59.928] [WorldPop] Player moved to grid (17,51) fast=False, spawnRadius=6, despawnRadius=10
[2026-06-24 05:58:59.928] [WorldPop] Cells to spawn: 85, already spawned: 36
[2026-06-24 05:58:59.974] [WorldPop] Player moved to grid (22,47) fast=False, spawnRadius=6, despawnRadius=10
[2026-06-24 05:58:59.974] [WorldPop] Cells to spawn: 80, already spawned: 36
[2026-06-24 05:58:59.995] [WorldPop] Player moved to grid (17,51) fast=False, spawnRadius=6, despawnRadius=10
[2026-06-24 05:58:59.995] [WorldPop] Cells to spawn: 85, already spawned: 36
[2026-06-24 05:59:00.043] [WorldPop] Player moved to grid (22,47) fast=False, spawnRadius=6, despawnRadius=10
[2026-06-24 05:59:00.043] [WorldPop] Cells to spawn: 80, already spawned: 36
[2026-06-24 05:59:00.073] [WorldPop] Player moved to grid (17,51) fast=False, spawnRadius=6, despawnRadius=10
[2026-06-24 05:59:00.073] [WorldPop] Cells to spawn: 85, already spawned: 36
[2026-06-24 05:59:00.115] [WorldPop] Player moved to grid (22,47) fast=False, spawnRadius=6, despawnRadius=10
[2026-06-24 05:59:00.116] [WorldPop] Cells to spawn: 80, already spawned: 36
[2026-06-24 05:59:00.150] [WorldPop] Player moved to grid (17,51) fast=False, spawnRadius=6, despawnRadius=10
[2026-06-24 05:59:00.150] [WorldPop] Cells to spawn: 85, already spawned: 36
[2026-06-24 05:59:00.214] [WorldPop] Player moved to grid (22,47) fast=False, spawnRadius=6, despawnRadius=10
[2026-06-24 05:59:00.214] [WorldPop] Cells to spawn: 80, already spawned: 36
[2026-06-24 05:59:00.228] [WorldPop] Player moved to grid (17,51) fast=False, spawnRadius=6, despawnRadius=10
[2026-06-24 05:59:00.229] [WorldPop] Cells to spawn: 85, already spawned: 36
[2026-06-24 05:59:00.262] [WorldPop] Player moved to grid (22,47) fast=False, spawnRadius=6, despawnRadius=10
[2026-06-24 05:59:00.262] [WorldPop] Cells to spawn: 80, already spawned: 36
[2026-06-24 05:59:00.322] [WorldPop] Player moved to grid (17,51) fast=False, spawnRadius=6, despawnRadius=10
[2026-06-24 05:59:00.323] [WorldPop] Cells to spawn: 85, already spawned: 36
[2026-06-24 05:59:00.369] [WorldPop] Player moved to grid (22,47) fast=False, spawnRadius=6, despawnRadius=10
[2026-06-24 05:59:00.369] [WorldPop] Cells to spawn: 80, already spawned: 36
[2026-06-24 05:59:00.397] [WorldPop] Player moved to grid (17,51) fast=False, spawnRadius=6, despawnRadius=10
[2026-06-24 05:59:00.397] [WorldPop] Cells to spawn: 85, already spawned: 36
[2026-06-24 05:59:00.433] [WorldPop] Player moved to grid (22,47) fast=False, spawnRadius=6, despawnRadius=10
[2026-06-24 05:59:00.434] [WorldPop] Cells to spawn: 80, already spawned: 36
[2026-06-24 05:59:00.470] [WorldPop] Player moved to grid (17,51) fast=False, spawnRadius=6, despawnRadius=10
[2026-06-24 05:59:00.470] [WorldPop] Cells to spawn: 85, already spawned: 36
[2026-06-24 05:59:00.529] [WorldPop] Player moved to grid (22,47) fast=False, spawnRadius=6, despawnRadius=10
[2026-06-24 05:59:00.530] [WorldPop] Cells to spawn: 80, already spawned: 36
[2026-06-24 05:59:00.546] [WorldPop] Player moved to grid (16,51) fast=False, spawnRadius=6, despawnRadius=10
[2026-06-24 05:59:00.546] [WorldPop] Cells to spawn: 90, already spawned: 36
[2026-06-24 05:59:00.589] [WorldPop] Player moved to grid (22,47) fast=False, spawnRadius=6, despawnRadius=10
[2026-06-24 05:59:00.589] [WorldPop] Cells to spawn: 80, already spawned: 36
[2026-06-24 05:59:00.633] [WorldPop] Player moved to grid (16,51) fast=False, spawnRadius=6, despawnRadius=10
[2026-06-24 05:59:00.633] [WorldPop] Cells to spawn: 90, already spawned: 36
[2026-06-24 05:59:00.685] [WorldPop] Player moved to grid (22,47) fast=False, spawnRadius=6, despawnRadius=10
[2026-06-24 05:59:00.685] [WorldPop] Cells to spawn: 80, already spawned: 36
[2026-06-24 05:59:00.711] [WorldPop] Player moved to grid (16,51) fast=False, spawnRadius=6, despawnRadius=10
[2026-06-24 05:59:00.711] [WorldPop] Cells to spawn: 90, already spawned: 36
[2026-06-24 05:59:00.746] [WorldPop] Player moved to grid (22,47) fast=False, spawnRadius=6, despawnRadius=10
[2026-06-24 05:59:00.747] [WorldPop] Cells to spawn: 80, already spawned: 36
[2026-06-24 05:59:00.799] [WorldPop] Player moved to grid (16,51) fast=False, spawnRadius=6, despawnRadius=10
[2026-06-24 05:59:00.799] [WorldPop] Cells to spawn: 90, already spawned: 36
[2026-06-24 05:59:00.854] [WorldPop] Player moved to grid (22,47) fast=False, spawnRadius=6, despawnRadius=10
[2026-06-24 05:59:00.855] [WorldPop] Cells to spawn: 80, already spawned: 36
[2026-06-24 05:59:00.878] [WorldPop] Player moved to grid (16,51) fast=False, spawnRadius=6, despawnRadius=10
[2026-06-24 05:59:00.879] [WorldPop] Cells to spawn: 90, already spawned: 36
[2026-06-24 05:59:00.919] [WorldPop] Player moved to grid (22,47) fast=False, spawnRadius=6, despawnRadius=10
[2026-06-24 05:59:00.919] [WorldPop] Cells to spawn: 80, already spawned: 36
[2026-06-24 05:59:00.957] [WorldPop] Player moved to grid (16,51) fast=False, spawnRadius=6, despawnRadius=10
[2026-06-24 05:59:00.958] [WorldPop] Cells to spawn: 90, already spawned: 36
[2026-06-24 05:59:01.010] [WorldPop] Player moved to grid (22,47) fast=False, spawnRadius=6, despawnRadius=10
[2026-06-24 05:59:01.010] [WorldPop] Cells to spawn: 80, already spawned: 36
[2026-06-24 05:59:01.037] [WorldPop] Player moved to grid (16,51) fast=False, spawnRadius=6, despawnRadius=10
[2026-06-24 05:59:01.037] [WorldPop] Cells to spawn: 90, already spawned: 36
[2026-06-24 05:59:01.076] [WorldPop] Player moved to grid (22,47) fast=False, spawnRadius=6, despawnRadius=10
[2026-06-24 05:59:01.076] [WorldPop] Cells to spawn: 80, already spawned: 36
[2026-06-24 05:59:01.114] [WorldPop] Player moved to grid (16,51) fast=False, spawnRadius=6, despawnRadius=10
[2026-06-24 05:59:01.114] [WorldPop] Cells to spawn: 90, already spawned: 36
[2026-06-24 05:59:01.182] [WorldPop] Player moved to grid (22,47) fast=False, spawnRadius=6, despawnRadius=10
[2026-06-24 05:59:01.183] [WorldPop] Cells to spawn: 80, already spawned: 36
[2026-06-24 05:59:01.198] [WorldPop] Player moved to grid (16,51) fast=False, spawnRadius=6, despawnRadius=10
[2026-06-24 05:59:01.198] [WorldPop] Cells to spawn: 90, already spawned: 36
[2026-06-24 05:59:01.224] [WorldPop] Player moved to grid (22,47) fast=False, spawnRadius=6, despawnRadius=10
[2026-06-24 05:59:01.225] [WorldPop] Cells to spawn: 80, already spawned: 36
[2026-06-24 05:59:01.280] [WorldPop] Player moved to grid (16,51) fast=False, spawnRadius=6, despawnRadius=10
[2026-06-24 05:59:01.280] [WorldPop] Cells to spawn: 90, already spawned: 36
[2026-06-24 05:59:01.339] [WorldPop] Player moved to grid (22,47) fast=False, spawnRadius=6, despawnRadius=10
[2026-06-24 05:59:01.339] [WorldPop] Cells to spawn: 80, already spawned: 36
[2026-06-24 05:59:01.355] [WorldPop] Player moved to grid (16,51) fast=False, spawnRadius=6, despawnRadius=10
[2026-06-24 05:59:01.355] [WorldPop] Cells to spawn: 90, already spawned: 36
[2026-06-24 05:59:01.389] [WorldPop] Player moved to grid (22,47) fast=False, spawnRadius=6, despawnRadius=10
[2026-06-24 05:59:01.390] [WorldPop] Cells to spawn: 80, already spawned: 36
[2026-06-24 05:59:01.431] [WorldPop] Player moved to grid (16,51) fast=False, spawnRadius=6, despawnRadius=10
[2026-06-24 05:59:01.431] [WorldPop] Cells to spawn: 90, already spawned: 36
[2026-06-24 05:59:01.494] [WorldPop] Player moved to grid (22,47) fast=False, spawnRadius=6, despawnRadius=10
[2026-06-24 05:59:01.494] [WorldPop] Cells to spawn: 80, already spawned: 36
[2026-06-24 05:59:01.517] [WorldPop] Player moved to grid (16,51) fast=False, spawnRadius=6, despawnRadius=10
[2026-06-24 05:59:01.517] [WorldPop] Cells to spawn: 90, already spawned: 36
[2026-06-24 05:59:01.546] [WorldPop] Player moved to grid (22,47) fast=False, spawnRadius=6, despawnRadius=10
[2026-06-24 05:59:01.547] [WorldPop] Cells to spawn: 80, already spawned: 36
[2026-06-24 05:59:01.598] [WorldPop] Player moved to grid (16,51) fast=False, spawnRadius=6, despawnRadius=10
[2026-06-24 05:59:01.598] [WorldPop] Cells to spawn: 90, already spawned: 36
[2026-06-24 05:59:01.650] [WorldPop] Player moved to grid (22,47) fast=False, spawnRadius=6, despawnRadius=10
[2026-06-24 05:59:01.650] [WorldPop] Cells to spawn: 80, already spawned: 36
[2026-06-24 05:59:01.666] [WorldPop] Player moved to grid (16,51) fast=False, spawnRadius=6, despawnRadius=10
[2026-06-24 05:59:01.666] [WorldPop] Cells to spawn: 90, already spawned: 36
[2026-06-24 05:59:01.705] [WorldPop] Player moved to grid (22,47) fast=False, spawnRadius=6, despawnRadius=10
[2026-06-24 05:59:01.706] [WorldPop] Cells to spawn: 80, already spawned: 36
[2026-06-24 05:59:01.752] [WorldPop] Player moved to grid (16,51) fast=False, spawnRadius=6, despawnRadius=10
[2026-06-24 05:59:01.752] [WorldPop] Cells to spawn: 90, already spawned: 36
[2026-06-24 05:59:01.806] [WorldPop] Player moved to grid (22,47) fast=False, spawnRadius=6, despawnRadius=10
[2026-06-24 05:59:01.807] [WorldPop] Cells to spawn: 80, already spawned: 36
[2026-06-24 05:59:01.836] [WorldPop] Player moved to grid (16,51) fast=False, spawnRadius=6, despawnRadius=10
[2026-06-24 05:59:01.836] [WorldPop] Cells to spawn: 90, already spawned: 36
[2026-06-24 05:59:01.867] [WorldPop] Player moved to grid (22,47) fast=False, spawnRadius=6, despawnRadius=10
[2026-06-24 05:59:01.867] [WorldPop] Cells to spawn: 80, already spawned: 36
[2026-06-24 05:59:01.914] [WorldPop] Player moved to grid (16,51) fast=False, spawnRadius=6, despawnRadius=10
[2026-06-24 05:59:01.915] [WorldPop] Cells to spawn: 90, already spawned: 36
[2026-06-24 05:59:01.977] [WorldPop] Player moved to grid (22,47) fast=False, spawnRadius=6, despawnRadius=10
[2026-06-24 05:59:01.977] [WorldPop] Cells to spawn: 80, already spawned: 36
[2026-06-24 05:59:01.992] [WorldPop] Player moved to grid (16,51) fast=False, spawnRadius=6, despawnRadius=10
[2026-06-24 05:59:01.993] [WorldPop] Cells to spawn: 90, already spawned: 36
[2026-06-24 05:59:02.033] [WorldPop] Player moved to grid (22,47) fast=False, spawnRadius=6, despawnRadius=10
[2026-06-24 05:59:02.033] [WorldPop] Cells to spawn: 80, already spawned: 36
[2026-06-24 05:59:02.069] [WorldPop] Player moved to grid (15,51) fast=False, spawnRadius=6, despawnRadius=10
[2026-06-24 05:59:02.069] [WorldPop] Cells to spawn: 99, already spawned: 36
[2026-06-24 05:59:02.135] [WorldPop] Player moved to grid (22,47) fast=False, spawnRadius=6, despawnRadius=10
[2026-06-24 05:59:02.135] [WorldPop] Cells to spawn: 80, already spawned: 36
[2026-06-24 05:59:02.152] [WorldPop] Player moved to grid (15,51) fast=False, spawnRadius=6, despawnRadius=10
[2026-06-24 05:59:02.152] [WorldPop] Cells to spawn: 99, already spawned: 36
[2026-06-24 05:59:02.183] [WorldPop] Player moved to grid (22,47) fast=False, spawnRadius=6, despawnRadius=10
[2026-06-24 05:59:02.183] [WorldPop] Cells to spawn: 80, already spawned: 36
[2026-06-24 05:59:02.233] [WorldPop] Player moved to grid (15,51) fast=False, spawnRadius=6, despawnRadius=10
[2026-06-24 05:59:02.233] [WorldPop] Cells to spawn: 99, already spawned: 36
[2026-06-24 05:59:02.289] [WorldPop] Player moved to grid (22,47) fast=False, spawnRadius=6, despawnRadius=10
[2026-06-24 05:59:02.289] [WorldPop] Cells to spawn: 80, already spawned: 36
[2026-06-24 05:59:02.321] [WorldPop] Player moved to grid (15,51) fast=False, spawnRadius=6, despawnRadius=10
[2026-06-24 05:59:02.321] [WorldPop] Cells to spawn: 99, already spawned: 36
[2026-06-24 05:59:02.351] [WorldPop] Player moved to grid (22,47) fast=False, spawnRadius=6, despawnRadius=10
[2026-06-24 05:59:02.351] [WorldPop] Cells to spawn: 80, already spawned: 36
[2026-06-24 05:59:02.385] [WorldPop] Player moved to grid (15,51) fast=False, spawnRadius=6, despawnRadius=10
[2026-06-24 05:59:02.385] [WorldPop] Cells to spawn: 99, already spawned: 36
[2026-06-24 05:59:02.444] [WorldPop] Player moved to grid (22,47) fast=False, spawnRadius=6, despawnRadius=10
[2026-06-24 05:59:02.444] [WorldPop] Cells to spawn: 80, already spawned: 36
[2026-06-24 05:59:02.474] [WorldPop] Player moved to grid (15,51) fast=False, spawnRadius=6, despawnRadius=10
[2026-06-24 05:59:02.474] [WorldPop] Cells to spawn: 99, already spawned: 36
[2026-06-24 05:59:02.507] [WorldPop] Player moved to grid (22,47) fast=False, spawnRadius=6, despawnRadius=10
[2026-06-24 05:59:02.507] [WorldPop] Cells to spawn: 80, already spawned: 36
[2026-06-24 05:59:02.557] [WorldPop] Player moved to grid (15,51) fast=False, spawnRadius=6, despawnRadius=10
[2026-06-24 05:59:02.557] [WorldPop] Cells to spawn: 99, already spawned: 36
[2026-06-24 05:59:02.602] [WorldPop] Player moved to grid (22,47) fast=False, spawnRadius=6, despawnRadius=10
[2026-06-24 05:59:02.603] [WorldPop] Cells to spawn: 80, already spawned: 36
[2026-06-24 05:59:02.626] [WorldPop] Player moved to grid (15,51) fast=False, spawnRadius=6, despawnRadius=10
[2026-06-24 05:59:02.626] [WorldPop] Cells to spawn: 99, already spawned: 36
[2026-06-24 05:59:02.674] [WorldPop] Player moved to grid (22,47) fast=False, spawnRadius=6, despawnRadius=10
[2026-06-24 05:59:02.674] [WorldPop] Cells to spawn: 80, already spawned: 36
[2026-06-24 05:59:02.709] [WorldPop] Player moved to grid (15,51) fast=False, spawnRadius=6, despawnRadius=10
[2026-06-24 05:59:02.709] [WorldPop] Cells to spawn: 99, already spawned: 36
[2026-06-24 05:59:02.774] [WorldPop] Player moved to grid (22,47) fast=False, spawnRadius=6, despawnRadius=10
[2026-06-24 05:59:02.775] [WorldPop] Cells to spawn: 80, already spawned: 36
[2026-06-24 05:59:02.796] [WorldPop] Player moved to grid (15,51) fast=False, spawnRadius=6, despawnRadius=10
[2026-06-24 05:59:02.796] [WorldPop] Cells to spawn: 99, already spawned: 36
[2026-06-24 05:59:02.823] [WorldPop] Player moved to grid (22,47) fast=False, spawnRadius=6, despawnRadius=10
[2026-06-24 05:59:02.823] [WorldPop] Cells to spawn: 80, already spawned: 36
[2026-06-24 05:59:02.875] [WorldPop] Player moved to grid (15,51) fast=False, spawnRadius=6, despawnRadius=10
[2026-06-24 05:59:02.875] [WorldPop] Cells to spawn: 99, already spawned: 36
[2026-06-24 05:59:02.929] [WorldPop] Player moved to grid (22,47) fast=False, spawnRadius=6, despawnRadius=10
[2026-06-24 05:59:02.929] [WorldPop] Cells to spawn: 80, already spawned: 36
[2026-06-24 05:59:02.959] [WorldPop] Player moved to grid (15,51) fast=False, spawnRadius=6, despawnRadius=10
[2026-06-24 05:59:02.959] [WorldPop] Cells to spawn: 99, already spawned: 36
[2026-06-24 05:59:02.990] [WorldPop] Player moved to grid (22,47) fast=False, spawnRadius=6, despawnRadius=10
[2026-06-24 05:59:02.991] [WorldPop] Cells to spawn: 80, already spawned: 36
[2026-06-24 05:59:03.024] [WorldPop] Player moved to grid (15,51) fast=False, spawnRadius=6, despawnRadius=10
[2026-06-24 05:59:03.025] [WorldPop] Cells to spawn: 99, already spawned: 36
[2026-06-24 05:59:03.098] [WorldPop] Player moved to grid (22,47) fast=False, spawnRadius=6, despawnRadius=10
[2026-06-24 05:59:03.098] [WorldPop] Cells to spawn: 80, already spawned: 36
[2026-06-24 05:59:03.114] [WorldPop] Player moved to grid (15,51) fast=False, spawnRadius=6, despawnRadius=10
[2026-06-24 05:59:03.114] [WorldPop] Cells to spawn: 99, already spawned: 36
[2026-06-24 05:59:03.158] [WorldPop] Player moved to grid (22,47) fast=False, spawnRadius=6, despawnRadius=10
[2026-06-24 05:59:03.159] [WorldPop] Cells to spawn: 80, already spawned: 36
[2026-06-24 05:59:03.191] [WorldPop] Player moved to grid (15,51) fast=False, spawnRadius=6, despawnRadius=10
[2026-06-24 05:59:03.191] [WorldPop] Cells to spawn: 99, already spawned: 36
[2026-06-24 05:59:03.237] [WorldPop] Player moved to grid (22,47) fast=False, spawnRadius=6, despawnRadius=10
[2026-06-24 05:59:03.237] [WorldPop] Cells to spawn: 80, already spawned: 36
[2026-06-24 05:59:03.278] [WorldPop] Player moved to grid (15,51) fast=False, spawnRadius=6, despawnRadius=10
[2026-06-24 05:59:03.279] [WorldPop] Cells to spawn: 99, already spawned: 36
[2026-06-24 05:59:03.326] [WorldPop] Player moved to grid (22,47) fast=False, spawnRadius=6, despawnRadius=10
[2026-06-24 05:59:03.326] [WorldPop] Cells to spawn: 80, already spawned: 36
[2026-06-24 05:59:03.376] [WorldPop] Player moved to grid (15,51) fast=False, spawnRadius=6, despawnRadius=10
[2026-06-24 05:59:03.376] [WorldPop] Cells to spawn: 99, already spawned: 36
[2026-06-24 05:59:03.427] [WorldPop] Player moved to grid (22,47) fast=False, spawnRadius=6, despawnRadius=10
[2026-06-24 05:59:03.427] [WorldPop] Cells to spawn: 80, already spawned: 36
[2026-06-24 05:59:03.442] [WorldPop] Player moved to grid (15,51) fast=False, spawnRadius=6, despawnRadius=10
[2026-06-24 05:59:03.443] [WorldPop] Cells to spawn: 99, already spawned: 36
[2026-06-24 05:59:03.471] [WorldPop] Player moved to grid (22,47) fast=False, spawnRadius=6, despawnRadius=10
[2026-06-24 05:59:03.471] [WorldPop] Cells to spawn: 80, already spawned: 36
[2026-06-24 05:59:03.519] [WorldPop] Player moved to grid (15,51) fast=False, spawnRadius=6, despawnRadius=10
[2026-06-24 05:59:03.519] [WorldPop] Cells to spawn: 99, already spawned: 36
[2026-06-24 05:59:03.585] [WorldPop] Player moved to grid (22,47) fast=False, spawnRadius=6, despawnRadius=10
[2026-06-24 05:59:03.585] [WorldPop] Cells to spawn: 80, already spawned: 36
[2026-06-24 05:59:03.608] [WorldPop] Player moved to grid (15,51) fast=False, spawnRadius=6, despawnRadius=10
[2026-06-24 05:59:03.608] [WorldPop] Cells to spawn: 99, already spawned: 36
[2026-06-24 05:59:03.640] [WorldPop] Player moved to grid (22,47) fast=False, spawnRadius=6, despawnRadius=10
[2026-06-24 05:59:03.640] [WorldPop] Cells to spawn: 80, already spawned: 36
[2026-06-24 05:59:03.673] [WorldPop] Player moved to grid (15,51) fast=False, spawnRadius=6, despawnRadius=10
[2026-06-24 05:59:03.673] [WorldPop] Cells to spawn: 99, already spawned: 36
[2026-06-24 05:59:03.724] [WorldPop] Player moved to grid (22,47) fast=False, spawnRadius=6, despawnRadius=10
[2026-06-24 05:59:03.724] [WorldPop] Cells to spawn: 80, already spawned: 36
[2026-06-24 05:59:03.748] [WorldPop] Player moved to grid (15,51) fast=False, spawnRadius=6, despawnRadius=10
[2026-06-24 05:59:03.749] [WorldPop] Cells to spawn: 99, already spawned: 36
[2026-06-24 05:59:03.785] [WorldPop] Player moved to grid (22,47) fast=False, spawnRadius=6, despawnRadius=10
[2026-06-24 05:59:03.786] [WorldPop] Cells to spawn: 80, already spawned: 36
[2026-06-24 05:59:03.835] [WorldPop] Player moved to grid (15,51) fast=True, spawnRadius=12, despawnRadius=20
[2026-06-24 05:59:03.836] [WorldPop] Cells to spawn: 405, already spawned: 36
[2026-06-24 05:59:03.877] [WorldPop] Player moved to grid (22,47) fast=False, spawnRadius=6, despawnRadius=10
[2026-06-24 05:59:03.877] [WorldPop] Cells to spawn: 80, already spawned: 36
[2026-06-24 05:59:03.935] [WorldPop] Player moved to grid (15,51) fast=False, spawnRadius=6, despawnRadius=10
[2026-06-24 05:59:03.935] [WorldPop] Cells to spawn: 99, already spawned: 36
[2026-06-24 05:59:03.952] [WorldPop] Player moved to grid (22,47) fast=False, spawnRadius=6, despawnRadius=10
[2026-06-24 05:59:03.953] [WorldPop] Cells to spawn: 80, already spawned: 36
[2026-06-24 05:59:04.006] [WorldPop] Player moved to grid (14,51) fast=False, spawnRadius=6, despawnRadius=10
[2026-06-24 05:59:04.007] [WorldPop] Cells to spawn: 106, already spawned: 36
[2026-06-24 05:59:04.007] [WorldPop] Removed 2 NPCs from 1 distant cells
[2026-06-24 05:59:04.040] [WorldPop] Player moved to grid (22,47) fast=False, spawnRadius=6, despawnRadius=10
[2026-06-24 05:59:04.040] [WorldPop] Cells to spawn: 81, already spawned: 35
[2026-06-24 05:59:04.040] [WorldPop] Spawned 2 new NPCs in 81 cells (total alive: 50)
[2026-06-24 05:59:04.077] [WorldPop] Player moved to grid (14,51) fast=False, spawnRadius=6, despawnRadius=10
[2026-06-24 05:59:04.078] [WorldPop] Cells to spawn: 105, already spawned: 36
[2026-06-24 05:59:04.116] [WorldPop] Player moved to grid (22,47) fast=False, spawnRadius=6, despawnRadius=10
[2026-06-24 05:59:04.116] [WorldPop] Cells to spawn: 80, already spawned: 36
[2026-06-24 05:59:04.177] [WorldPop] Player moved to grid (14,51) fast=False, spawnRadius=6, despawnRadius=10
[2026-06-24 05:59:04.177] [WorldPop] Cells to spawn: 105, already spawned: 36
[2026-06-24 05:59:04.199] [WorldPop] Player moved to grid (22,47) fast=False, spawnRadius=6, despawnRadius=10
[2026-06-24 05:59:04.199] [WorldPop] Cells to spawn: 80, already spawned: 36
[2026-06-24 05:59:04.235] [WorldPop] Player moved to grid (14,51) fast=False, spawnRadius=6, despawnRadius=10
[2026-06-24 05:59:04.236] [WorldPop] Cells to spawn: 105, already spawned: 36
[2026-06-24 05:59:04.271] [WorldPop] Player moved to grid (22,47) fast=False, spawnRadius=6, despawnRadius=10
[2026-06-24 05:59:04.271] [WorldPop] Cells to spawn: 80, already spawned: 36
[2026-06-24 05:59:04.336] [WorldPop] Player moved to grid (14,51) fast=False, spawnRadius=6, despawnRadius=10
[2026-06-24 05:59:04.336] [WorldPop] Cells to spawn: 105, already spawned: 36
[2026-06-24 05:59:04.356] [WorldPop] Player moved to grid (22,47) fast=False, spawnRadius=6, despawnRadius=10
[2026-06-24 05:59:04.356] [WorldPop] Cells to spawn: 80, already spawned: 36
[2026-06-24 05:59:04.392] [WorldPop] Player moved to grid (14,51) fast=False, spawnRadius=6, despawnRadius=10
[2026-06-24 05:59:04.392] [WorldPop] Cells to spawn: 105, already spawned: 36
[2026-06-24 05:59:04.426] [WorldPop] Player moved to grid (22,47) fast=False, spawnRadius=6, despawnRadius=10
[2026-06-24 05:59:04.426] [WorldPop] Cells to spawn: 80, already spawned: 36
[2026-06-24 05:59:04.490] [WorldPop] Player moved to grid (14,51) fast=False, spawnRadius=6, despawnRadius=10
[2026-06-24 05:59:04.491] [WorldPop] Cells to spawn: 105, already spawned: 36
[2026-06-24 05:59:04.522] [WorldPop] Player moved to grid (22,47) fast=False, spawnRadius=6, despawnRadius=10
[2026-06-24 05:59:04.523] [WorldPop] Cells to spawn: 80, already spawned: 36
[2026-06-24 05:59:04.568] [WorldPop] Player moved to grid (14,51) fast=False, spawnRadius=6, despawnRadius=10
[2026-06-24 05:59:04.569] [WorldPop] Cells to spawn: 105, already spawned: 36
[2026-06-24 05:59:04.606] [WorldPop] Player moved to grid (22,47) fast=False, spawnRadius=6, despawnRadius=10
[2026-06-24 05:59:04.606] [WorldPop] Cells to spawn: 80, already spawned: 36
[2026-06-24 05:59:04.661] [WorldPop] Player moved to grid (14,51) fast=False, spawnRadius=6, despawnRadius=10
[2026-06-24 05:59:04.661] [WorldPop] Cells to spawn: 105, already spawned: 36
[2026-06-24 05:59:04.681] [WorldPop] Player moved to grid (22,47) fast=False, spawnRadius=6, despawnRadius=10
[2026-06-24 05:59:04.681] [WorldPop] Cells to spawn: 80, already spawned: 36
[2026-06-24 05:59:04.718] [WorldPop] Player moved to grid (14,51) fast=False, spawnRadius=6, despawnRadius=10
[2026-06-24 05:59:04.718] [WorldPop] Cells to spawn: 105, already spawned: 36
[2026-06-24 05:59:04.754] [WorldPop] Player moved to grid (22,47) fast=False, spawnRadius=6, despawnRadius=10
[2026-06-24 05:59:04.755] [WorldPop] Cells to spawn: 80, already spawned: 36
[2026-06-24 05:59:04.818] [WorldPop] Player moved to grid (14,51) fast=False, spawnRadius=6, despawnRadius=10
[2026-06-24 05:59:04.818] [WorldPop] Cells to spawn: 105, already spawned: 36
[2026-06-24 05:59:04.840] [WorldPop] Player moved to grid (22,47) fast=False, spawnRadius=6, despawnRadius=10
[2026-06-24 05:59:04.841] [WorldPop] Cells to spawn: 80, already spawned: 36
[2026-06-24 05:59:04.872] [WorldPop] Player moved to grid (14,51) fast=False, spawnRadius=6, despawnRadius=10
[2026-06-24 05:59:04.873] [WorldPop] Cells to spawn: 105, already spawned: 36
[2026-06-24 05:59:04.908] [WorldPop] Player moved to grid (22,47) fast=False, spawnRadius=6, despawnRadius=10
[2026-06-24 05:59:04.908] [WorldPop] Cells to spawn: 80, already spawned: 36
[2026-06-24 05:59:04.971] [WorldPop] Player moved to grid (14,51) fast=False, spawnRadius=6, despawnRadius=10
[2026-06-24 05:59:04.971] [WorldPop] Cells to spawn: 105, already spawned: 36
[2026-06-24 05:59:04.996] [WorldPop] Player moved to grid (22,47) fast=False, spawnRadius=6, despawnRadius=10
[2026-06-24 05:59:04.997] [WorldPop] Cells to spawn: 80, already spawned: 36
[2026-06-24 05:59:05.033] [WorldPop] Player moved to grid (14,51) fast=False, spawnRadius=6, despawnRadius=10
[2026-06-24 05:59:05.033] [WorldPop] Cells to spawn: 105, already spawned: 36
[2026-06-24 05:59:05.077] [WorldPop] Player moved to grid (22,47) fast=False, spawnRadius=6, despawnRadius=10
[2026-06-24 05:59:05.077] [WorldPop] Cells to spawn: 80, already spawned: 36
[2026-06-24 05:59:05.128] [WorldPop] Player moved to grid (14,51) fast=False, spawnRadius=6, despawnRadius=10
[2026-06-24 05:59:05.129] [WorldPop] Cells to spawn: 105, already spawned: 36
[2026-06-24 05:59:05.152] [WorldPop] Player moved to grid (22,47) fast=False, spawnRadius=6, despawnRadius=10
[2026-06-24 05:59:05.152] [WorldPop] Cells to spawn: 80, already spawned: 36
[2026-06-24 05:59:05.199] [WorldPop] Player moved to grid (14,51) fast=False, spawnRadius=6, despawnRadius=10
[2026-06-24 05:59:05.199] [WorldPop] Cells to spawn: 105, already spawned: 36
[2026-06-24 05:59:05.232] [WorldPop] Player moved to grid (22,47) fast=False, spawnRadius=6, despawnRadius=10
[2026-06-24 05:59:05.233] [WorldPop] Cells to spawn: 80, already spawned: 36
[2026-06-24 05:59:05.451] [WorldPop] Player moved to grid (14,51) fast=False, spawnRadius=6, despawnRadius=10
[2026-06-24 05:59:05.451] [WorldPop] Cells to spawn: 105, already spawned: 36
[2026-06-24 05:59:05.488] [WorldPop] Player moved to grid (22,47) fast=False, spawnRadius=6, despawnRadius=10
[2026-06-24 05:59:05.488] [WorldPop] Cells to spawn: 80, already spawned: 36
[2026-06-24 05:59:05.516] [WorldPop] Player moved to grid (14,51) fast=False, spawnRadius=6, despawnRadius=10
[2026-06-24 05:59:05.517] [WorldPop] Cells to spawn: 105, already spawned: 36
[2026-06-24 05:59:05.551] [WorldPop] Player moved to grid (22,47) fast=False, spawnRadius=6, despawnRadius=10
[2026-06-24 05:59:05.552] [WorldPop] Cells to spawn: 80, already spawned: 36
[2026-06-24 05:59:05.607] [WorldPop] Player moved to grid (14,51) fast=False, spawnRadius=6, despawnRadius=10
[2026-06-24 05:59:05.607] [WorldPop] Cells to spawn: 105, already spawned: 36
[2026-06-24 05:59:05.638] [WorldPop] Player moved to grid (22,47) fast=False, spawnRadius=6, despawnRadius=10
[2026-06-24 05:59:05.638] [WorldPop] Cells to spawn: 80, already spawned: 36
[2026-06-24 05:59:05.667] [WorldPop] Player moved to grid (14,51) fast=False, spawnRadius=6, despawnRadius=10
[2026-06-24 05:59:05.667] [WorldPop] Cells to spawn: 105, already spawned: 36
[2026-06-24 05:59:05.703] [WorldPop] Player moved to grid (22,47) fast=False, spawnRadius=6, despawnRadius=10
[2026-06-24 05:59:05.703] [WorldPop] Cells to spawn: 80, already spawned: 36
[2026-06-24 05:59:05.777] [WorldPop] Player moved to grid (14,51) fast=False, spawnRadius=6, despawnRadius=10
[2026-06-24 05:59:05.777] [WorldPop] Cells to spawn: 105, already spawned: 36
[2026-06-24 05:59:05.793] [WorldPop] Player moved to grid (22,47) fast=False, spawnRadius=6, despawnRadius=10
[2026-06-24 05:59:05.793] [WorldPop] Cells to spawn: 80, already spawned: 36
[2026-06-24 05:59:05.902] [WorldPop] Player moved to grid (14,51) fast=False, spawnRadius=6, despawnRadius=10
[2026-06-24 05:59:05.902] [WorldPop] Cells to spawn: 105, already spawned: 36
[2026-06-24 05:59:05.956] [WorldPop] Player moved to grid (22,47) fast=False, spawnRadius=6, despawnRadius=10
[2026-06-24 05:59:05.956] [WorldPop] Cells to spawn: 80, already spawned: 36
[2026-06-24 05:59:06.012] [WorldPop] Player moved to grid (14,51) fast=False, spawnRadius=6, despawnRadius=10
[2026-06-24 05:59:06.012] [WorldPop] Cells to spawn: 105, already spawned: 36
[2026-06-24 05:59:06.035] [WorldPop] Player moved to grid (22,47) fast=False, spawnRadius=6, despawnRadius=10
[2026-06-24 05:59:06.035] [WorldPop] Cells to spawn: 80, already spawned: 36
[2026-06-24 05:59:06.069] [WorldPop] Player moved to grid (14,51) fast=False, spawnRadius=6, despawnRadius=10
[2026-06-24 05:59:06.069] [WorldPop] Cells to spawn: 105, already spawned: 36
[2026-06-24 05:59:06.103] [WorldPop] Player moved to grid (22,47) fast=False, spawnRadius=6, despawnRadius=10
[2026-06-24 05:59:06.103] [WorldPop] Cells to spawn: 80, already spawned: 36
[2026-06-24 05:59:06.183] [WorldPop] Player moved to grid (14,51) fast=False, spawnRadius=6, despawnRadius=10
[2026-06-24 05:59:06.183] [WorldPop] Cells to spawn: 105, already spawned: 36
[2026-06-24 05:59:06.214] [WorldPop] Player moved to grid (22,47) fast=False, spawnRadius=6, despawnRadius=10
[2026-06-24 05:59:06.214] [WorldPop] Cells to spawn: 80, already spawned: 36
[2026-06-24 05:59:06.234] [WorldPop] Player moved to grid (14,51) fast=False, spawnRadius=6, despawnRadius=10
[2026-06-24 05:59:06.235] [WorldPop] Cells to spawn: 105, already spawned: 36
[2026-06-24 05:59:06.274] [WorldPop] Player moved to grid (22,47) fast=False, spawnRadius=6, despawnRadius=10
[2026-06-24 05:59:06.274] [WorldPop] Cells to spawn: 80, already spawned: 36
[2026-06-24 05:59:06.324] [WorldPop] Player moved to grid (14,51) fast=False, spawnRadius=6, despawnRadius=10
[2026-06-24 05:59:06.324] [WorldPop] Cells to spawn: 105, already spawned: 36
[2026-06-24 05:59:06.355] [WorldPop] Player moved to grid (22,47) fast=False, spawnRadius=6, despawnRadius=10
[2026-06-24 05:59:06.355] [WorldPop] Cells to spawn: 80, already spawned: 36
[2026-06-24 05:59:06.389] [WorldPop] Player moved to grid (14,51) fast=False, spawnRadius=6, despawnRadius=10
[2026-06-24 05:59:06.390] [WorldPop] Cells to spawn: 105, already spawned: 36
[2026-06-24 05:59:06.438] [WorldPop] Player moved to grid (22,47) fast=False, spawnRadius=6, despawnRadius=10
[2026-06-24 05:59:06.438] [WorldPop] Cells to spawn: 80, already spawned: 36
[2026-06-24 05:59:06.495] [WorldPop] Player moved to grid (14,51) fast=False, spawnRadius=6, despawnRadius=10
[2026-06-24 05:59:06.495] [WorldPop] Cells to spawn: 105, already spawned: 36
[2026-06-24 05:59:06.510] [WorldPop] Player moved to grid (22,47) fast=False, spawnRadius=6, despawnRadius=10
[2026-06-24 05:59:06.510] [WorldPop] Cells to spawn: 80, already spawned: 36
[2026-06-24 05:59:06.553] [WorldPop] Player moved to grid (14,51) fast=False, spawnRadius=6, despawnRadius=10
[2026-06-24 05:59:06.553] [WorldPop] Cells to spawn: 105, already spawned: 36
[2026-06-24 05:59:06.586] [WorldPop] Player moved to grid (22,47) fast=False, spawnRadius=6, despawnRadius=10
[2026-06-24 05:59:06.586] [WorldPop] Cells to spawn: 80, already spawned: 36
[2026-06-24 05:59:06.665] [WorldPop] Player moved to grid (14,51) fast=False, spawnRadius=6, despawnRadius=10
[2026-06-24 05:59:06.665] [WorldPop] Cells to spawn: 105, already spawned: 36
[2026-06-24 05:59:06.681] [WorldPop] Player moved to grid (22,47) fast=False, spawnRadius=6, despawnRadius=10
[2026-06-24 05:59:06.682] [WorldPop] Cells to spawn: 80, already spawned: 36
[2026-06-24 05:59:06.723] [WorldPop] Player moved to grid (14,51) fast=False, spawnRadius=6, despawnRadius=10
[2026-06-24 05:59:06.723] [WorldPop] Cells to spawn: 105, already spawned: 36
[2026-06-24 05:59:06.754] [WorldPop] Player moved to grid (22,47) fast=False, spawnRadius=6, despawnRadius=10
[2026-06-24 05:59:06.754] [WorldPop] Cells to spawn: 80, already spawned: 36
[2026-06-24 05:59:06.807] [WorldPop] Player moved to grid (14,51) fast=False, spawnRadius=6, despawnRadius=10
[2026-06-24 05:59:06.808] [WorldPop] Cells to spawn: 105, already spawned: 36
[2026-06-24 05:59:06.846] [WorldPop] Player moved to grid (22,47) fast=False, spawnRadius=6, despawnRadius=10
[2026-06-24 05:59:06.847] [WorldPop] Cells to spawn: 80, already spawned: 36
[2026-06-24 05:59:06.880] [WorldPop] Player moved to grid (14,51) fast=False, spawnRadius=6, despawnRadius=10
[2026-06-24 05:59:06.880] [WorldPop] Cells to spawn: 105, already spawned: 36
[2026-06-24 05:59:06.912] [WorldPop] Player moved to grid (22,47) fast=False, spawnRadius=6, despawnRadius=10
[2026-06-24 05:59:06.913] [WorldPop] Cells to spawn: 80, already spawned: 36
[2026-06-24 05:59:06.976] [WorldPop] Player moved to grid (14,51) fast=False, spawnRadius=6, despawnRadius=10
[2026-06-24 05:59:06.976] [WorldPop] Cells to spawn: 105, already spawned: 36
[2026-06-24 05:59:06.991] [WorldPop] Player moved to grid (22,47) fast=False, spawnRadius=6, despawnRadius=10
[2026-06-24 05:59:06.991] [WorldPop] Cells to spawn: 80, already spawned: 36
[2026-06-24 05:59:07.040] [WorldPop] Player moved to grid (13,51) fast=False, spawnRadius=6, despawnRadius=10
[2026-06-24 05:59:07.041] [WorldPop] Cells to spawn: 110, already spawned: 36
[2026-06-24 05:59:07.041] [WorldPop] Removed 3 NPCs from 3 distant cells
[2026-06-24 05:59:07.088] [WorldPop] Player moved to grid (22,47) fast=False, spawnRadius=6, despawnRadius=10
[2026-06-24 05:59:07.088] [WorldPop] Cells to spawn: 83, already spawned: 33
[2026-06-24 05:59:07.088] [WorldPop] Spawned 3 new NPCs in 83 cells (total alive: 50)
[2026-06-24 05:59:07.148] [WorldPop] Player moved to grid (13,51) fast=False, spawnRadius=6, despawnRadius=10
[2026-06-24 05:59:07.148] [WorldPop] Cells to spawn: 110, already spawned: 35
[2026-06-24 05:59:07.164] [WorldPop] Player moved to grid (22,47) fast=False, spawnRadius=6, despawnRadius=10
[2026-06-24 05:59:07.164] [WorldPop] Cells to spawn: 81, already spawned: 35
[2026-06-24 05:59:07.209] [WorldPop] Player moved to grid (13,51) fast=False, spawnRadius=6, despawnRadius=10
[2026-06-24 05:59:07.210] [WorldPop] Cells to spawn: 110, already spawned: 35
[2026-06-24 05:59:07.249] [WorldPop] Player moved to grid (22,47) fast=False, spawnRadius=6, despawnRadius=10
[2026-06-24 05:59:07.249] [WorldPop] Cells to spawn: 81, already spawned: 35
[2026-06-24 05:59:07.290] [WorldPop] Player moved to grid (13,51) fast=False, spawnRadius=6, despawnRadius=10
[2026-06-24 05:59:07.290] [WorldPop] Cells to spawn: 110, already spawned: 35
[2026-06-24 05:59:07.318] [WorldPop] Player moved to grid (22,47) fast=False, spawnRadius=6, despawnRadius=10
[2026-06-24 05:59:07.318] [WorldPop] Cells to spawn: 81, already spawned: 35
[2026-06-24 05:59:07.352] [WorldPop] Player moved to grid (13,51) fast=False, spawnRadius=6, despawnRadius=10
[2026-06-24 05:59:07.352] [WorldPop] Cells to spawn: 110, already spawned: 35
[2026-06-24 05:59:07.387] [WorldPop] Player moved to grid (22,47) fast=False, spawnRadius=6, despawnRadius=10
[2026-06-24 05:59:07.387] [WorldPop] Cells to spawn: 81, already spawned: 35
[2026-06-24 05:59:07.441] [WorldPop] Player moved to grid (13,51) fast=False, spawnRadius=6, despawnRadius=10
[2026-06-24 05:59:07.442] [WorldPop] Cells to spawn: 110, already spawned: 35
[2026-06-24 05:59:07.483] [WorldPop] Player moved to grid (22,47) fast=False, spawnRadius=6, despawnRadius=10
[2026-06-24 05:59:07.483] [WorldPop] Cells to spawn: 81, already spawned: 35
[2026-06-24 05:59:07.518] [WorldPop] Player moved to grid (13,51) fast=False, spawnRadius=6, despawnRadius=10
[2026-06-24 05:59:07.518] [WorldPop] Cells to spawn: 110, already spawned: 35
[2026-06-24 05:59:07.561] [WorldPop] Player moved to grid (22,47) fast=False, spawnRadius=6, despawnRadius=10
[2026-06-24 05:59:07.561] [WorldPop] Cells to spawn: 81, already spawned: 35
[2026-06-24 05:59:07.613] [WorldPop] Player moved to grid (13,51) fast=False, spawnRadius=6, despawnRadius=10
[2026-06-24 05:59:07.613] [WorldPop] Cells to spawn: 110, already spawned: 35
[2026-06-24 05:59:07.640] [WorldPop] Player moved to grid (22,47) fast=False, spawnRadius=6, despawnRadius=10
[2026-06-24 05:59:07.640] [WorldPop] Cells to spawn: 81, already spawned: 35
[2026-06-24 05:59:07.674] [WorldPop] Player moved to grid (13,51) fast=False, spawnRadius=6, despawnRadius=10
[2026-06-24 05:59:07.674] [WorldPop] Cells to spawn: 110, already spawned: 35
[2026-06-24 05:59:07.716] [WorldPop] Player moved to grid (22,47) fast=False, spawnRadius=6, despawnRadius=10
[2026-06-24 05:59:07.716] [WorldPop] Cells to spawn: 81, already spawned: 35
[2026-06-24 05:59:07.770] [WorldPop] Player moved to grid (13,51) fast=False, spawnRadius=6, despawnRadius=10
[2026-06-24 05:59:07.770] [WorldPop] Cells to spawn: 110, already spawned: 35
[2026-06-24 05:59:07.824] [WorldPop] Player moved to grid (22,47) fast=False, spawnRadius=6, despawnRadius=10
[2026-06-24 05:59:07.824] [WorldPop] Cells to spawn: 81, already spawned: 35
[2026-06-24 05:59:07.844] [WorldPop] Player moved to grid (13,51) fast=False, spawnRadius=6, despawnRadius=10
[2026-06-24 05:59:07.844] [WorldPop] Cells to spawn: 110, already spawned: 35
[2026-06-24 05:59:07.879] [WorldPop] Player moved to grid (22,47) fast=False, spawnRadius=6, despawnRadius=10
[2026-06-24 05:59:07.880] [WorldPop] Cells to spawn: 81, already spawned: 35
[2026-06-24 05:59:07.925] [WorldPop] Player moved to grid (13,51) fast=False, spawnRadius=6, despawnRadius=10
[2026-06-24 05:59:07.926] [WorldPop] Cells to spawn: 110, already spawned: 35
[2026-06-24 05:59:07.960] [WorldPop] Player moved to grid (22,47) fast=False, spawnRadius=6, despawnRadius=10
[2026-06-24 05:59:07.960] [WorldPop] Cells to spawn: 81, already spawned: 35
[2026-06-24 05:59:07.996] [WorldPop] Player moved to grid (13,51) fast=False, spawnRadius=6, despawnRadius=10
[2026-06-24 05:59:07.996] [WorldPop] Cells to spawn: 110, already spawned: 35
[2026-06-24 05:59:08.030] [WorldPop] Player moved to grid (22,47) fast=False, spawnRadius=6, despawnRadius=10
[2026-06-24 05:59:08.031] [WorldPop] Cells to spawn: 81, already spawned: 35
[2026-06-24 05:59:08.082] [WorldPop] Player moved to grid (13,51) fast=False, spawnRadius=6, despawnRadius=10
[2026-06-24 05:59:08.082] [WorldPop] Cells to spawn: 110, already spawned: 35
[2026-06-24 05:59:08.109] [WorldPop] Player moved to grid (22,47) fast=False, spawnRadius=6, despawnRadius=10
[2026-06-24 05:59:08.109] [WorldPop] Cells to spawn: 81, already spawned: 35
[2026-06-24 05:59:08.150] [WorldPop] Player moved to grid (13,51) fast=False, spawnRadius=6, despawnRadius=10
[2026-06-24 05:59:08.150] [WorldPop] Cells to spawn: 110, already spawned: 35
[2026-06-24 05:59:08.186] [WorldPop] Player moved to grid (22,47) fast=False, spawnRadius=6, despawnRadius=10
[2026-06-24 05:59:08.186] [WorldPop] Cells to spawn: 81, already spawned: 35
[2026-06-24 05:59:08.239] [WorldPop] Player moved to grid (13,51) fast=False, spawnRadius=6, despawnRadius=10
[2026-06-24 05:59:08.239] [WorldPop] Cells to spawn: 110, already spawned: 35
[2026-06-24 05:59:08.266] [WorldPop] Player moved to grid (22,47) fast=False, spawnRadius=6, despawnRadius=10
[2026-06-24 05:59:08.266] [WorldPop] Cells to spawn: 81, already spawned: 35
[2026-06-24 05:59:08.306] [WorldPop] Player moved to grid (13,51) fast=False, spawnRadius=6, despawnRadius=10
[2026-06-24 05:59:08.307] [WorldPop] Cells to spawn: 110, already spawned: 35
[2026-06-24 05:59:08.362] [WorldPop] Player moved to grid (22,47) fast=False, spawnRadius=6, despawnRadius=10
[2026-06-24 05:59:08.363] [WorldPop] Cells to spawn: 81, already spawned: 35
[2026-06-24 05:59:08.425] [WorldPop] Player moved to grid (12,51) fast=False, spawnRadius=6, despawnRadius=10
[2026-06-24 05:59:08.425] [WorldPop] Cells to spawn: 112, already spawned: 35
[2026-06-24 05:59:08.426] [WorldPop] Removed 7 NPCs from 6 distant cells
[2026-06-24 05:59:08.445] [WorldPop] Player moved to grid (22,47) fast=False, spawnRadius=6, despawnRadius=10
[2026-06-24 05:59:08.445] [WorldPop] Cells to spawn: 87, already spawned: 29
[2026-06-24 05:59:08.446] [WorldPop] Spawned 7 new NPCs in 87 cells (total alive: 50)
[2026-06-24 05:59:08.482] [WorldPop] Player moved to grid (12,51) fast=False, spawnRadius=6, despawnRadius=10
[2026-06-24 05:59:08.483] [WorldPop] Cells to spawn: 109, already spawned: 34
[2026-06-24 05:59:08.525] [WorldPop] Player moved to grid (22,47) fast=False, spawnRadius=6, despawnRadius=10
[2026-06-24 05:59:08.525] [WorldPop] Cells to spawn: 82, already spawned: 34
[2026-06-24 05:59:08.565] [WorldPop] Player moved to grid (12,51) fast=False, spawnRadius=6, despawnRadius=10
[2026-06-24 05:59:08.565] [WorldPop] Cells to spawn: 109, already spawned: 34
[2026-06-24 05:59:08.599] [WorldPop] Player moved to grid (22,47) fast=False, spawnRadius=6, despawnRadius=10
[2026-06-24 05:59:08.600] [WorldPop] Cells to spawn: 82, already spawned: 34
[2026-06-24 05:59:08.648] [WorldPop] Player moved to grid (12,51) fast=False, spawnRadius=6, despawnRadius=10
[2026-06-24 05:59:08.649] [WorldPop] Cells to spawn: 109, already spawned: 34
[2026-06-24 05:59:08.705] [WorldPop] Player moved to grid (22,47) fast=False, spawnRadius=6, despawnRadius=10
[2026-06-24 05:59:08.706] [WorldPop] Cells to spawn: 82, already spawned: 34
[2026-06-24 05:59:08.724] [WorldPop] Player moved to grid (12,51) fast=False, spawnRadius=6, despawnRadius=10
[2026-06-24 05:59:08.724] [WorldPop] Cells to spawn: 109, already spawned: 34
[2026-06-24 05:59:08.771] [WorldPop] Player moved to grid (22,47) fast=False, spawnRadius=6, despawnRadius=10
[2026-06-24 05:59:08.771] [WorldPop] Cells to spawn: 82, already spawned: 34
[2026-06-24 05:59:08.814] [WorldPop] Player moved to grid (12,51) fast=False, spawnRadius=6, despawnRadius=10
[2026-06-24 05:59:08.814] [WorldPop] Cells to spawn: 109, already spawned: 34
[2026-06-24 05:59:08.846] [WorldPop] Player moved to grid (22,47) fast=False, spawnRadius=6, despawnRadius=10
[2026-06-24 05:59:08.846] [WorldPop] Cells to spawn: 82, already spawned: 34
[2026-06-24 05:59:08.883] [WorldPop] Player moved to grid (12,51) fast=False, spawnRadius=6, despawnRadius=10
[2026-06-24 05:59:08.883] [WorldPop] Cells to spawn: 109, already spawned: 34
[2026-06-24 05:59:08.917] [WorldPop] Player moved to grid (22,47) fast=False, spawnRadius=6, despawnRadius=10
[2026-06-24 05:59:08.918] [WorldPop] Cells to spawn: 82, already spawned: 34
[2026-06-24 05:59:08.954] [WorldPop] Player moved to grid (12,51) fast=False, spawnRadius=6, despawnRadius=10
[2026-06-24 05:59:08.954] [WorldPop] Cells to spawn: 109, already spawned: 34
[2026-06-24 05:59:08.993] [WorldPop] Player moved to grid (22,47) fast=False, spawnRadius=6, despawnRadius=10
[2026-06-24 05:59:08.994] [WorldPop] Cells to spawn: 82, already spawned: 34
[2026-06-24 05:59:09.032] [WorldPop] Player moved to grid (12,51) fast=False, spawnRadius=6, despawnRadius=10
[2026-06-24 05:59:09.032] [WorldPop] Cells to spawn: 109, already spawned: 34
[2026-06-24 05:59:09.070] [WorldPop] Player moved to grid (22,47) fast=False, spawnRadius=6, despawnRadius=10
[2026-06-24 05:59:09.070] [WorldPop] Cells to spawn: 82, already spawned: 34
[2026-06-24 05:59:09.126] [WorldPop] Player moved to grid (12,51) fast=False, spawnRadius=6, despawnRadius=10
[2026-06-24 05:59:09.126] [WorldPop] Cells to spawn: 109, already spawned: 34
[2026-06-24 05:59:09.148] [WorldPop] Player moved to grid (22,47) fast=False, spawnRadius=6, despawnRadius=10
[2026-06-24 05:59:09.148] [WorldPop] Cells to spawn: 82, already spawned: 34
[2026-06-24 05:59:09.202] [WorldPop] Player moved to grid (12,51) fast=False, spawnRadius=6, despawnRadius=10
[2026-06-24 05:59:09.202] [WorldPop] Cells to spawn: 109, already spawned: 34
[2026-06-24 05:59:09.235] [WorldPop] Player moved to grid (22,47) fast=False, spawnRadius=6, despawnRadius=10
[2026-06-24 05:59:09.236] [WorldPop] Cells to spawn: 82, already spawned: 34
[2026-06-24 05:59:09.278] [WorldPop] Player moved to grid (12,51) fast=False, spawnRadius=6, despawnRadius=10
[2026-06-24 05:59:09.278] [WorldPop] Cells to spawn: 109, already spawned: 34
[2026-06-24 05:59:09.311] [WorldPop] Player moved to grid (22,47) fast=False, spawnRadius=6, despawnRadius=10
[2026-06-24 05:59:09.312] [WorldPop] Cells to spawn: 82, already spawned: 34
[2026-06-24 05:59:09.351] [WorldPop] Player moved to grid (12,51) fast=False, spawnRadius=6, despawnRadius=10
[2026-06-24 05:59:09.351] [WorldPop] Cells to spawn: 109, already spawned: 34
[2026-06-24 05:59:09.406] [WorldPop] Player moved to grid (22,47) fast=False, spawnRadius=6, despawnRadius=10
[2026-06-24 05:59:09.407] [WorldPop] Cells to spawn: 82, already spawned: 34
[2026-06-24 05:59:09.444] [WorldPop] Player moved to grid (12,51) fast=False, spawnRadius=6, despawnRadius=10
[2026-06-24 05:59:09.444] [WorldPop] Cells to spawn: 109, already spawned: 34
[2026-06-24 05:59:09.479] [WorldPop] Player moved to grid (22,47) fast=False, spawnRadius=6, despawnRadius=10
[2026-06-24 05:59:09.479] [WorldPop] Cells to spawn: 82, already spawned: 34
[2026-06-24 05:59:09.514] [WorldPop] Player moved to grid (12,51) fast=False, spawnRadius=6, despawnRadius=10
[2026-06-24 05:59:09.515] [WorldPop] Cells to spawn: 109, already spawned: 34
[2026-06-24 05:59:09.556] [WorldPop] Player moved to grid (22,47) fast=False, spawnRadius=6, despawnRadius=10
[2026-06-24 05:59:09.556] [WorldPop] Cells to spawn: 82, already spawned: 34
[2026-06-24 05:59:09.589] [WorldPop] Player moved to grid (12,51) fast=False, spawnRadius=6, despawnRadius=10
[2026-06-24 05:59:09.590] [WorldPop] Cells to spawn: 109, already spawned: 34
[2026-06-24 05:59:09.629] [WorldPop] Player moved to grid (22,47) fast=False, spawnRadius=6, despawnRadius=10
[2026-06-24 05:59:09.630] [WorldPop] Cells to spawn: 82, already spawned: 34
[2026-06-24 05:59:09.702] [WorldPop] Player moved to grid (12,51) fast=False, spawnRadius=6, despawnRadius=10
[2026-06-24 05:59:09.702] [WorldPop] Cells to spawn: 109, already spawned: 34
[2026-06-24 05:59:09.720] [WorldPop] Player moved to grid (22,47) fast=False, spawnRadius=6, despawnRadius=10
[2026-06-24 05:59:09.720] [WorldPop] Cells to spawn: 82, already spawned: 34
[2026-06-24 05:59:09.748] [WorldPop] Player moved to grid (12,51) fast=False, spawnRadius=6, despawnRadius=10
[2026-06-24 05:59:09.748] [WorldPop] Cells to spawn: 109, already spawned: 34
[2026-06-24 05:59:09.802] [WorldPop] Player moved to grid (22,47) fast=False, spawnRadius=6, despawnRadius=10
[2026-06-24 05:59:09.803] [WorldPop] Cells to spawn: 82, already spawned: 34
[2026-06-24 05:59:09.834] [WorldPop] Player moved to grid (12,51) fast=False, spawnRadius=6, despawnRadius=10
[2026-06-24 05:59:09.834] [WorldPop] Cells to spawn: 109, already spawned: 34
[2026-06-24 05:59:09.869] [WorldPop] Player moved to grid (22,47) fast=False, spawnRadius=6, despawnRadius=10
[2026-06-24 05:59:09.870] [WorldPop] Cells to spawn: 82, already spawned: 34
[2026-06-24 05:59:09.922] [WorldPop] Player moved to grid (12,51) fast=False, spawnRadius=6, despawnRadius=10
[2026-06-24 05:59:09.922] [WorldPop] Cells to spawn: 109, already spawned: 34
[2026-06-24 05:59:09.969] [WorldPop] Player moved to grid (22,47) fast=False, spawnRadius=6, despawnRadius=10
[2026-06-24 05:59:09.970] [WorldPop] Cells to spawn: 82, already spawned: 34
[2026-06-24 05:59:09.987] [WorldPop] Player moved to grid (12,51) fast=False, spawnRadius=6, despawnRadius=10
[2026-06-24 05:59:09.987] [WorldPop] Cells to spawn: 109, already spawned: 34
[2026-06-24 05:59:10.042] [WorldPop] Player moved to grid (22,47) fast=False, spawnRadius=6, despawnRadius=10
[2026-06-24 05:59:10.042] [WorldPop] Cells to spawn: 82, already spawned: 34
[2026-06-24 05:59:10.073] [WorldPop] Player moved to grid (12,51) fast=False, spawnRadius=6, despawnRadius=10
[2026-06-24 05:59:10.074] [WorldPop] Cells to spawn: 109, already spawned: 34
[2026-06-24 05:59:10.121] [WorldPop] Player moved to grid (22,47) fast=False, spawnRadius=6, despawnRadius=10
[2026-06-24 05:59:10.122] [WorldPop] Cells to spawn: 82, already spawned: 34
[2026-06-24 05:59:10.153] [WorldPop] Player moved to grid (12,51) fast=False, spawnRadius=6, despawnRadius=10
[2026-06-24 05:59:10.154] [WorldPop] Cells to spawn: 109, already spawned: 34
[2026-06-24 05:59:10.191] [WorldPop] Player moved to grid (22,47) fast=False, spawnRadius=6, despawnRadius=10
[2026-06-24 05:59:10.191] [WorldPop] Cells to spawn: 82, already spawned: 34
[2026-06-24 05:59:10.264] [WorldPop] Player moved to grid (12,51) fast=False, spawnRadius=6, despawnRadius=10
[2026-06-24 05:59:10.265] [WorldPop] Cells to spawn: 109, already spawned: 34
[2026-06-24 05:59:10.287] [WorldPop] Player moved to grid (22,47) fast=False, spawnRadius=6, despawnRadius=10
[2026-06-24 05:59:10.287] [WorldPop] Cells to spawn: 82, already spawned: 34
[2026-06-24 05:59:10.323] [WorldPop] Player moved to grid (11,51) fast=False, spawnRadius=6, despawnRadius=10
[2026-06-24 05:59:10.323] [WorldPop] Cells to spawn: 113, already spawned: 34
[2026-06-24 05:59:10.325] [WorldPop] Removed 16 NPCs from 10 distant cells
[2026-06-24 05:59:10.359] [WorldPop] Player moved to grid (22,47) fast=False, spawnRadius=6, despawnRadius=10
[2026-06-24 05:59:10.359] [WorldPop] Cells to spawn: 90, already spawned: 24
[2026-06-24 05:59:10.363] [WorldPop] Spawned 17 new NPCs in 90 cells (total alive: 51)
[2026-06-24 05:59:10.395] [WorldPop] Player moved to grid (11,51) fast=False, spawnRadius=6, despawnRadius=10
[2026-06-24 05:59:10.395] [WorldPop] Cells to spawn: 113, already spawned: 34
[2026-06-24 05:59:10.396] [WorldPop] Removed 5 NPCs from 3 distant cells
[2026-06-24 05:59:10.442] [WorldPop] Player moved to grid (22,47) fast=False, spawnRadius=6, despawnRadius=10
[2026-06-24 05:59:10.442] [WorldPop] Cells to spawn: 83, already spawned: 31
[2026-06-24 05:59:10.443] [WorldPop] Spawned 5 new NPCs in 83 cells (total alive: 51)
[2026-06-24 05:59:10.477] [WorldPop] Player moved to grid (11,51) fast=False, spawnRadius=6, despawnRadius=10
[2026-06-24 05:59:10.477] [WorldPop] Cells to spawn: 113, already spawned: 34
[2026-06-24 05:59:10.478] [WorldPop] Removed 5 NPCs from 3 distant cells
[2026-06-24 05:59:10.527] [WorldPop] Player moved to grid (22,47) fast=False, spawnRadius=6, despawnRadius=10
[2026-06-24 05:59:10.527] [WorldPop] Cells to spawn: 83, already spawned: 31
[2026-06-24 05:59:10.528] [WorldPop] Spawned 5 new NPCs in 83 cells (total alive: 51)
[2026-06-24 05:59:10.561] [WorldPop] Player moved to grid (11,51) fast=False, spawnRadius=6, despawnRadius=10
[2026-06-24 05:59:10.561] [WorldPop] Cells to spawn: 113, already spawned: 34
[2026-06-24 05:59:10.562] [WorldPop] Removed 5 NPCs from 3 distant cells
[2026-06-24 05:59:10.593] [WorldPop] Player moved to grid (22,47) fast=False, spawnRadius=6, despawnRadius=10
[2026-06-24 05:59:10.593] [WorldPop] Cells to spawn: 83, already spawned: 31
[2026-06-24 05:59:10.594] [WorldPop] Spawned 5 new NPCs in 83 cells (total alive: 51)
[2026-06-24 05:59:10.646] [WorldPop] Player moved to grid (11,51) fast=False, spawnRadius=6, despawnRadius=10
[2026-06-24 05:59:10.646] [WorldPop] Cells to spawn: 113, already spawned: 34
[2026-06-24 05:59:10.647] [WorldPop] Removed 5 NPCs from 3 distant cells
[2026-06-24 05:59:10.679] [WorldPop] Player moved to grid (22,47) fast=False, spawnRadius=6, despawnRadius=10
[2026-06-24 05:59:10.679] [WorldPop] Cells to spawn: 83, already spawned: 31
[2026-06-24 05:59:10.680] [WorldPop] Spawned 5 new NPCs in 83 cells (total alive: 51)
[2026-06-24 05:59:10.711] [WorldPop] Player moved to grid (11,51) fast=False, spawnRadius=6, despawnRadius=10
[2026-06-24 05:59:10.711] [WorldPop] Cells to spawn: 113, already spawned: 34
[2026-06-24 05:59:10.712] [WorldPop] Removed 5 NPCs from 3 distant cells
[2026-06-24 05:59:10.759] [WorldPop] Player moved to grid (22,47) fast=False, spawnRadius=6, despawnRadius=10
[2026-06-24 05:59:10.759] [WorldPop] Cells to spawn: 83, already spawned: 31
[2026-06-24 05:59:10.760] [WorldPop] Spawned 5 new NPCs in 83 cells (total alive: 51)
[2026-06-24 05:59:10.820] [WorldPop] Player moved to grid (11,51) fast=False, spawnRadius=6, despawnRadius=10
[2026-06-24 05:59:10.820] [WorldPop] Cells to spawn: 113, already spawned: 34
[2026-06-24 05:59:10.821] [WorldPop] Removed 5 NPCs from 3 distant cells
[2026-06-24 05:59:10.841] [WorldPop] Player moved to grid (22,47) fast=False, spawnRadius=6, despawnRadius=10
[2026-06-24 05:59:10.841] [WorldPop] Cells to spawn: 83, already spawned: 31
[2026-06-24 05:59:10.842] [WorldPop] Spawned 5 new NPCs in 83 cells (total alive: 51)
[2026-06-24 05:59:10.882] [WorldPop] Player moved to grid (11,51) fast=False, spawnRadius=6, despawnRadius=10
[2026-06-24 05:59:10.883] [WorldPop] Cells to spawn: 113, already spawned: 34
[2026-06-24 05:59:10.883] [WorldPop] Removed 5 NPCs from 3 distant cells
[2026-06-24 05:59:10.912] [WorldPop] Player moved to grid (22,47) fast=False, spawnRadius=6, despawnRadius=10
[2026-06-24 05:59:10.913] [WorldPop] Cells to spawn: 83, already spawned: 31
[2026-06-24 05:59:10.914] [WorldPop] Spawned 5 new NPCs in 83 cells (total alive: 51)
[2026-06-24 05:59:10.951] [WorldPop] Player moved to grid (11,51) fast=False, spawnRadius=6, despawnRadius=10
[2026-06-24 05:59:10.952] [WorldPop] Cells to spawn: 113, already spawned: 34
[2026-06-24 05:59:10.952] [WorldPop] Removed 5 NPCs from 3 distant cells
[2026-06-24 05:59:11.002] [WorldPop] Player moved to grid (22,47) fast=False, spawnRadius=6, despawnRadius=10
[2026-06-24 05:59:11.003] [WorldPop] Cells to spawn: 83, already spawned: 31
[2026-06-24 05:59:11.004] [WorldPop] Spawned 5 new NPCs in 83 cells (total alive: 51)
[2026-06-24 05:59:11.033] [WorldPop] Player moved to grid (11,51) fast=False, spawnRadius=6, despawnRadius=10
[2026-06-24 05:59:11.033] [WorldPop] Cells to spawn: 113, already spawned: 34
[2026-06-24 05:59:11.034] [WorldPop] Removed 5 NPCs from 3 distant cells
[2026-06-24 05:59:11.086] [WorldPop] Player moved to grid (22,47) fast=False, spawnRadius=6, despawnRadius=10
[2026-06-24 05:59:11.086] [WorldPop] Cells to spawn: 83, already spawned: 31
[2026-06-24 05:59:11.089] [WorldPop] Spawned 5 new NPCs in 83 cells (total alive: 51)
[2026-06-24 05:59:11.117] [WorldPop] Player moved to grid (11,51) fast=False, spawnRadius=6, despawnRadius=10
[2026-06-24 05:59:11.117] [WorldPop] Cells to spawn: 113, already spawned: 34
[2026-06-24 05:59:11.118] [WorldPop] Removed 5 NPCs from 3 distant cells
[2026-06-24 05:59:11.152] [WorldPop] Player moved to grid (22,47) fast=False, spawnRadius=6, despawnRadius=10
[2026-06-24 05:59:11.153] [WorldPop] Cells to spawn: 83, already spawned: 31
[2026-06-24 05:59:11.154] [WorldPop] Spawned 5 new NPCs in 83 cells (total alive: 51)
[2026-06-24 05:59:11.201] [WorldPop] Player moved to grid (11,51) fast=False, spawnRadius=6, despawnRadius=10
[2026-06-24 05:59:11.201] [WorldPop] Cells to spawn: 113, already spawned: 34
[2026-06-24 05:59:11.201] [WorldPop] Removed 5 NPCs from 3 distant cells
[2026-06-24 05:59:11.238] [WorldPop] Player moved to grid (22,47) fast=False, spawnRadius=6, despawnRadius=10
[2026-06-24 05:59:11.239] [WorldPop] Cells to spawn: 83, already spawned: 31
[2026-06-24 05:59:11.239] [WorldPop] Spawned 5 new NPCs in 83 cells (total alive: 51)
[2026-06-24 05:59:11.270] [WorldPop] Player moved to grid (11,51) fast=False, spawnRadius=6, despawnRadius=10
[2026-06-24 05:59:11.271] [WorldPop] Cells to spawn: 113, already spawned: 34
[2026-06-24 05:59:11.271] [WorldPop] Removed 5 NPCs from 3 distant cells
[2026-06-24 05:59:11.333] [WorldPop] Player moved to grid (22,47) fast=False, spawnRadius=6, despawnRadius=10
[2026-06-24 05:59:11.333] [WorldPop] Cells to spawn: 83, already spawned: 31
[2026-06-24 05:59:11.334] [WorldPop] Spawned 5 new NPCs in 83 cells (total alive: 51)
[2026-06-24 05:59:11.381] [WorldPop] Player moved to grid (11,51) fast=False, spawnRadius=6, despawnRadius=10
[2026-06-24 05:59:11.382] [WorldPop] Cells to spawn: 113, already spawned: 34
[2026-06-24 05:59:11.382] [WorldPop] Removed 5 NPCs from 3 distant cells
[2026-06-24 05:59:11.402] [WorldPop] Player moved to grid (22,47) fast=False, spawnRadius=6, despawnRadius=10
[2026-06-24 05:59:11.402] [WorldPop] Cells to spawn: 83, already spawned: 31
[2026-06-24 05:59:11.402] [WorldPop] Spawned 5 new NPCs in 83 cells (total alive: 51)
[2026-06-24 05:59:11.446] [WorldPop] Player moved to grid (11,51) fast=False, spawnRadius=6, despawnRadius=10
[2026-06-24 05:59:11.446] [WorldPop] Cells to spawn: 113, already spawned: 34
[2026-06-24 05:59:11.447] [WorldPop] Removed 5 NPCs from 3 distant cells
[2026-06-24 05:59:11.481] [WorldPop] Player moved to grid (22,47) fast=False, spawnRadius=6, despawnRadius=10
[2026-06-24 05:59:11.481] [WorldPop] Cells to spawn: 83, already spawned: 31
[2026-06-24 05:59:11.482] [WorldPop] Spawned 5 new NPCs in 83 cells (total alive: 51)
[2026-06-24 05:59:11.514] [WorldPop] Player moved to grid (11,51) fast=False, spawnRadius=6, despawnRadius=10
[2026-06-24 05:59:11.515] [WorldPop] Cells to spawn: 113, already spawned: 34
[2026-06-24 05:59:11.515] [WorldPop] Removed 5 NPCs from 3 distant cells
[2026-06-24 05:59:11.563] [WorldPop] Player moved to grid (22,47) fast=False, spawnRadius=6, despawnRadius=10
[2026-06-24 05:59:11.564] [WorldPop] Cells to spawn: 83, already spawned: 31
[2026-06-24 05:59:11.565] [WorldPop] Spawned 5 new NPCs in 83 cells (total alive: 51)
[2026-06-24 05:59:11.598] [WorldPop] Player moved to grid (11,51) fast=False, spawnRadius=6, despawnRadius=10
[2026-06-24 05:59:11.598] [WorldPop] Cells to spawn: 113, already spawned: 34
[2026-06-24 05:59:11.598] [WorldPop] Removed 5 NPCs from 3 distant cells
[2026-06-24 05:59:11.650] [WorldPop] Player moved to grid (22,47) fast=False, spawnRadius=6, despawnRadius=10
[2026-06-24 05:59:11.650] [WorldPop] Cells to spawn: 83, already spawned: 31
[2026-06-24 05:59:11.651] [WorldPop] Spawned 5 new NPCs in 83 cells (total alive: 51)
[2026-06-24 05:59:11.685] [WorldPop] Player moved to grid (11,51) fast=False, spawnRadius=6, despawnRadius=10
[2026-06-24 05:59:11.685] [WorldPop] Cells to spawn: 113, already spawned: 34
[2026-06-24 05:59:11.685] [WorldPop] Removed 5 NPCs from 3 distant cells
[2026-06-24 05:59:11.716] [WorldPop] Player moved to grid (22,47) fast=False, spawnRadius=6, despawnRadius=10
[2026-06-24 05:59:11.716] [WorldPop] Cells to spawn: 83, already spawned: 31
[2026-06-24 05:59:11.717] [WorldPop] Spawned 5 new NPCs in 83 cells (total alive: 51)
[2026-06-24 05:59:11.750] [WorldPop] Player moved to grid (11,51) fast=False, spawnRadius=6, despawnRadius=10
[2026-06-24 05:59:11.750] [WorldPop] Cells to spawn: 113, already spawned: 34
[2026-06-24 05:59:11.751] [WorldPop] Removed 5 NPCs from 3 distant cells
[2026-06-24 05:59:11.798] [WorldPop] Player moved to grid (22,47) fast=False, spawnRadius=6, despawnRadius=10
[2026-06-24 05:59:11.798] [WorldPop] Cells to spawn: 83, already spawned: 31
[2026-06-24 05:59:11.799] [WorldPop] Spawned 5 new NPCs in 83 cells (total alive: 51)
[2026-06-24 05:59:11.836] [WorldPop] Player moved to grid (11,51) fast=False, spawnRadius=6, despawnRadius=10
[2026-06-24 05:59:11.836] [WorldPop] Cells to spawn: 113, already spawned: 34
[2026-06-24 05:59:11.837] [WorldPop] Removed 5 NPCs from 3 distant cells
[2026-06-24 05:59:11.869] [WorldPop] Player moved to grid (22,47) fast=False, spawnRadius=6, despawnRadius=10
[2026-06-24 05:59:11.869] [WorldPop] Cells to spawn: 83, already spawned: 31
[2026-06-24 05:59:11.870] [WorldPop] Spawned 5 new NPCs in 83 cells (total alive: 51)
[2026-06-24 05:59:11.935] [WorldPop] Player moved to grid (11,51) fast=False, spawnRadius=6, despawnRadius=10
[2026-06-24 05:59:11.935] [WorldPop] Cells to spawn: 113, already spawned: 34
[2026-06-24 05:59:11.936] [WorldPop] Removed 5 NPCs from 3 distant cells
[2026-06-24 05:59:11.954] [WorldPop] Player moved to grid (22,47) fast=False, spawnRadius=6, despawnRadius=10
[2026-06-24 05:59:11.955] [WorldPop] Cells to spawn: 83, already spawned: 31
[2026-06-24 05:59:11.956] [WorldPop] Spawned 5 new NPCs in 83 cells (total alive: 51)
[2026-06-24 05:59:12.006] [WorldPop] Player moved to grid (11,51) fast=False, spawnRadius=6, despawnRadius=10
[2026-06-24 05:59:12.006] [WorldPop] Cells to spawn: 113, already spawned: 34
[2026-06-24 05:59:12.006] [WorldPop] Removed 5 NPCs from 3 distant cells
[2026-06-24 05:59:12.039] [WorldPop] Player moved to grid (22,47) fast=False, spawnRadius=6, despawnRadius=10
[2026-06-24 05:59:12.039] [WorldPop] Cells to spawn: 83, already spawned: 31
[2026-06-24 05:59:12.040] [WorldPop] Spawned 5 new NPCs in 83 cells (total alive: 51)
[2026-06-24 05:59:12.076] [WorldPop] Player moved to grid (11,51) fast=False, spawnRadius=6, despawnRadius=10
[2026-06-24 05:59:12.076] [WorldPop] Cells to spawn: 113, already spawned: 34
[2026-06-24 05:59:12.076] [WorldPop] Removed 5 NPCs from 3 distant cells
[2026-06-24 05:59:12.109] [WorldPop] Player moved to grid (22,47) fast=False, spawnRadius=6, despawnRadius=10
[2026-06-24 05:59:12.109] [WorldPop] Cells to spawn: 83, already spawned: 31
[2026-06-24 05:59:12.110] [WorldPop] Spawned 5 new NPCs in 83 cells (total alive: 51)
[2026-06-24 05:59:12.162] [WorldPop] Player moved to grid (11,51) fast=False, spawnRadius=6, despawnRadius=10
[2026-06-24 05:59:12.162] [WorldPop] Cells to spawn: 113, already spawned: 34
[2026-06-24 05:59:12.163] [WorldPop] Removed 5 NPCs from 3 distant cells
[2026-06-24 05:59:12.213] [WorldPop] Player moved to grid (22,47) fast=False, spawnRadius=6, despawnRadius=10
[2026-06-24 05:59:12.214] [WorldPop] Cells to spawn: 83, already spawned: 31
[2026-06-24 05:59:12.216] [WorldPop] Spawned 5 new NPCs in 83 cells (total alive: 51)
[2026-06-24 05:59:12.235] [WorldPop] Player moved to grid (11,51) fast=False, spawnRadius=6, despawnRadius=10
[2026-06-24 05:59:12.235] [WorldPop] Cells to spawn: 113, already spawned: 34
[2026-06-24 05:59:12.236] [WorldPop] Removed 5 NPCs from 3 distant cells
[2026-06-24 05:59:12.282] [WorldPop] Player moved to grid (22,47) fast=False, spawnRadius=6, despawnRadius=10
[2026-06-24 05:59:12.282] [WorldPop] Cells to spawn: 83, already spawned: 31
[2026-06-24 05:59:12.283] [WorldPop] Spawned 5 new NPCs in 83 cells (total alive: 51)
[2026-06-24 05:59:12.314] [WorldPop] Player moved to grid (11,51) fast=False, spawnRadius=6, despawnRadius=10
[2026-06-24 05:59:12.314] [WorldPop] Cells to spawn: 113, already spawned: 34
[2026-06-24 05:59:12.314] [WorldPop] Removed 5 NPCs from 3 distant cells
[2026-06-24 05:59:12.383] [WorldPop] Player moved to grid (22,47) fast=False, spawnRadius=6, despawnRadius=10
[2026-06-24 05:59:12.383] [WorldPop] Cells to spawn: 83, already spawned: 31
[2026-06-24 05:59:12.384] [WorldPop] Spawned 5 new NPCs in 83 cells (total alive: 51)
[2026-06-24 05:59:12.405] [WorldPop] Player moved to grid (11,51) fast=False, spawnRadius=6, despawnRadius=10
[2026-06-24 05:59:12.405] [WorldPop] Cells to spawn: 113, already spawned: 34
[2026-06-24 05:59:12.406] [WorldPop] Removed 5 NPCs from 3 distant cells
[2026-06-24 05:59:12.439] [WorldPop] Player moved to grid (22,47) fast=False, spawnRadius=6, despawnRadius=10
[2026-06-24 05:59:12.439] [WorldPop] Cells to spawn: 83, already spawned: 31
[2026-06-24 05:59:12.440] [WorldPop] Spawned 5 new NPCs in 83 cells (total alive: 51)
[2026-06-24 05:59:12.472] [WorldPop] Player moved to grid (11,51) fast=False, spawnRadius=6, despawnRadius=10
[2026-06-24 05:59:12.473] [WorldPop] Cells to spawn: 113, already spawned: 34
[2026-06-24 05:59:12.473] [WorldPop] Removed 5 NPCs from 3 distant cells
[2026-06-24 05:59:12.540] [WorldPop] Player moved to grid (22,47) fast=False, spawnRadius=6, despawnRadius=10
[2026-06-24 05:59:12.541] [WorldPop] Cells to spawn: 83, already spawned: 31
[2026-06-24 05:59:12.543] [WorldPop] Spawned 5 new NPCs in 83 cells (total alive: 51)
[2026-06-24 05:59:12.564] [WorldPop] Player moved to grid (11,51) fast=False, spawnRadius=6, despawnRadius=10
[2026-06-24 05:59:12.564] [WorldPop] Cells to spawn: 113, already spawned: 34
[2026-06-24 05:59:12.565] [WorldPop] Removed 5 NPCs from 3 distant cells
[2026-06-24 05:59:12.589] [WorldPop] Player moved to grid (22,47) fast=False, spawnRadius=6, despawnRadius=10
[2026-06-24 05:59:12.589] [WorldPop] Cells to spawn: 83, already spawned: 31
[2026-06-24 05:59:12.591] [WorldPop] Spawned 5 new NPCs in 83 cells (total alive: 51)
[2026-06-24 05:59:12.636] [WorldPop] Player moved to grid (11,51) fast=False, spawnRadius=6, despawnRadius=10
[2026-06-24 05:59:12.636] [WorldPop] Cells to spawn: 113, already spawned: 34
[2026-06-24 05:59:12.638] [WorldPop] Removed 5 NPCs from 3 distant cells
[2026-06-24 05:59:12.697] [WorldPop] Player moved to grid (22,47) fast=False, spawnRadius=6, despawnRadius=10
[2026-06-24 05:59:12.697] [WorldPop] Cells to spawn: 83, already spawned: 31
[2026-06-24 05:59:12.698] [WorldPop] Spawned 5 new NPCs in 83 cells (total alive: 51)
[2026-06-24 05:59:12.723] [WorldPop] Player moved to grid (11,51) fast=False, spawnRadius=6, despawnRadius=10
[2026-06-24 05:59:12.723] [WorldPop] Cells to spawn: 113, already spawned: 34
[2026-06-24 05:59:12.724] [WorldPop] Removed 5 NPCs from 3 distant cells
[2026-06-24 05:59:12.755] [WorldPop] Player moved to grid (22,47) fast=False, spawnRadius=6, despawnRadius=10
[2026-06-24 05:59:12.755] [WorldPop] Cells to spawn: 83, already spawned: 31
[2026-06-24 05:59:12.756] [WorldPop] Spawned 5 new NPCs in 83 cells (total alive: 51)
[2026-06-24 05:59:12.789] [WorldPop] Player moved to grid (11,51) fast=False, spawnRadius=6, despawnRadius=10
[2026-06-24 05:59:12.789] [WorldPop] Cells to spawn: 113, already spawned: 34
[2026-06-24 05:59:12.790] [WorldPop] Removed 5 NPCs from 3 distant cells
[2026-06-24 05:59:12.855] [WorldPop] Player moved to grid (22,47) fast=False, spawnRadius=6, despawnRadius=10
[2026-06-24 05:59:12.855] [WorldPop] Cells to spawn: 83, already spawned: 31
[2026-06-24 05:59:12.856] [WorldPop] Spawned 5 new NPCs in 83 cells (total alive: 51)
[2026-06-24 05:59:12.878] [WorldPop] Player moved to grid (11,51) fast=False, spawnRadius=6, despawnRadius=10
[2026-06-24 05:59:12.878] [WorldPop] Cells to spawn: 113, already spawned: 34
[2026-06-24 05:59:12.879] [WorldPop] Removed 5 NPCs from 3 distant cells
[2026-06-24 05:59:12.923] [WorldPop] Player moved to grid (22,47) fast=False, spawnRadius=6, despawnRadius=10
[2026-06-24 05:59:12.924] [WorldPop] Cells to spawn: 83, already spawned: 31
[2026-06-24 05:59:12.925] [WorldPop] Spawned 5 new NPCs in 83 cells (total alive: 51)
[2026-06-24 05:59:12.957] [WorldPop] Player moved to grid (11,51) fast=False, spawnRadius=6, despawnRadius=10
[2026-06-24 05:59:12.957] [WorldPop] Cells to spawn: 113, already spawned: 34
[2026-06-24 05:59:12.958] [WorldPop] Removed 5 NPCs from 3 distant cells
[2026-06-24 05:59:13.009] [WorldPop] Player moved to grid (22,47) fast=False, spawnRadius=6, despawnRadius=10
[2026-06-24 05:59:13.009] [WorldPop] Cells to spawn: 83, already spawned: 31
[2026-06-24 05:59:13.010] [WorldPop] Spawned 5 new NPCs in 83 cells (total alive: 51)
[2026-06-24 05:59:13.125] [WorldPop] Player moved to grid (11,51) fast=False, spawnRadius=6, despawnRadius=10
[2026-06-24 05:59:13.125] [WorldPop] Cells to spawn: 113, already spawned: 34
[2026-06-24 05:59:13.125] [WorldPop] Removed 5 NPCs from 3 distant cells
[2026-06-24 05:59:13.159] [WorldPop] Player moved to grid (22,47) fast=False, spawnRadius=6, despawnRadius=10
[2026-06-24 05:59:13.160] [WorldPop] Cells to spawn: 83, already spawned: 31
[2026-06-24 05:59:13.161] [WorldPop] Spawned 5 new NPCs in 83 cells (total alive: 51)
[2026-06-24 05:59:13.193] [WorldPop] Player moved to grid (11,51) fast=False, spawnRadius=6, despawnRadius=10
[2026-06-24 05:59:13.194] [WorldPop] Cells to spawn: 113, already spawned: 34
[2026-06-24 05:59:13.194] [WorldPop] Removed 5 NPCs from 3 distant cells
[2026-06-24 05:59:13.258] [WorldPop] Player moved to grid (22,47) fast=False, spawnRadius=6, despawnRadius=10
[2026-06-24 05:59:13.259] [WorldPop] Cells to spawn: 83, already spawned: 31
[2026-06-24 05:59:13.260] [WorldPop] Spawned 5 new NPCs in 83 cells (total alive: 51)
[2026-06-24 05:59:13.281] [WorldPop] Player moved to grid (11,51) fast=False, spawnRadius=6, despawnRadius=10
[2026-06-24 05:59:13.282] [WorldPop] Cells to spawn: 113, already spawned: 34
[2026-06-24 05:59:13.282] [WorldPop] Removed 5 NPCs from 3 distant cells
[2026-06-24 05:59:13.308] [WorldPop] Player moved to grid (22,47) fast=False, spawnRadius=6, despawnRadius=10
[2026-06-24 05:59:13.308] [WorldPop] Cells to spawn: 83, already spawned: 31
[2026-06-24 05:59:13.310] [WorldPop] Spawned 5 new NPCs in 83 cells (total alive: 51)
[2026-06-24 05:59:13.361] [WorldPop] Player moved to grid (11,51) fast=False, spawnRadius=6, despawnRadius=10
[2026-06-24 05:59:13.361] [WorldPop] Cells to spawn: 113, already spawned: 34
[2026-06-24 05:59:13.362] [WorldPop] Removed 5 NPCs from 3 distant cells
[2026-06-24 05:59:13.414] [WorldPop] Player moved to grid (22,47) fast=False, spawnRadius=6, despawnRadius=10
[2026-06-24 05:59:13.414] [WorldPop] Cells to spawn: 83, already spawned: 31
[2026-06-24 05:59:13.415] [WorldPop] Spawned 5 new NPCs in 83 cells (total alive: 51)
[2026-06-24 05:59:13.510] [WorldPop] Player moved to grid (11,51) fast=False, spawnRadius=6, despawnRadius=10
[2026-06-24 05:59:13.510] [WorldPop] Cells to spawn: 113, already spawned: 34
[2026-06-24 05:59:13.511] [WorldPop] Removed 5 NPCs from 3 distant cells
[2026-06-24 05:59:13.557] [WorldPop] Player moved to grid (22,47) fast=False, spawnRadius=6, despawnRadius=10
[2026-06-24 05:59:13.558] [WorldPop] Cells to spawn: 83, already spawned: 31
[2026-06-24 05:59:13.560] [WorldPop] Spawned 5 new NPCs in 83 cells (total alive: 51)
[2026-06-24 05:59:13.595] [WorldPop] Player moved to grid (11,51) fast=False, spawnRadius=6, despawnRadius=10
[2026-06-24 05:59:13.595] [WorldPop] Cells to spawn: 113, already spawned: 34
[2026-06-24 05:59:13.596] [WorldPop] Removed 5 NPCs from 3 distant cells
[2026-06-24 05:59:13.649] [WorldPop] Player moved to grid (22,47) fast=False, spawnRadius=6, despawnRadius=10
[2026-06-24 05:59:13.650] [WorldPop] Cells to spawn: 83, already spawned: 31
[2026-06-24 05:59:13.651] [WorldPop] Spawned 5 new NPCs in 83 cells (total alive: 51)
[2026-06-24 05:59:13.680] [WorldPop] Player moved to grid (11,51) fast=False, spawnRadius=6, despawnRadius=10
[2026-06-24 05:59:13.682] [WorldPop] Cells to spawn: 113, already spawned: 34
[2026-06-24 05:59:13.684] [WorldPop] Removed 5 NPCs from 3 distant cells
[2026-06-24 05:59:13.712] [WorldPop] Player moved to grid (22,47) fast=False, spawnRadius=6, despawnRadius=10
[2026-06-24 05:59:13.713] [WorldPop] Cells to spawn: 83, already spawned: 31
[2026-06-24 05:59:13.715] [WorldPop] Spawned 5 new NPCs in 83 cells (total alive: 51)
[2026-06-24 05:59:13.749] [WorldPop] Player moved to grid (11,51) fast=False, spawnRadius=6, despawnRadius=10
[2026-06-24 05:59:13.749] [WorldPop] Cells to spawn: 113, already spawned: 34
[2026-06-24 05:59:13.750] [WorldPop] Removed 5 NPCs from 3 distant cells
[2026-06-24 05:59:13.820] [WorldPop] Player moved to grid (22,47) fast=False, spawnRadius=6, despawnRadius=10
[2026-06-24 05:59:13.821] [WorldPop] Cells to spawn: 83, already spawned: 31
[2026-06-24 05:59:13.822] [WorldPop] Spawned 5 new NPCs in 83 cells (total alive: 51)
[2026-06-24 05:59:13.839] [WorldPop] Player moved to grid (11,51) fast=False, spawnRadius=6, despawnRadius=10
[2026-06-24 05:59:13.840] [WorldPop] Cells to spawn: 113, already spawned: 34
[2026-06-24 05:59:13.840] [WorldPop] Removed 5 NPCs from 3 distant cells
[2026-06-24 05:59:13.871] [WorldPop] Player moved to grid (22,47) fast=False, spawnRadius=6, despawnRadius=10
[2026-06-24 05:59:13.872] [WorldPop] Cells to spawn: 83, already spawned: 31
[2026-06-24 05:59:13.872] [WorldPop] Spawned 5 new NPCs in 83 cells (total alive: 51)
[2026-06-24 05:59:13.918] [WorldPop] Player moved to grid (11,51) fast=False, spawnRadius=6, despawnRadius=10
[2026-06-24 05:59:13.918] [WorldPop] Cells to spawn: 113, already spawned: 34
[2026-06-24 05:59:13.918] [WorldPop] Removed 5 NPCs from 3 distant cells
[2026-06-24 05:59:13.976] [WorldPop] Player moved to grid (22,47) fast=False, spawnRadius=6, despawnRadius=10
[2026-06-24 05:59:13.976] [WorldPop] Cells to spawn: 83, already spawned: 31
[2026-06-24 05:59:13.977] [WorldPop] Spawned 5 new NPCs in 83 cells (total alive: 51)
[2026-06-24 05:59:13.996] [WorldPop] Player moved to grid (11,51) fast=False, spawnRadius=6, despawnRadius=10
[2026-06-24 05:59:13.996] [WorldPop] Cells to spawn: 113, already spawned: 34
[2026-06-24 05:59:13.996] [WorldPop] Removed 5 NPCs from 3 distant cells
[2026-06-24 05:59:14.036] [WorldPop] Player moved to grid (22,47) fast=False, spawnRadius=6, despawnRadius=10
[2026-06-24 05:59:14.036] [WorldPop] Cells to spawn: 83, already spawned: 31
[2026-06-24 05:59:14.037] [WorldPop] Spawned 5 new NPCs in 83 cells (total alive: 51)
[2026-06-24 05:59:14.072] [WorldPop] Player moved to grid (11,51) fast=False, spawnRadius=6, despawnRadius=10
[2026-06-24 05:59:14.072] [WorldPop] Cells to spawn: 113, already spawned: 34
[2026-06-24 05:59:14.072] [WorldPop] Removed 5 NPCs from 3 distant cells
[2026-06-24 05:59:14.145] [WorldPop] Player moved to grid (22,47) fast=False, spawnRadius=6, despawnRadius=10
[2026-06-24 05:59:14.145] [WorldPop] Cells to spawn: 83, already spawned: 31
[2026-06-24 05:59:14.146] [WorldPop] Spawned 5 new NPCs in 83 cells (total alive: 51)
[2026-06-24 05:59:14.164] [WorldPop] Player moved to grid (11,51) fast=False, spawnRadius=6, despawnRadius=10
[2026-06-24 05:59:14.164] [WorldPop] Cells to spawn: 113, already spawned: 34
[2026-06-24 05:59:14.165] [WorldPop] Removed 5 NPCs from 3 distant cells
[2026-06-24 05:59:14.192] [WorldPop] Player moved to grid (22,47) fast=False, spawnRadius=6, despawnRadius=10
[2026-06-24 05:59:14.192] [WorldPop] Cells to spawn: 83, already spawned: 31
[2026-06-24 05:59:14.193] [WorldPop] Spawned 5 new NPCs in 83 cells (total alive: 51)
[2026-06-24 05:59:14.226] [WorldPop] Player moved to grid (11,51) fast=False, spawnRadius=6, despawnRadius=10
[2026-06-24 05:59:14.227] [WorldPop] Cells to spawn: 113, already spawned: 34
[2026-06-24 05:59:14.228] [WorldPop] Removed 5 NPCs from 3 distant cells
[2026-06-24 05:59:14.300] [WorldPop] Player moved to grid (22,47) fast=False, spawnRadius=6, despawnRadius=10
[2026-06-24 05:59:14.300] [WorldPop] Cells to spawn: 83, already spawned: 31
[2026-06-24 05:59:14.301] [WorldPop] Spawned 5 new NPCs in 83 cells (total alive: 51)
[2026-06-24 05:59:14.321] [WorldPop] Player moved to grid (11,51) fast=False, spawnRadius=6, despawnRadius=10
[2026-06-24 05:59:14.321] [WorldPop] Cells to spawn: 113, already spawned: 34
[2026-06-24 05:59:14.321] [WorldPop] Removed 5 NPCs from 3 distant cells
[2026-06-24 05:59:14.361] [WorldPop] Player moved to grid (22,47) fast=False, spawnRadius=6, despawnRadius=10
[2026-06-24 05:59:14.361] [WorldPop] Cells to spawn: 83, already spawned: 31
[2026-06-24 05:59:14.362] [WorldPop] Spawned 5 new NPCs in 83 cells (total alive: 51)
[2026-06-24 05:59:14.396] [WorldPop] Player moved to grid (11,51) fast=False, spawnRadius=6, despawnRadius=10
[2026-06-24 05:59:14.397] [WorldPop] Cells to spawn: 113, already spawned: 34
[2026-06-24 05:59:14.398] [WorldPop] Removed 5 NPCs from 3 distant cells
[2026-06-24 05:59:14.456] [WorldPop] Player moved to grid (22,47) fast=False, spawnRadius=6, despawnRadius=10
[2026-06-24 05:59:14.456] [WorldPop] Cells to spawn: 83, already spawned: 31
[2026-06-24 05:59:14.457] [WorldPop] Spawned 5 new NPCs in 83 cells (total alive: 51)
[2026-06-24 05:59:14.482] [WorldPop] Player moved to grid (11,51) fast=False, spawnRadius=6, despawnRadius=10
[2026-06-24 05:59:14.482] [WorldPop] Cells to spawn: 113, already spawned: 34
[2026-06-24 05:59:14.483] [WorldPop] Removed 5 NPCs from 3 distant cells
[2026-06-24 05:59:14.520] [WorldPop] Player moved to grid (22,47) fast=False, spawnRadius=6, despawnRadius=10
[2026-06-24 05:59:14.520] [WorldPop] Cells to spawn: 83, already spawned: 31
[2026-06-24 05:59:14.523] [WorldPop] Spawned 5 new NPCs in 83 cells (total alive: 51)
[2026-06-24 05:59:14.554] [WorldPop] Player moved to grid (11,51) fast=False, spawnRadius=6, despawnRadius=10
[2026-06-24 05:59:14.554] [WorldPop] Cells to spawn: 113, already spawned: 34
[2026-06-24 05:59:14.555] [WorldPop] Removed 5 NPCs from 3 distant cells
[2026-06-24 05:59:14.610] [WorldPop] Player moved to grid (22,47) fast=False, spawnRadius=6, despawnRadius=10
[2026-06-24 05:59:14.610] [WorldPop] Cells to spawn: 83, already spawned: 31
[2026-06-24 05:59:14.611] [WorldPop] Spawned 5 new NPCs in 83 cells (total alive: 51)
[2026-06-24 05:59:14.641] [WorldPop] Player moved to grid (11,51) fast=False, spawnRadius=6, despawnRadius=10
[2026-06-24 05:59:14.641] [WorldPop] Cells to spawn: 113, already spawned: 34
[2026-06-24 05:59:14.641] [WorldPop] Removed 5 NPCs from 3 distant cells
[2026-06-24 05:59:14.670] [WorldPop] Player moved to grid (22,47) fast=False, spawnRadius=6, despawnRadius=10
[2026-06-24 05:59:14.670] [WorldPop] Cells to spawn: 83, already spawned: 31
[2026-06-24 05:59:14.671] [WorldPop] Spawned 5 new NPCs in 83 cells (total alive: 51)
[2026-06-24 05:59:14.709] [WorldPop] Player moved to grid (11,51) fast=False, spawnRadius=6, despawnRadius=10
[2026-06-24 05:59:14.709] [WorldPop] Cells to spawn: 113, already spawned: 34
[2026-06-24 05:59:14.710] [WorldPop] Removed 5 NPCs from 3 distant cells
[2026-06-24 05:59:14.780] [WorldPop] Player moved to grid (22,47) fast=False, spawnRadius=6, despawnRadius=10
[2026-06-24 05:59:14.780] [WorldPop] Cells to spawn: 83, already spawned: 31
[2026-06-24 05:59:14.782] [WorldPop] Spawned 5 new NPCs in 83 cells (total alive: 51)
[2026-06-24 05:59:14.801] [WorldPop] Player moved to grid (11,51) fast=False, spawnRadius=6, despawnRadius=10
[2026-06-24 05:59:14.801] [WorldPop] Cells to spawn: 113, already spawned: 34
[2026-06-24 05:59:14.802] [WorldPop] Removed 5 NPCs from 3 distant cells
[2026-06-24 05:59:14.827] [WorldPop] Player moved to grid (22,47) fast=False, spawnRadius=6, despawnRadius=10
[2026-06-24 05:59:14.828] [WorldPop] Cells to spawn: 83, already spawned: 31
[2026-06-24 05:59:14.829] [WorldPop] Spawned 5 new NPCs in 83 cells (total alive: 51)
[2026-06-24 05:59:14.879] [WorldPop] Player moved to grid (11,51) fast=False, spawnRadius=6, despawnRadius=10
[2026-06-24 05:59:14.879] [WorldPop] Cells to spawn: 113, already spawned: 34
[2026-06-24 05:59:14.879] [WorldPop] Removed 5 NPCs from 3 distant cells
[2026-06-24 05:59:14.937] [WorldPop] Player moved to grid (22,47) fast=False, spawnRadius=6, despawnRadius=10
[2026-06-24 05:59:14.937] [WorldPop] Cells to spawn: 83, already spawned: 31
[2026-06-24 05:59:14.938] [WorldPop] Spawned 5 new NPCs in 83 cells (total alive: 51)
[2026-06-24 05:59:14.956] [WorldPop] Player moved to grid (11,51) fast=False, spawnRadius=6, despawnRadius=10
[2026-06-24 05:59:14.957] [WorldPop] Cells to spawn: 113, already spawned: 34
[2026-06-24 05:59:14.957] [WorldPop] Removed 5 NPCs from 3 distant cells
[2026-06-24 05:59:14.999] [WorldPop] Player moved to grid (22,47) fast=False, spawnRadius=6, despawnRadius=10
[2026-06-24 05:59:14.999] [WorldPop] Cells to spawn: 83, already spawned: 31
[2026-06-24 05:59:15.001] [WorldPop] Spawned 5 new NPCs in 83 cells (total alive: 51)
[2026-06-24 05:59:15.034] [WorldPop] Player moved to grid (11,51) fast=False, spawnRadius=6, despawnRadius=10
[2026-06-24 05:59:15.034] [WorldPop] Cells to spawn: 113, already spawned: 34
[2026-06-24 05:59:15.035] [WorldPop] Removed 5 NPCs from 3 distant cells
[2026-06-24 05:59:15.091] [WorldPop] Player moved to grid (22,47) fast=False, spawnRadius=6, despawnRadius=10
[2026-06-24 05:59:15.091] [WorldPop] Cells to spawn: 83, already spawned: 31
[2026-06-24 05:59:15.092] [WorldPop] Spawned 5 new NPCs in 83 cells (total alive: 51)
[2026-06-24 05:59:15.119] [WorldPop] Player moved to grid (11,51) fast=False, spawnRadius=6, despawnRadius=10
[2026-06-24 05:59:15.119] [WorldPop] Cells to spawn: 113, already spawned: 34
[2026-06-24 05:59:15.120] [WorldPop] Removed 5 NPCs from 3 distant cells
[2026-06-24 05:59:15.157] [WorldPop] Player moved to grid (22,47) fast=False, spawnRadius=6, despawnRadius=10
[2026-06-24 05:59:15.158] [WorldPop] Cells to spawn: 83, already spawned: 31
[2026-06-24 05:59:15.159] [WorldPop] Spawned 5 new NPCs in 83 cells (total alive: 51)
[2026-06-24 05:59:15.190] [WorldPop] Player moved to grid (11,51) fast=False, spawnRadius=6, despawnRadius=10
[2026-06-24 05:59:15.190] [WorldPop] Cells to spawn: 113, already spawned: 34
[2026-06-24 05:59:15.190] [WorldPop] Removed 5 NPCs from 3 distant cells
[2026-06-24 05:59:15.262] [WorldPop] Player moved to grid (22,47) fast=False, spawnRadius=6, despawnRadius=10
[2026-06-24 05:59:15.262] [WorldPop] Cells to spawn: 83, already spawned: 31
[2026-06-24 05:59:15.263] [WorldPop] Spawned 5 new NPCs in 83 cells (total alive: 51)
[2026-06-24 05:59:15.279] [WorldPop] Player moved to grid (11,51) fast=False, spawnRadius=6, despawnRadius=10
[2026-06-24 05:59:15.279] [WorldPop] Cells to spawn: 113, already spawned: 34
[2026-06-24 05:59:15.281] [WorldPop] Removed 5 NPCs from 3 distant cells
[2026-06-24 05:59:15.309] [WorldPop] Player moved to grid (22,47) fast=False, spawnRadius=6, despawnRadius=10
[2026-06-24 05:59:15.309] [WorldPop] Cells to spawn: 83, already spawned: 31
[2026-06-24 05:59:15.311] [WorldPop] Spawned 5 new NPCs in 83 cells (total alive: 51)
[2026-06-24 05:59:15.345] [WorldPop] Player moved to grid (11,51) fast=False, spawnRadius=6, despawnRadius=10
[2026-06-24 05:59:15.345] [WorldPop] Cells to spawn: 113, already spawned: 34
[2026-06-24 05:59:15.345] [WorldPop] Removed 5 NPCs from 3 distant cells
[2026-06-24 05:59:15.431] [WorldPop] Player moved to grid (22,47) fast=False, spawnRadius=6, despawnRadius=10
[2026-06-24 05:59:15.431] [WorldPop] Cells to spawn: 83, already spawned: 31
[2026-06-24 05:59:15.432] [WorldPop] Spawned 5 new NPCs in 83 cells (total alive: 51)
[2026-06-24 05:59:15.450] [WorldPop] Player moved to grid (11,51) fast=False, spawnRadius=6, despawnRadius=10
[2026-06-24 05:59:15.451] [WorldPop] Cells to spawn: 113, already spawned: 34
[2026-06-24 05:59:15.451] [WorldPop] Removed 5 NPCs from 3 distant cells
[2026-06-24 05:59:15.471] [WorldPop] Player moved to grid (22,47) fast=False, spawnRadius=6, despawnRadius=10
[2026-06-24 05:59:15.472] [WorldPop] Cells to spawn: 83, already spawned: 31
[2026-06-24 05:59:15.473] [WorldPop] Spawned 5 new NPCs in 83 cells (total alive: 51)
[2026-06-24 05:59:15.523] [WorldPop] Player moved to grid (11,51) fast=False, spawnRadius=6, despawnRadius=10
[2026-06-24 05:59:15.523] [WorldPop] Cells to spawn: 113, already spawned: 34
[2026-06-24 05:59:15.523] [WorldPop] Removed 5 NPCs from 3 distant cells
[2026-06-24 05:59:15.569] [WorldPop] Player moved to grid (22,47) fast=False, spawnRadius=6, despawnRadius=10
[2026-06-24 05:59:15.570] [WorldPop] Cells to spawn: 83, already spawned: 31
[2026-06-24 05:59:15.570] [WorldPop] Spawned 5 new NPCs in 83 cells (total alive: 51)
[2026-06-24 05:59:16.157] [WorldPop] Player moved to grid (11,51) fast=False, spawnRadius=6, despawnRadius=10
[2026-06-24 05:59:16.157] [WorldPop] Cells to spawn: 113, already spawned: 34
[2026-06-24 05:59:16.158] [WorldPop] Removed 5 NPCs from 3 distant cells
[2026-06-24 05:59:16.190] [WorldPop] Player moved to grid (22,47) fast=False, spawnRadius=6, despawnRadius=10
[2026-06-24 05:59:16.190] [WorldPop] Cells to spawn: 83, already spawned: 31
[2026-06-24 05:59:16.191] [WorldPop] Spawned 5 new NPCs in 83 cells (total alive: 51)
[2026-06-24 05:59:17.030] [WorldPop] Player moved to grid (11,51) fast=False, spawnRadius=6, despawnRadius=10
[2026-06-24 05:59:17.030] [WorldPop] Cells to spawn: 113, already spawned: 34
[2026-06-24 05:59:17.030] [WorldPop] Removed 5 NPCs from 3 distant cells
[2026-06-24 05:59:17.102] [WorldPop] Player moved to grid (22,47) fast=False, spawnRadius=6, despawnRadius=10
[2026-06-24 05:59:17.103] [WorldPop] Cells to spawn: 83, already spawned: 31
[2026-06-24 05:59:17.104] [WorldPop] Spawned 5 new NPCs in 83 cells (total alive: 51)
[2026-06-24 05:59:17.124] [WorldPop] Player moved to grid (11,51) fast=False, spawnRadius=6, despawnRadius=10
[2026-06-24 05:59:17.125] [WorldPop] Cells to spawn: 113, already spawned: 34
[2026-06-24 05:59:17.125] [WorldPop] Removed 5 NPCs from 3 distant cells
[2026-06-24 05:59:17.147] [WorldPop] Player moved to grid (22,47) fast=False, spawnRadius=6, despawnRadius=10
[2026-06-24 05:59:17.148] [WorldPop] Cells to spawn: 83, already spawned: 31
[2026-06-24 05:59:17.148] [WorldPop] Spawned 5 new NPCs in 83 cells (total alive: 51)
[2026-06-24 05:59:17.202] [WorldPop] Player moved to grid (11,51) fast=False, spawnRadius=6, despawnRadius=10
[2026-06-24 05:59:17.202] [WorldPop] Cells to spawn: 113, already spawned: 34
[2026-06-24 05:59:17.203] [WorldPop] Removed 5 NPCs from 3 distant cells
[2026-06-24 05:59:17.257] [WorldPop] Player moved to grid (22,47) fast=False, spawnRadius=6, despawnRadius=10
[2026-06-24 05:59:17.257] [WorldPop] Cells to spawn: 83, already spawned: 31
[2026-06-24 05:59:17.258] [WorldPop] Spawned 5 new NPCs in 83 cells (total alive: 51)
[2026-06-24 05:59:17.277] [WorldPop] Player moved to grid (12,51) fast=False, spawnRadius=6, despawnRadius=10
[2026-06-24 05:59:17.277] [WorldPop] Cells to spawn: 108, already spawned: 34
[2026-06-24 05:59:17.277] [WorldPop] Removed 4 NPCs from 2 distant cells
[2026-06-24 05:59:17.316] [WorldPop] Player moved to grid (22,47) fast=False, spawnRadius=6, despawnRadius=10
[2026-06-24 05:59:17.316] [WorldPop] Cells to spawn: 82, already spawned: 32
[2026-06-24 05:59:17.317] [WorldPop] Spawned 4 new NPCs in 82 cells (total alive: 51)
[2026-06-24 05:59:17.350] [WorldPop] Player moved to grid (12,51) fast=False, spawnRadius=6, despawnRadius=10
[2026-06-24 05:59:17.350] [WorldPop] Cells to spawn: 108, already spawned: 34
[2026-06-24 05:59:17.351] [WorldPop] Removed 4 NPCs from 2 distant cells
[2026-06-24 05:59:17.409] [WorldPop] Player moved to grid (22,47) fast=False, spawnRadius=6, despawnRadius=10
[2026-06-24 05:59:17.410] [WorldPop] Cells to spawn: 82, already spawned: 32
[2026-06-24 05:59:17.410] [WorldPop] Spawned 4 new NPCs in 82 cells (total alive: 51)
[2026-06-24 05:59:17.437] [WorldPop] Player moved to grid (12,51) fast=False, spawnRadius=6, despawnRadius=10
[2026-06-24 05:59:17.437] [WorldPop] Cells to spawn: 108, already spawned: 34
[2026-06-24 05:59:17.438] [WorldPop] Removed 4 NPCs from 2 distant cells
[2026-06-24 05:59:17.470] [WorldPop] Player moved to grid (22,47) fast=False, spawnRadius=6, despawnRadius=10
[2026-06-24 05:59:17.470] [WorldPop] Cells to spawn: 82, already spawned: 32
[2026-06-24 05:59:17.471] [WorldPop] Spawned 4 new NPCs in 82 cells (total alive: 51)
[2026-06-24 05:59:17.520] [WorldPop] Player moved to grid (12,51) fast=False, spawnRadius=6, despawnRadius=10
[2026-06-24 05:59:17.520] [WorldPop] Cells to spawn: 108, already spawned: 34
[2026-06-24 05:59:17.521] [WorldPop] Removed 4 NPCs from 2 distant cells
[2026-06-24 05:59:17.566] [WorldPop] Player moved to grid (22,47) fast=False, spawnRadius=6, despawnRadius=10
[2026-06-24 05:59:17.566] [WorldPop] Cells to spawn: 82, already spawned: 32
[2026-06-24 05:59:17.567] [WorldPop] Spawned 4 new NPCs in 82 cells (total alive: 51)
[2026-06-24 05:59:17.588] [WorldPop] Player moved to grid (12,51) fast=False, spawnRadius=6, despawnRadius=10
[2026-06-24 05:59:17.589] [WorldPop] Cells to spawn: 108, already spawned: 34
[2026-06-24 05:59:17.589] [WorldPop] Removed 4 NPCs from 2 distant cells
[2026-06-24 05:59:17.639] [WorldPop] Player moved to grid (22,47) fast=False, spawnRadius=6, despawnRadius=10
[2026-06-24 05:59:17.640] [WorldPop] Cells to spawn: 82, already spawned: 32
[2026-06-24 05:59:17.640] [WorldPop] Spawned 4 new NPCs in 82 cells (total alive: 51)
[2026-06-24 05:59:17.674] [WorldPop] Player moved to grid (12,51) fast=False, spawnRadius=6, despawnRadius=10
[2026-06-24 05:59:17.674] [WorldPop] Cells to spawn: 108, already spawned: 34
[2026-06-24 05:59:17.674] [WorldPop] Removed 4 NPCs from 2 distant cells
[2026-06-24 05:59:17.722] [WorldPop] Player moved to grid (22,47) fast=False, spawnRadius=6, despawnRadius=10
[2026-06-24 05:59:17.722] [WorldPop] Cells to spawn: 82, already spawned: 32
[2026-06-24 05:59:17.723] [WorldPop] Spawned 4 new NPCs in 82 cells (total alive: 51)
[2026-06-24 05:59:17.745] [WorldPop] Player moved to grid (12,51) fast=False, spawnRadius=6, despawnRadius=10
[2026-06-24 05:59:17.746] [WorldPop] Cells to spawn: 108, already spawned: 34
[2026-06-24 05:59:17.746] [WorldPop] Removed 4 NPCs from 2 distant cells
[2026-06-24 05:59:17.794] [WorldPop] Player moved to grid (22,47) fast=False, spawnRadius=6, despawnRadius=10
[2026-06-24 05:59:17.795] [WorldPop] Cells to spawn: 82, already spawned: 32
[2026-06-24 05:59:17.796] [WorldPop] Spawned 4 new NPCs in 82 cells (total alive: 51)
[2026-06-24 05:59:17.828] [WorldPop] Player moved to grid (12,51) fast=False, spawnRadius=6, despawnRadius=10
[2026-06-24 05:59:17.828] [WorldPop] Cells to spawn: 108, already spawned: 34
[2026-06-24 05:59:17.828] [WorldPop] Removed 4 NPCs from 2 distant cells
[2026-06-24 05:59:17.893] [WorldPop] Player moved to grid (22,47) fast=False, spawnRadius=6, despawnRadius=10
[2026-06-24 05:59:17.893] [WorldPop] Cells to spawn: 82, already spawned: 32
[2026-06-24 05:59:17.894] [WorldPop] Spawned 4 new NPCs in 82 cells (total alive: 51)
[2026-06-24 05:59:17.918] [WorldPop] Player moved to grid (12,51) fast=False, spawnRadius=6, despawnRadius=10
[2026-06-24 05:59:17.918] [WorldPop] Cells to spawn: 108, already spawned: 34
[2026-06-24 05:59:17.918] [WorldPop] Removed 4 NPCs from 2 distant cells
[2026-06-24 05:59:17.948] [WorldPop] Player moved to grid (22,47) fast=False, spawnRadius=6, despawnRadius=10
[2026-06-24 05:59:17.948] [WorldPop] Cells to spawn: 82, already spawned: 32
[2026-06-24 05:59:17.949] [WorldPop] Spawned 4 new NPCs in 82 cells (total alive: 51)
[2026-06-24 05:59:18.230] [WorldPop] Player moved to grid (12,51) fast=False, spawnRadius=6, despawnRadius=10
[2026-06-24 05:59:18.231] [WorldPop] Cells to spawn: 108, already spawned: 34
[2026-06-24 05:59:18.231] [WorldPop] Removed 4 NPCs from 2 distant cells
[2026-06-24 05:59:18.311] [WorldPop] Player moved to grid (22,47) fast=False, spawnRadius=6, despawnRadius=10
[2026-06-24 05:59:18.312] [WorldPop] Cells to spawn: 82, already spawned: 32
[2026-06-24 05:59:18.312] [WorldPop] Spawned 4 new NPCs in 82 cells (total alive: 51)
[2026-06-24 05:59:18.333] [WorldPop] Player moved to grid (12,51) fast=False, spawnRadius=6, despawnRadius=10
[2026-06-24 05:59:18.333] [WorldPop] Cells to spawn: 108, already spawned: 34
[2026-06-24 05:59:18.334] [WorldPop] Removed 4 NPCs from 2 distant cells
[2026-06-24 05:59:18.356] [WorldPop] Player moved to grid (22,47) fast=False, spawnRadius=6, despawnRadius=10
[2026-06-24 05:59:18.357] [WorldPop] Cells to spawn: 82, already spawned: 32
[2026-06-24 05:59:18.357] [WorldPop] Spawned 4 new NPCs in 82 cells (total alive: 51)
[2026-06-24 05:59:18.404] [WorldPop] Player moved to grid (12,51) fast=False, spawnRadius=6, despawnRadius=10
[2026-06-24 05:59:18.404] [WorldPop] Cells to spawn: 108, already spawned: 34
[2026-06-24 05:59:18.405] [WorldPop] Removed 4 NPCs from 2 distant cells
[2026-06-24 05:59:18.453] [WorldPop] Player moved to grid (22,47) fast=False, spawnRadius=6, despawnRadius=10
[2026-06-24 05:59:18.454] [WorldPop] Cells to spawn: 82, already spawned: 32
[2026-06-24 05:59:18.454] [WorldPop] Spawned 4 new NPCs in 82 cells (total alive: 51)
[2026-06-24 05:59:18.474] [WorldPop] Player moved to grid (12,51) fast=False, spawnRadius=6, despawnRadius=10
[2026-06-24 05:59:18.474] [WorldPop] Cells to spawn: 108, already spawned: 34
[2026-06-24 05:59:18.474] [WorldPop] Removed 4 NPCs from 2 distant cells
[2026-06-24 05:59:18.522] [WorldPop] Player moved to grid (22,47) fast=False, spawnRadius=6, despawnRadius=10
[2026-06-24 05:59:18.523] [WorldPop] Cells to spawn: 82, already spawned: 32
[2026-06-24 05:59:18.523] [WorldPop] Spawned 4 new NPCs in 82 cells (total alive: 51)
[2026-06-24 05:59:18.556] [WorldPop] Player moved to grid (12,51) fast=False, spawnRadius=6, despawnRadius=10
[2026-06-24 05:59:18.557] [WorldPop] Cells to spawn: 108, already spawned: 34
[2026-06-24 05:59:18.557] [WorldPop] Removed 4 NPCs from 2 distant cells
[2026-06-24 05:59:18.607] [WorldPop] Player moved to grid (22,47) fast=False, spawnRadius=6, despawnRadius=10
[2026-06-24 05:59:18.607] [WorldPop] Cells to spawn: 82, already spawned: 32
[2026-06-24 05:59:18.608] [WorldPop] Spawned 4 new NPCs in 82 cells (total alive: 51)
[2026-06-24 05:59:18.650] [WorldPop] Player moved to grid (12,51) fast=False, spawnRadius=6, despawnRadius=10
[2026-06-24 05:59:18.650] [WorldPop] Cells to spawn: 108, already spawned: 34
[2026-06-24 05:59:18.650] [WorldPop] Removed 4 NPCs from 2 distant cells
[2026-06-24 05:59:18.677] [WorldPop] Player moved to grid (22,47) fast=False, spawnRadius=6, despawnRadius=10
[2026-06-24 05:59:18.677] [WorldPop] Cells to spawn: 82, already spawned: 32
[2026-06-24 05:59:18.678] [WorldPop] Spawned 4 new NPCs in 82 cells (total alive: 51)
[2026-06-24 05:59:18.715] [WorldPop] Player moved to grid (12,51) fast=False, spawnRadius=6, despawnRadius=10
[2026-06-24 05:59:18.715] [WorldPop] Cells to spawn: 108, already spawned: 34
[2026-06-24 05:59:18.715] [WorldPop] Removed 4 NPCs from 2 distant cells
[2026-06-24 05:59:18.777] [WorldPop] Player moved to grid (22,47) fast=False, spawnRadius=6, despawnRadius=10
[2026-06-24 05:59:18.778] [WorldPop] Cells to spawn: 82, already spawned: 32
[2026-06-24 05:59:18.778] [WorldPop] Spawned 4 new NPCs in 82 cells (total alive: 51)
[2026-06-24 05:59:18.819] [WorldPop] Player moved to grid (12,51) fast=False, spawnRadius=6, despawnRadius=10
[2026-06-24 05:59:18.820] [WorldPop] Cells to spawn: 108, already spawned: 34
[2026-06-24 05:59:18.820] [WorldPop] Removed 4 NPCs from 2 distant cells
[2026-06-24 05:59:18.838] [WorldPop] Player moved to grid (22,47) fast=False, spawnRadius=6, despawnRadius=10
[2026-06-24 05:59:18.838] [WorldPop] Cells to spawn: 82, already spawned: 32
[2026-06-24 05:59:18.839] [WorldPop] Spawned 4 new NPCs in 82 cells (total alive: 51)
[2026-06-24 05:59:18.882] [WorldPop] Player moved to grid (12,51) fast=False, spawnRadius=6, despawnRadius=10
[2026-06-24 05:59:18.882] [WorldPop] Cells to spawn: 108, already spawned: 34
[2026-06-24 05:59:18.882] [WorldPop] Removed 4 NPCs from 2 distant cells
[2026-06-24 05:59:18.933] [WorldPop] Player moved to grid (22,47) fast=False, spawnRadius=6, despawnRadius=10
[2026-06-24 05:59:18.933] [WorldPop] Cells to spawn: 82, already spawned: 32
[2026-06-24 05:59:18.934] [WorldPop] Spawned 4 new NPCs in 82 cells (total alive: 51)
[2026-06-24 05:59:18.954] [WorldPop] Player moved to grid (12,51) fast=False, spawnRadius=6, despawnRadius=10
[2026-06-24 05:59:18.954] [WorldPop] Cells to spawn: 108, already spawned: 34
[2026-06-24 05:59:18.954] [WorldPop] Removed 4 NPCs from 2 distant cells
[2026-06-24 05:59:19.000] [WorldPop] Player moved to grid (22,47) fast=False, spawnRadius=6, despawnRadius=10
[2026-06-24 05:59:19.001] [WorldPop] Cells to spawn: 82, already spawned: 32
[2026-06-24 05:59:19.001] [WorldPop] Spawned 4 new NPCs in 82 cells (total alive: 51)
[2026-06-24 05:59:19.038] [WorldPop] Player moved to grid (12,51) fast=False, spawnRadius=6, despawnRadius=10
[2026-06-24 05:59:19.038] [WorldPop] Cells to spawn: 108, already spawned: 34
[2026-06-24 05:59:19.038] [WorldPop] Removed 4 NPCs from 2 distant cells
[2026-06-24 05:59:19.089] [WorldPop] Player moved to grid (22,47) fast=False, spawnRadius=6, despawnRadius=10
[2026-06-24 05:59:19.089] [WorldPop] Cells to spawn: 82, already spawned: 32
[2026-06-24 05:59:19.090] [WorldPop] Spawned 4 new NPCs in 82 cells (total alive: 51)
[2026-06-24 05:59:19.113] [WorldPop] Player moved to grid (12,51) fast=False, spawnRadius=6, despawnRadius=10
[2026-06-24 05:59:19.113] [WorldPop] Cells to spawn: 108, already spawned: 34
[2026-06-24 05:59:19.114] [WorldPop] Removed 4 NPCs from 2 distant cells
[2026-06-24 05:59:19.148] [WorldPop] Player moved to grid (22,47) fast=False, spawnRadius=6, despawnRadius=10
[2026-06-24 05:59:19.148] [WorldPop] Cells to spawn: 82, already spawned: 32
[2026-06-24 05:59:19.149] [WorldPop] Spawned 4 new NPCs in 82 cells (total alive: 51)
[2026-06-24 05:59:19.190] [WorldPop] Player moved to grid (12,51) fast=False, spawnRadius=6, despawnRadius=10
[2026-06-24 05:59:19.191] [WorldPop] Cells to spawn: 108, already spawned: 34
[2026-06-24 05:59:19.191] [WorldPop] Removed 4 NPCs from 2 distant cells
[2026-06-24 05:59:19.260] [WorldPop] Player moved to grid (22,47) fast=False, spawnRadius=6, despawnRadius=10
[2026-06-24 05:59:19.260] [WorldPop] Cells to spawn: 82, already spawned: 32
[2026-06-24 05:59:19.261] [WorldPop] Spawned 4 new NPCs in 82 cells (total alive: 51)
[2026-06-24 05:59:19.282] [WorldPop] Player moved to grid (12,51) fast=False, spawnRadius=6, despawnRadius=10
[2026-06-24 05:59:19.282] [WorldPop] Cells to spawn: 108, already spawned: 34
[2026-06-24 05:59:19.283] [WorldPop] Removed 4 NPCs from 2 distant cells
[2026-06-24 05:59:19.317] [WorldPop] Player moved to grid (22,47) fast=False, spawnRadius=6, despawnRadius=10
[2026-06-24 05:59:19.317] [WorldPop] Cells to spawn: 82, already spawned: 32
[2026-06-24 05:59:19.318] [WorldPop] Spawned 4 new NPCs in 82 cells (total alive: 51)
[2026-06-24 05:59:19.355] [WorldPop] Player moved to grid (12,51) fast=False, spawnRadius=6, despawnRadius=10
[2026-06-24 05:59:19.355] [WorldPop] Cells to spawn: 108, already spawned: 34
[2026-06-24 05:59:19.355] [WorldPop] Removed 4 NPCs from 2 distant cells
[2026-06-24 05:59:19.416] [WorldPop] Player moved to grid (22,47) fast=False, spawnRadius=6, despawnRadius=10
[2026-06-24 05:59:19.417] [WorldPop] Cells to spawn: 82, already spawned: 32
[2026-06-24 05:59:19.417] [WorldPop] Spawned 4 new NPCs in 82 cells (total alive: 51)
[2026-06-24 05:59:19.436] [WorldPop] Player moved to grid (12,51) fast=False, spawnRadius=6, despawnRadius=10
[2026-06-24 05:59:19.437] [WorldPop] Cells to spawn: 108, already spawned: 34
[2026-06-24 05:59:19.437] [WorldPop] Removed 4 NPCs from 2 distant cells
[2026-06-24 05:59:19.463] [WorldPop] Player moved to grid (22,47) fast=False, spawnRadius=6, despawnRadius=10
[2026-06-24 05:59:19.463] [WorldPop] Cells to spawn: 82, already spawned: 32
[2026-06-24 05:59:19.464] [WorldPop] Spawned 4 new NPCs in 82 cells (total alive: 51)
[2026-06-24 05:59:19.534] [WorldPop] Player moved to grid (12,51) fast=False, spawnRadius=6, despawnRadius=10
[2026-06-24 05:59:19.534] [WorldPop] Cells to spawn: 108, already spawned: 34
[2026-06-24 05:59:19.535] [WorldPop] Removed 4 NPCs from 2 distant cells
[2026-06-24 05:59:19.558] [WorldPop] Player moved to grid (22,47) fast=False, spawnRadius=6, despawnRadius=10
[2026-06-24 05:59:19.558] [WorldPop] Cells to spawn: 82, already spawned: 32
[2026-06-24 05:59:19.560] [WorldPop] Spawned 4 new NPCs in 82 cells (total alive: 51)
[2026-06-24 05:59:19.586] [WorldPop] Player moved to grid (12,51) fast=False, spawnRadius=6, despawnRadius=10
[2026-06-24 05:59:19.587] [WorldPop] Cells to spawn: 108, already spawned: 34
[2026-06-24 05:59:19.587] [WorldPop] Removed 4 NPCs from 2 distant cells
[2026-06-24 05:59:19.651] [WorldPop] Player moved to grid (22,47) fast=False, spawnRadius=6, despawnRadius=10
[2026-06-24 05:59:19.651] [WorldPop] Cells to spawn: 82, already spawned: 32
[2026-06-24 05:59:19.654] [WorldPop] Spawned 4 new NPCs in 82 cells (total alive: 51)
[2026-06-24 05:59:19.678] [WorldPop] Player moved to grid (12,51) fast=False, spawnRadius=6, despawnRadius=10
[2026-06-24 05:59:19.678] [WorldPop] Cells to spawn: 108, already spawned: 34
[2026-06-24 05:59:19.679] [WorldPop] Removed 4 NPCs from 2 distant cells
[2026-06-24 05:59:19.717] [WorldPop] Player moved to grid (22,47) fast=False, spawnRadius=6, despawnRadius=10
[2026-06-24 05:59:19.717] [WorldPop] Cells to spawn: 82, already spawned: 32
[2026-06-24 05:59:19.718] [WorldPop] Spawned 4 new NPCs in 82 cells (total alive: 51)
[2026-06-24 05:59:19.765] [WorldPop] Player moved to grid (12,51) fast=False, spawnRadius=6, despawnRadius=10
[2026-06-24 05:59:19.767] [WorldPop] Cells to spawn: 108, already spawned: 34
[2026-06-24 05:59:19.767] [WorldPop] Removed 4 NPCs from 2 distant cells
[2026-06-24 05:59:19.823] [WorldPop] Player moved to grid (22,47) fast=False, spawnRadius=6, despawnRadius=10
[2026-06-24 05:59:19.823] [WorldPop] Cells to spawn: 82, already spawned: 32
[2026-06-24 05:59:19.825] [WorldPop] Spawned 4 new NPCs in 82 cells (total alive: 51)
[2026-06-24 05:59:19.843] [WorldPop] Player moved to grid (12,51) fast=False, spawnRadius=6, despawnRadius=10
[2026-06-24 05:59:19.843] [WorldPop] Cells to spawn: 108, already spawned: 34
[2026-06-24 05:59:19.843] [WorldPop] Removed 4 NPCs from 2 distant cells
[2026-06-24 05:59:19.881] [WorldPop] Player moved to grid (22,47) fast=False, spawnRadius=6, despawnRadius=10
[2026-06-24 05:59:19.881] [WorldPop] Cells to spawn: 82, already spawned: 32
[2026-06-24 05:59:19.882] [WorldPop] Spawned 4 new NPCs in 82 cells (total alive: 51)
[2026-06-24 05:59:19.912] [WorldPop] Player moved to grid (12,51) fast=False, spawnRadius=6, despawnRadius=10
[2026-06-24 05:59:19.912] [WorldPop] Cells to spawn: 108, already spawned: 34
[2026-06-24 05:59:19.913] [WorldPop] Removed 4 NPCs from 2 distant cells
[2026-06-24 05:59:19.967] [WorldPop] Player moved to grid (22,47) fast=False, spawnRadius=6, despawnRadius=10
[2026-06-24 05:59:19.968] [WorldPop] Cells to spawn: 82, already spawned: 32
[2026-06-24 05:59:19.968] [WorldPop] Spawned 4 new NPCs in 82 cells (total alive: 51)
[2026-06-24 05:59:19.998] [WorldPop] Player moved to grid (12,51) fast=False, spawnRadius=6, despawnRadius=10
[2026-06-24 05:59:19.998] [WorldPop] Cells to spawn: 108, already spawned: 34
[2026-06-24 05:59:19.999] [WorldPop] Removed 4 NPCs from 2 distant cells
[2026-06-24 05:59:20.034] [WorldPop] Player moved to grid (22,47) fast=False, spawnRadius=6, despawnRadius=10
[2026-06-24 05:59:20.035] [WorldPop] Cells to spawn: 82, already spawned: 32
[2026-06-24 05:59:20.035] [WorldPop] Spawned 4 new NPCs in 82 cells (total alive: 51)
[2026-06-24 05:59:20.070] [WorldPop] Player moved to grid (12,51) fast=False, spawnRadius=6, despawnRadius=10
[2026-06-24 05:59:20.071] [WorldPop] Cells to spawn: 108, already spawned: 34
[2026-06-24 05:59:20.071] [WorldPop] Removed 4 NPCs from 2 distant cells
[2026-06-24 05:59:20.130] [WorldPop] Player moved to grid (22,47) fast=False, spawnRadius=6, despawnRadius=10
[2026-06-24 05:59:20.131] [WorldPop] Cells to spawn: 82, already spawned: 32
[2026-06-24 05:59:20.132] [WorldPop] Spawned 4 new NPCs in 82 cells (total alive: 51)
[2026-06-24 05:59:20.155] [WorldPop] Player moved to grid (13,51) fast=False, spawnRadius=6, despawnRadius=10
[2026-06-24 05:59:20.155] [WorldPop] Cells to spawn: 103, already spawned: 34
[2026-06-24 05:59:20.155] [WorldPop] Removed 2 NPCs from 1 distant cells
[2026-06-24 05:59:20.189] [WorldPop] Player moved to grid (22,47) fast=False, spawnRadius=6, despawnRadius=10
[2026-06-24 05:59:20.190] [WorldPop] Cells to spawn: 81, already spawned: 33
[2026-06-24 05:59:20.190] [WorldPop] Spawned 2 new NPCs in 81 cells (total alive: 51)
[2026-06-24 05:59:20.239] [WorldPop] Player moved to grid (13,51) fast=False, spawnRadius=6, despawnRadius=10
[2026-06-24 05:59:20.239] [WorldPop] Cells to spawn: 103, already spawned: 34
[2026-06-24 05:59:20.239] [WorldPop] Removed 2 NPCs from 1 distant cells
[2026-06-24 05:59:20.285] [WorldPop] Player moved to grid (22,47) fast=False, spawnRadius=6, despawnRadius=10
[2026-06-24 05:59:20.285] [WorldPop] Cells to spawn: 81, already spawned: 33
[2026-06-24 05:59:20.286] [WorldPop] Spawned 2 new NPCs in 81 cells (total alive: 51)
[2026-06-24 05:59:20.308] [WorldPop] Player moved to grid (13,51) fast=False, spawnRadius=6, despawnRadius=10
[2026-06-24 05:59:20.308] [WorldPop] Cells to spawn: 103, already spawned: 34
[2026-06-24 05:59:20.308] [WorldPop] Removed 2 NPCs from 1 distant cells
[2026-06-24 05:59:20.356] [WorldPop] Player moved to grid (22,47) fast=False, spawnRadius=6, despawnRadius=10
[2026-06-24 05:59:20.356] [WorldPop] Cells to spawn: 81, already spawned: 33
[2026-06-24 05:59:20.357] [WorldPop] Spawned 2 new NPCs in 81 cells (total alive: 51)
[2026-06-24 05:59:20.388] [WorldPop] Player moved to grid (13,51) fast=False, spawnRadius=6, despawnRadius=10
[2026-06-24 05:59:20.388] [WorldPop] Cells to spawn: 103, already spawned: 34
[2026-06-24 05:59:20.389] [WorldPop] Removed 2 NPCs from 1 distant cells
[2026-06-24 05:59:20.456] [WorldPop] Player moved to grid (22,47) fast=False, spawnRadius=6, despawnRadius=10
[2026-06-24 05:59:20.457] [WorldPop] Cells to spawn: 81, already spawned: 33
[2026-06-24 05:59:20.457] [WorldPop] Spawned 2 new NPCs in 81 cells (total alive: 51)
[2026-06-24 05:59:20.478] [WorldPop] Player moved to grid (13,51) fast=False, spawnRadius=6, despawnRadius=10
[2026-06-24 05:59:20.478] [WorldPop] Cells to spawn: 103, already spawned: 34
[2026-06-24 05:59:20.479] [WorldPop] Removed 2 NPCs from 1 distant cells
[2026-06-24 05:59:20.516] [WorldPop] Player moved to grid (22,47) fast=False, spawnRadius=6, despawnRadius=10
[2026-06-24 05:59:20.517] [WorldPop] Cells to spawn: 81, already spawned: 33
[2026-06-24 05:59:20.517] [WorldPop] Spawned 2 new NPCs in 81 cells (total alive: 51)
[2026-06-24 05:59:20.551] [WorldPop] Player moved to grid (13,51) fast=False, spawnRadius=6, despawnRadius=10
[2026-06-24 05:59:20.551] [WorldPop] Cells to spawn: 103, already spawned: 34
[2026-06-24 05:59:20.551] [WorldPop] Removed 2 NPCs from 1 distant cells
[2026-06-24 05:59:20.597] [WorldPop] Player moved to grid (22,47) fast=False, spawnRadius=6, despawnRadius=10
[2026-06-24 05:59:20.597] [WorldPop] Cells to spawn: 81, already spawned: 33
[2026-06-24 05:59:20.598] [WorldPop] Spawned 2 new NPCs in 81 cells (total alive: 51)
[2026-06-24 05:59:20.636] [WorldPop] Player moved to grid (13,51) fast=False, spawnRadius=6, despawnRadius=10
[2026-06-24 05:59:20.636] [WorldPop] Cells to spawn: 103, already spawned: 34
[2026-06-24 05:59:20.636] [WorldPop] Removed 2 NPCs from 1 distant cells
[2026-06-24 05:59:20.669] [WorldPop] Player moved to grid (22,47) fast=False, spawnRadius=6, despawnRadius=10
[2026-06-24 05:59:20.669] [WorldPop] Cells to spawn: 81, already spawned: 33
[2026-06-24 05:59:20.670] [WorldPop] Spawned 2 new NPCs in 81 cells (total alive: 51)
[2026-06-24 05:59:20.718] [WorldPop] Player moved to grid (13,51) fast=False, spawnRadius=6, despawnRadius=10
[2026-06-24 05:59:20.718] [WorldPop] Cells to spawn: 103, already spawned: 34
[2026-06-24 05:59:20.719] [WorldPop] Removed 2 NPCs from 1 distant cells
[2026-06-24 05:59:20.772] [WorldPop] Player moved to grid (22,47) fast=False, spawnRadius=6, despawnRadius=10
[2026-06-24 05:59:20.772] [WorldPop] Cells to spawn: 81, already spawned: 33
[2026-06-24 05:59:20.773] [WorldPop] Spawned 2 new NPCs in 81 cells (total alive: 51)
[2026-06-24 05:59:20.789] [WorldPop] Player moved to grid (13,51) fast=False, spawnRadius=6, despawnRadius=10
[2026-06-24 05:59:20.789] [WorldPop] Cells to spawn: 103, already spawned: 34
[2026-06-24 05:59:20.790] [WorldPop] Removed 2 NPCs from 1 distant cells
[2026-06-24 05:59:20.834] [WorldPop] Player moved to grid (22,47) fast=False, spawnRadius=6, despawnRadius=10
[2026-06-24 05:59:20.834] [WorldPop] Cells to spawn: 81, already spawned: 33
[2026-06-24 05:59:20.835] [WorldPop] Spawned 2 new NPCs in 81 cells (total alive: 51)
[2026-06-24 05:59:20.869] [WorldPop] Player moved to grid (13,51) fast=False, spawnRadius=6, despawnRadius=10
[2026-06-24 05:59:20.869] [WorldPop] Cells to spawn: 103, already spawned: 34
[2026-06-24 05:59:20.869] [WorldPop] Removed 2 NPCs from 1 distant cells
[2026-06-24 05:59:20.941] [WorldPop] Player moved to grid (22,47) fast=False, spawnRadius=6, despawnRadius=10
[2026-06-24 05:59:20.941] [WorldPop] Cells to spawn: 81, already spawned: 33
[2026-06-24 05:59:20.942] [WorldPop] Spawned 2 new NPCs in 81 cells (total alive: 51)
[2026-06-24 05:59:20.957] [WorldPop] Player moved to grid (13,51) fast=False, spawnRadius=6, despawnRadius=10
[2026-06-24 05:59:20.957] [WorldPop] Cells to spawn: 103, already spawned: 34
[2026-06-24 05:59:20.957] [WorldPop] Removed 2 NPCs from 1 distant cells
[2026-06-24 05:59:20.988] [WorldPop] Player moved to grid (22,47) fast=False, spawnRadius=6, despawnRadius=10
[2026-06-24 05:59:20.988] [WorldPop] Cells to spawn: 81, already spawned: 33
[2026-06-24 05:59:20.989] [WorldPop] Spawned 2 new NPCs in 81 cells (total alive: 51)
[2026-06-24 05:59:21.035] [WorldPop] Player moved to grid (13,51) fast=False, spawnRadius=6, despawnRadius=10
[2026-06-24 05:59:21.036] [WorldPop] Cells to spawn: 103, already spawned: 34
[2026-06-24 05:59:21.036] [WorldPop] Removed 2 NPCs from 1 distant cells
[2026-06-24 05:59:21.098] [WorldPop] Player moved to grid (22,47) fast=False, spawnRadius=6, despawnRadius=10
[2026-06-24 05:59:21.098] [WorldPop] Cells to spawn: 81, already spawned: 33
[2026-06-24 05:59:21.099] [WorldPop] Spawned 2 new NPCs in 81 cells (total alive: 51)
[2026-06-24 05:59:21.114] [WorldPop] Player moved to grid (13,51) fast=False, spawnRadius=6, despawnRadius=10
[2026-06-24 05:59:21.115] [WorldPop] Cells to spawn: 103, already spawned: 34
[2026-06-24 05:59:21.115] [WorldPop] Removed 2 NPCs from 1 distant cells
[2026-06-24 05:59:21.158] [WorldPop] Player moved to grid (22,47) fast=False, spawnRadius=6, despawnRadius=10
[2026-06-24 05:59:21.158] [WorldPop] Cells to spawn: 81, already spawned: 33
[2026-06-24 05:59:21.159] [WorldPop] Spawned 2 new NPCs in 81 cells (total alive: 51)
[2026-06-24 05:59:21.201] [WorldPop] Player moved to grid (13,51) fast=False, spawnRadius=6, despawnRadius=10
[2026-06-24 05:59:21.202] [WorldPop] Cells to spawn: 103, already spawned: 34
[2026-06-24 05:59:21.202] [WorldPop] Removed 2 NPCs from 1 distant cells
[2026-06-24 05:59:21.269] [WorldPop] Player moved to grid (22,47) fast=False, spawnRadius=6, despawnRadius=10
[2026-06-24 05:59:21.269] [WorldPop] Cells to spawn: 81, already spawned: 33
[2026-06-24 05:59:21.270] [WorldPop] Spawned 2 new NPCs in 81 cells (total alive: 51)
[2026-06-24 05:59:21.287] [WorldPop] Player moved to grid (13,51) fast=False, spawnRadius=6, despawnRadius=10
[2026-06-24 05:59:21.287] [WorldPop] Cells to spawn: 103, already spawned: 34
[2026-06-24 05:59:21.287] [WorldPop] Removed 2 NPCs from 1 distant cells
[2026-06-24 05:59:21.313] [WorldPop] Player moved to grid (22,47) fast=False, spawnRadius=6, despawnRadius=10
[2026-06-24 05:59:21.314] [WorldPop] Cells to spawn: 81, already spawned: 33
[2026-06-24 05:59:21.315] [WorldPop] Spawned 2 new NPCs in 81 cells (total alive: 51)
[2026-06-24 05:59:21.350] [WorldPop] Player moved to grid (13,51) fast=False, spawnRadius=6, despawnRadius=10
[2026-06-24 05:59:21.350] [WorldPop] Cells to spawn: 103, already spawned: 34
[2026-06-24 05:59:21.350] [WorldPop] Removed 2 NPCs from 1 distant cells
[2026-06-24 05:59:21.409] [WorldPop] Player moved to grid (22,47) fast=False, spawnRadius=6, despawnRadius=10
[2026-06-24 05:59:21.409] [WorldPop] Cells to spawn: 81, already spawned: 33
[2026-06-24 05:59:21.409] [WorldPop] Spawned 2 new NPCs in 81 cells (total alive: 51)
[2026-06-24 05:59:21.430] [WorldPop] Player moved to grid (13,51) fast=False, spawnRadius=6, despawnRadius=10
[2026-06-24 05:59:21.430] [WorldPop] Cells to spawn: 103, already spawned: 34
[2026-06-24 05:59:21.431] [WorldPop] Removed 2 NPCs from 1 distant cells
[2026-06-24 05:59:21.481] [WorldPop] Player moved to grid (22,47) fast=False, spawnRadius=6, despawnRadius=10
[2026-06-24 05:59:21.481] [WorldPop] Cells to spawn: 81, already spawned: 33
[2026-06-24 05:59:21.482] [WorldPop] Spawned 2 new NPCs in 81 cells (total alive: 51)
[2026-06-24 05:59:21.516] [WorldPop] Player moved to grid (13,51) fast=False, spawnRadius=6, despawnRadius=10
[2026-06-24 05:59:21.516] [WorldPop] Cells to spawn: 103, already spawned: 34
[2026-06-24 05:59:21.517] [WorldPop] Removed 2 NPCs from 1 distant cells
[2026-06-24 05:59:21.564] [WorldPop] Player moved to grid (22,47) fast=False, spawnRadius=6, despawnRadius=10
[2026-06-24 05:59:21.565] [WorldPop] Cells to spawn: 81, already spawned: 33
[2026-06-24 05:59:21.566] [WorldPop] Spawned 2 new NPCs in 81 cells (total alive: 51)
[2026-06-24 05:59:21.606] [WorldPop] Player moved to grid (13,51) fast=False, spawnRadius=6, despawnRadius=10
[2026-06-24 05:59:21.606] [WorldPop] Cells to spawn: 103, already spawned: 34
[2026-06-24 05:59:21.606] [WorldPop] Removed 2 NPCs from 1 distant cells
[2026-06-24 05:59:21.639] [WorldPop] Player moved to grid (22,47) fast=False, spawnRadius=6, despawnRadius=10
[2026-06-24 05:59:21.639] [WorldPop] Cells to spawn: 81, already spawned: 33
[2026-06-24 05:59:21.640] [WorldPop] Spawned 2 new NPCs in 81 cells (total alive: 51)
[2026-06-24 05:59:21.675] [WorldPop] Player moved to grid (13,51) fast=False, spawnRadius=6, despawnRadius=10
[2026-06-24 05:59:21.675] [WorldPop] Cells to spawn: 103, already spawned: 34
[2026-06-24 05:59:21.675] [WorldPop] Removed 2 NPCs from 1 distant cells
[2026-06-24 05:59:21.722] [WorldPop] Player moved to grid (22,47) fast=False, spawnRadius=6, despawnRadius=10
[2026-06-24 05:59:21.723] [WorldPop] Cells to spawn: 81, already spawned: 33
[2026-06-24 05:59:21.723] [WorldPop] Spawned 2 new NPCs in 81 cells (total alive: 51)
[2026-06-24 05:59:21.760] [WorldPop] Player moved to grid (13,51) fast=False, spawnRadius=6, despawnRadius=10
[2026-06-24 05:59:21.761] [WorldPop] Cells to spawn: 103, already spawned: 34
[2026-06-24 05:59:21.761] [WorldPop] Removed 2 NPCs from 1 distant cells
[2026-06-24 05:59:21.807] [WorldPop] Player moved to grid (22,47) fast=False, spawnRadius=6, despawnRadius=10
[2026-06-24 05:59:21.807] [WorldPop] Cells to spawn: 81, already spawned: 33
[2026-06-24 05:59:21.808] [WorldPop] Spawned 2 new NPCs in 81 cells (total alive: 51)
[2026-06-24 05:59:21.838] [WorldPop] Player moved to grid (13,51) fast=False, spawnRadius=6, despawnRadius=10
[2026-06-24 05:59:21.839] [WorldPop] Cells to spawn: 103, already spawned: 34
[2026-06-24 05:59:21.839] [WorldPop] Removed 2 NPCs from 1 distant cells
[2026-06-24 05:59:21.892] [WorldPop] Player moved to grid (22,47) fast=False, spawnRadius=6, despawnRadius=10
[2026-06-24 05:59:21.893] [WorldPop] Cells to spawn: 81, already spawned: 33
[2026-06-24 05:59:21.893] [WorldPop] Spawned 2 new NPCs in 81 cells (total alive: 51)
[2026-06-24 05:59:21.909] [WorldPop] Player moved to grid (13,51) fast=False, spawnRadius=6, despawnRadius=10
[2026-06-24 05:59:21.910] [WorldPop] Cells to spawn: 103, already spawned: 34
[2026-06-24 05:59:21.911] [WorldPop] Removed 2 NPCs from 1 distant cells
[2026-06-24 05:59:21.959] [WorldPop] Player moved to grid (22,47) fast=False, spawnRadius=6, despawnRadius=10
[2026-06-24 05:59:21.959] [WorldPop] Cells to spawn: 81, already spawned: 33
[2026-06-24 05:59:21.961] [WorldPop] Spawned 2 new NPCs in 81 cells (total alive: 51)
[2026-06-24 05:59:21.998] [WorldPop] Player moved to grid (13,51) fast=False, spawnRadius=6, despawnRadius=10
[2026-06-24 05:59:21.998] [WorldPop] Cells to spawn: 103, already spawned: 34
[2026-06-24 05:59:21.999] [WorldPop] Removed 2 NPCs from 1 distant cells
[2026-06-24 05:59:22.048] [WorldPop] Player moved to grid (22,47) fast=False, spawnRadius=6, despawnRadius=10
[2026-06-24 05:59:22.048] [WorldPop] Cells to spawn: 81, already spawned: 33
[2026-06-24 05:59:22.049] [WorldPop] Spawned 2 new NPCs in 81 cells (total alive: 51)
[2026-06-24 05:59:22.081] [WorldPop] Player moved to grid (13,51) fast=False, spawnRadius=6, despawnRadius=10
[2026-06-24 05:59:22.082] [WorldPop] Cells to spawn: 103, already spawned: 34
[2026-06-24 05:59:22.082] [WorldPop] Removed 2 NPCs from 1 distant cells
[2026-06-24 05:59:22.116] [WorldPop] Player moved to grid (22,47) fast=False, spawnRadius=6, despawnRadius=10
[2026-06-24 05:59:22.117] [WorldPop] Cells to spawn: 81, already spawned: 33
[2026-06-24 05:59:22.117] [WorldPop] Spawned 2 new NPCs in 81 cells (total alive: 51)
[2026-06-24 05:59:22.150] [WorldPop] Player moved to grid (13,51) fast=False, spawnRadius=6, despawnRadius=10
[2026-06-24 05:59:22.150] [WorldPop] Cells to spawn: 103, already spawned: 34
[2026-06-24 05:59:22.150] [WorldPop] Removed 2 NPCs from 1 distant cells
[2026-06-24 05:59:22.204] [WorldPop] Player moved to grid (22,47) fast=False, spawnRadius=6, despawnRadius=10
[2026-06-24 05:59:22.204] [WorldPop] Cells to spawn: 81, already spawned: 33
[2026-06-24 05:59:22.205] [WorldPop] Spawned 2 new NPCs in 81 cells (total alive: 51)
[2026-06-24 05:59:22.225] [WorldPop] Player moved to grid (13,51) fast=False, spawnRadius=6, despawnRadius=10
[2026-06-24 05:59:22.225] [WorldPop] Cells to spawn: 103, already spawned: 34
[2026-06-24 05:59:22.225] [WorldPop] Removed 2 NPCs from 1 distant cells
[2026-06-24 05:59:22.282] [WorldPop] Player moved to grid (22,47) fast=False, spawnRadius=6, despawnRadius=10
[2026-06-24 05:59:22.282] [WorldPop] Cells to spawn: 81, already spawned: 33
[2026-06-24 05:59:22.282] [WorldPop] Spawned 2 new NPCs in 81 cells (total alive: 51)
[2026-06-24 05:59:22.323] [WorldPop] Player moved to grid (13,51) fast=False, spawnRadius=6, despawnRadius=10
[2026-06-24 05:59:22.323] [WorldPop] Cells to spawn: 103, already spawned: 34
[2026-06-24 05:59:22.323] [WorldPop] Removed 2 NPCs from 1 distant cells
[2026-06-24 05:59:22.390] [WorldPop] Player moved to grid (22,47) fast=False, spawnRadius=6, despawnRadius=10
[2026-06-24 05:59:22.390] [WorldPop] Cells to spawn: 81, already spawned: 33
[2026-06-24 05:59:22.391] [WorldPop] Spawned 2 new NPCs in 81 cells (total alive: 51)
[2026-06-24 05:59:22.407] [WorldPop] Player moved to grid (13,51) fast=False, spawnRadius=6, despawnRadius=10
[2026-06-24 05:59:22.407] [WorldPop] Cells to spawn: 103, already spawned: 34
[2026-06-24 05:59:22.407] [WorldPop] Removed 2 NPCs from 1 distant cells
[2026-06-24 05:59:22.433] [WorldPop] Player moved to grid (22,47) fast=False, spawnRadius=6, despawnRadius=10
[2026-06-24 05:59:22.434] [WorldPop] Cells to spawn: 81, already spawned: 33
[2026-06-24 05:59:22.434] [WorldPop] Spawned 2 new NPCs in 81 cells (total alive: 51)
[2026-06-24 05:59:22.469] [WorldPop] Player moved to grid (13,51) fast=False, spawnRadius=6, despawnRadius=10
[2026-06-24 05:59:22.469] [WorldPop] Cells to spawn: 103, already spawned: 34
[2026-06-24 05:59:22.469] [WorldPop] Removed 2 NPCs from 1 distant cells
[2026-06-24 05:59:22.545] [WorldPop] Player moved to grid (22,47) fast=False, spawnRadius=6, despawnRadius=10
[2026-06-24 05:59:22.546] [WorldPop] Cells to spawn: 81, already spawned: 33
[2026-06-24 05:59:22.546] [WorldPop] Spawned 2 new NPCs in 81 cells (total alive: 51)
[2026-06-24 05:59:22.625] [WorldPop] Player moved to grid (13,51) fast=False, spawnRadius=6, despawnRadius=10
[2026-06-24 05:59:22.625] [WorldPop] Cells to spawn: 103, already spawned: 34
[2026-06-24 05:59:22.626] [WorldPop] Removed 2 NPCs from 1 distant cells
[2026-06-24 05:59:22.680] [WorldPop] Player moved to grid (22,47) fast=False, spawnRadius=6, despawnRadius=10
[2026-06-24 05:59:22.680] [WorldPop] Cells to spawn: 81, already spawned: 33
[2026-06-24 05:59:22.680] [WorldPop] Spawned 2 new NPCs in 81 cells (total alive: 51)
[2026-06-24 05:59:22.715] [WorldPop] Player moved to grid (13,51) fast=False, spawnRadius=6, despawnRadius=10
[2026-06-24 05:59:22.715] [WorldPop] Cells to spawn: 103, already spawned: 34
[2026-06-24 05:59:22.716] [WorldPop] Removed 2 NPCs from 1 distant cells
[2026-06-24 05:59:22.763] [WorldPop] Player moved to grid (22,47) fast=False, spawnRadius=6, despawnRadius=10
[2026-06-24 05:59:22.763] [WorldPop] Cells to spawn: 81, already spawned: 33
[2026-06-24 05:59:22.764] [WorldPop] Spawned 2 new NPCs in 81 cells (total alive: 51)
[2026-06-24 05:59:22.799] [WorldPop] Player moved to grid (13,51) fast=False, spawnRadius=6, despawnRadius=10
[2026-06-24 05:59:22.800] [WorldPop] Cells to spawn: 103, already spawned: 34
[2026-06-24 05:59:22.801] [WorldPop] Removed 2 NPCs from 1 distant cells
[2026-06-24 05:59:22.828] [WorldPop] Player moved to grid (22,47) fast=False, spawnRadius=6, despawnRadius=10
[2026-06-24 05:59:22.828] [WorldPop] Cells to spawn: 81, already spawned: 33
[2026-06-24 05:59:22.829] [WorldPop] Spawned 2 new NPCs in 81 cells (total alive: 51)
[2026-06-24 05:59:22.884] [WorldPop] Player moved to grid (13,51) fast=False, spawnRadius=6, despawnRadius=10
[2026-06-24 05:59:22.885] [WorldPop] Cells to spawn: 103, already spawned: 34
[2026-06-24 05:59:22.885] [WorldPop] Removed 2 NPCs from 1 distant cells
[2026-06-24 05:59:22.933] [WorldPop] Player moved to grid (22,47) fast=False, spawnRadius=6, despawnRadius=10
[2026-06-24 05:59:22.933] [WorldPop] Cells to spawn: 81, already spawned: 33
[2026-06-24 05:59:22.934] [WorldPop] Spawned 2 new NPCs in 81 cells (total alive: 51)
[2026-06-24 05:59:22.959] [WorldPop] Player moved to grid (13,51) fast=False, spawnRadius=6, despawnRadius=10
[2026-06-24 05:59:22.959] [WorldPop] Cells to spawn: 103, already spawned: 34
[2026-06-24 05:59:22.960] [WorldPop] Removed 2 NPCs from 1 distant cells
[2026-06-24 05:59:22.987] [WorldPop] Player moved to grid (22,47) fast=False, spawnRadius=6, despawnRadius=10
[2026-06-24 05:59:22.987] [WorldPop] Cells to spawn: 81, already spawned: 33
[2026-06-24 05:59:22.987] [WorldPop] Spawned 2 new NPCs in 81 cells (total alive: 51)
[2026-06-24 05:59:23.269] [WorldPop] Player moved to grid (13,51) fast=False, spawnRadius=6, despawnRadius=10
[2026-06-24 05:59:23.269] [WorldPop] Cells to spawn: 103, already spawned: 34
[2026-06-24 05:59:23.270] [WorldPop] Removed 2 NPCs from 1 distant cells
[2026-06-24 05:59:23.337] [WorldPop] Player moved to grid (22,47) fast=False, spawnRadius=6, despawnRadius=10
[2026-06-24 05:59:23.337] [WorldPop] Cells to spawn: 81, already spawned: 33
[2026-06-24 05:59:23.337] [WorldPop] Spawned 2 new NPCs in 81 cells (total alive: 51)
[2026-06-24 05:59:23.364] [WorldPop] Player moved to grid (13,51) fast=False, spawnRadius=6, despawnRadius=10
[2026-06-24 05:59:23.365] [WorldPop] Cells to spawn: 103, already spawned: 34
[2026-06-24 05:59:23.365] [WorldPop] Removed 2 NPCs from 1 distant cells
[2026-06-24 05:59:23.398] [WorldPop] Player moved to grid (22,47) fast=False, spawnRadius=6, despawnRadius=10
[2026-06-24 05:59:23.398] [WorldPop] Cells to spawn: 81, already spawned: 33
[2026-06-24 05:59:23.399] [WorldPop] Spawned 2 new NPCs in 81 cells (total alive: 51)
[2026-06-24 05:59:23.437] [WorldPop] Player moved to grid (13,51) fast=False, spawnRadius=6, despawnRadius=10
[2026-06-24 05:59:23.438] [WorldPop] Cells to spawn: 103, already spawned: 34
[2026-06-24 05:59:23.438] [WorldPop] Removed 2 NPCs from 1 distant cells
[2026-06-24 05:59:23.492] [WorldPop] Player moved to grid (22,47) fast=False, spawnRadius=6, despawnRadius=10
[2026-06-24 05:59:23.492] [WorldPop] Cells to spawn: 81, already spawned: 33
[2026-06-24 05:59:23.492] [WorldPop] Spawned 2 new NPCs in 81 cells (total alive: 51)
[2026-06-24 05:59:23.519] [WorldPop] Player moved to grid (13,51) fast=False, spawnRadius=6, despawnRadius=10
[2026-06-24 05:59:23.520] [WorldPop] Cells to spawn: 103, already spawned: 34
[2026-06-24 05:59:23.520] [WorldPop] Removed 2 NPCs from 1 distant cells
[2026-06-24 05:59:23.552] [WorldPop] Player moved to grid (22,47) fast=False, spawnRadius=6, despawnRadius=10
[2026-06-24 05:59:23.552] [WorldPop] Cells to spawn: 81, already spawned: 33
[2026-06-24 05:59:23.553] [WorldPop] Spawned 2 new NPCs in 81 cells (total alive: 51)
[2026-06-24 05:59:23.583] [WorldPop] Player moved to grid (13,51) fast=False, spawnRadius=6, despawnRadius=10
[2026-06-24 05:59:23.584] [WorldPop] Cells to spawn: 103, already spawned: 34
[2026-06-24 05:59:23.584] [WorldPop] Removed 2 NPCs from 1 distant cells
[2026-06-24 05:59:23.648] [WorldPop] Player moved to grid (22,47) fast=False, spawnRadius=6, despawnRadius=10
[2026-06-24 05:59:23.648] [WorldPop] Cells to spawn: 81, already spawned: 33
[2026-06-24 05:59:23.648] [WorldPop] Spawned 2 new NPCs in 81 cells (total alive: 51)
[2026-06-24 05:59:23.672] [WorldPop] Player moved to grid (13,51) fast=False, spawnRadius=6, despawnRadius=10
[2026-06-24 05:59:23.672] [WorldPop] Cells to spawn: 103, already spawned: 34
[2026-06-24 05:59:23.672] [WorldPop] Removed 2 NPCs from 1 distant cells
[2026-06-24 05:59:23.719] [WorldPop] Player moved to grid (22,47) fast=False, spawnRadius=6, despawnRadius=10
[2026-06-24 05:59:23.719] [WorldPop] Cells to spawn: 81, already spawned: 33
[2026-06-24 05:59:23.720] [WorldPop] Spawned 2 new NPCs in 81 cells (total alive: 51)
[2026-06-24 05:59:23.852] [WorldPop] Player moved to grid (13,51) fast=False, spawnRadius=6, despawnRadius=10
[2026-06-24 05:59:23.852] [WorldPop] Cells to spawn: 103, already spawned: 34
[2026-06-24 05:59:23.853] [WorldPop] Removed 2 NPCs from 1 distant cells
[2026-06-24 05:59:23.898] [WorldPop] Player moved to grid (22,47) fast=False, spawnRadius=6, despawnRadius=10
[2026-06-24 05:59:23.899] [WorldPop] Cells to spawn: 81, already spawned: 33
[2026-06-24 05:59:23.899] [WorldPop] Spawned 2 new NPCs in 81 cells (total alive: 51)
[2026-06-24 05:59:24.006] [WorldPop] Player moved to grid (13,51) fast=False, spawnRadius=6, despawnRadius=10
[2026-06-24 05:59:24.007] [WorldPop] Cells to spawn: 103, already spawned: 34
[2026-06-24 05:59:24.007] [WorldPop] Removed 2 NPCs from 1 distant cells
[2026-06-24 05:59:24.059] [WorldPop] Player moved to grid (22,47) fast=False, spawnRadius=6, despawnRadius=10
[2026-06-24 05:59:24.059] [WorldPop] Cells to spawn: 81, already spawned: 33
[2026-06-24 05:59:24.060] [WorldPop] Spawned 2 new NPCs in 81 cells (total alive: 51)
[2026-06-24 05:59:28.389] [WorldPop] Player moved to grid (13,51) fast=False, spawnRadius=6, despawnRadius=10
[2026-06-24 05:59:28.389] [WorldPop] Cells to spawn: 103, already spawned: 34
[2026-06-24 05:59:28.390] [WorldPop] Removed 2 NPCs from 1 distant cells
[2026-06-24 05:59:28.453] [WorldPop] Player moved to grid (22,47) fast=False, spawnRadius=6, despawnRadius=10
[2026-06-24 05:59:28.454] [WorldPop] Cells to spawn: 81, already spawned: 33
[2026-06-24 05:59:28.454] [WorldPop] Spawned 2 new NPCs in 81 cells (total alive: 51)
[2026-06-24 05:59:36.490] [WorldPop] Player moved to grid (13,51) fast=False, spawnRadius=6, despawnRadius=10
[2026-06-24 05:59:36.490] [WorldPop] Cells to spawn: 103, already spawned: 34
[2026-06-24 05:59:36.490] [WorldPop] Removed 2 NPCs from 1 distant cells
[2026-06-24 05:59:36.514] [WorldPop] Player moved to grid (22,47) fast=False, spawnRadius=6, despawnRadius=10
[2026-06-24 05:59:36.514] [WorldPop] Cells to spawn: 81, already spawned: 33
[2026-06-24 05:59:36.515] [WorldPop] Spawned 2 new NPCs in 81 cells (total alive: 51)
[2026-06-24 05:59:43.946] [WorldPop] Player moved to grid (22,47) fast=True, spawnRadius=12, despawnRadius=20
[2026-06-24 05:59:43.947] [WorldPop] Cells to spawn: 407, already spawned: 34
[2026-06-24 05:59:44.534] [WorldPop] Player moved to grid (13,51) fast=False, spawnRadius=6, despawnRadius=10
[2026-06-24 05:59:44.534] [WorldPop] Cells to spawn: 103, already spawned: 34
[2026-06-24 05:59:44.535] [WorldPop] Removed 2 NPCs from 1 distant cells
[2026-06-24 05:59:44.596] [WorldPop] Player moved to grid (22,47) fast=False, spawnRadius=6, despawnRadius=10
[2026-06-24 05:59:44.596] [WorldPop] Cells to spawn: 81, already spawned: 33
[2026-06-24 05:59:44.597] [WorldPop] Spawned 2 new NPCs in 81 cells (total alive: 51)
[2026-06-24 05:59:52.625] [WorldPop] Player moved to grid (13,51) fast=False, spawnRadius=6, despawnRadius=10
[2026-06-24 05:59:52.625] [WorldPop] Cells to spawn: 103, already spawned: 34
[2026-06-24 05:59:52.626] [WorldPop] Removed 2 NPCs from 1 distant cells
[2026-06-24 05:59:52.703] [WorldPop] Player moved to grid (22,47) fast=False, spawnRadius=6, despawnRadius=10
[2026-06-24 05:59:52.703] [WorldPop] Cells to spawn: 81, already spawned: 33
[2026-06-24 05:59:52.704] [WorldPop] Spawned 2 new NPCs in 81 cells (total alive: 51)
[2026-06-24 05:59:53.117] [WorldPop] Player moved to grid (13,51) fast=False, spawnRadius=6, despawnRadius=10
[2026-06-24 05:59:53.118] [WorldPop] Cells to spawn: 103, already spawned: 34
[2026-06-24 05:59:53.119] [WorldPop] Removed 2 NPCs from 1 distant cells
[2026-06-24 05:59:53.154] [WorldPop] Player moved to grid (22,47) fast=False, spawnRadius=6, despawnRadius=10
[2026-06-24 05:59:53.154] [WorldPop] Cells to spawn: 81, already spawned: 33
[2026-06-24 05:59:53.155] [WorldPop] Spawned 2 new NPCs in 81 cells (total alive: 51)
[2026-06-24 05:59:53.191] [WorldPop] Player moved to grid (13,51) fast=False, spawnRadius=6, despawnRadius=10
[2026-06-24 05:59:53.191] [WorldPop] Cells to spawn: 103, already spawned: 34
[2026-06-24 05:59:53.191] [WorldPop] Removed 2 NPCs from 1 distant cells
[2026-06-24 05:59:53.252] [WorldPop] Player moved to grid (22,47) fast=False, spawnRadius=6, despawnRadius=10
[2026-06-24 05:59:53.252] [WorldPop] Cells to spawn: 81, already spawned: 33
[2026-06-24 05:59:53.253] [WorldPop] Spawned 2 new NPCs in 81 cells (total alive: 51)
[2026-06-24 05:59:53.281] [WorldPop] Player moved to grid (13,51) fast=False, spawnRadius=6, despawnRadius=10
[2026-06-24 05:59:53.281] [WorldPop] Cells to spawn: 103, already spawned: 34
[2026-06-24 05:59:53.282] [WorldPop] Removed 2 NPCs from 1 distant cells
[2026-06-24 05:59:53.313] [WorldPop] Player moved to grid (22,47) fast=False, spawnRadius=6, despawnRadius=10
[2026-06-24 05:59:53.313] [WorldPop] Cells to spawn: 81, already spawned: 33
[2026-06-24 05:59:53.313] [WorldPop] Spawned 2 new NPCs in 81 cells (total alive: 51)
[2026-06-24 05:59:53.352] [WorldPop] Player moved to grid (13,51) fast=False, spawnRadius=6, despawnRadius=10
[2026-06-24 05:59:53.353] [WorldPop] Cells to spawn: 103, already spawned: 34
[2026-06-24 05:59:53.354] [WorldPop] Removed 2 NPCs from 1 distant cells
[2026-06-24 05:59:53.412] [WorldPop] Player moved to grid (22,47) fast=False, spawnRadius=6, despawnRadius=10
[2026-06-24 05:59:53.412] [WorldPop] Cells to spawn: 81, already spawned: 33
[2026-06-24 05:59:53.413] [WorldPop] Spawned 2 new NPCs in 81 cells (total alive: 51)
[2026-06-24 05:59:53.435] [WorldPop] Player moved to grid (13,51) fast=False, spawnRadius=6, despawnRadius=10
[2026-06-24 05:59:53.436] [WorldPop] Cells to spawn: 103, already spawned: 34
[2026-06-24 05:59:53.436] [WorldPop] Removed 2 NPCs from 1 distant cells
[2026-06-24 05:59:53.470] [WorldPop] Player moved to grid (22,47) fast=False, spawnRadius=6, despawnRadius=10
[2026-06-24 05:59:53.470] [WorldPop] Cells to spawn: 81, already spawned: 33
[2026-06-24 05:59:53.471] [WorldPop] Spawned 2 new NPCs in 81 cells (total alive: 51)
[2026-06-24 05:59:53.681] [WorldPop] Player moved to grid (13,51) fast=False, spawnRadius=6, despawnRadius=10
[2026-06-24 05:59:53.681] [WorldPop] Cells to spawn: 103, already spawned: 34
[2026-06-24 05:59:53.681] [WorldPop] Removed 2 NPCs from 1 distant cells
[2026-06-24 05:59:53.739] [WorldPop] Player moved to grid (22,47) fast=False, spawnRadius=6, despawnRadius=10
[2026-06-24 05:59:53.739] [WorldPop] Cells to spawn: 81, already spawned: 33
[2026-06-24 05:59:53.740] [WorldPop] Spawned 2 new NPCs in 81 cells (total alive: 51)
[2026-06-24 05:59:53.757] [WorldPop] Player moved to grid (13,51) fast=False, spawnRadius=6, despawnRadius=10
[2026-06-24 05:59:53.757] [WorldPop] Cells to spawn: 103, already spawned: 34
[2026-06-24 05:59:53.758] [WorldPop] Removed 2 NPCs from 1 distant cells
[2026-06-24 05:59:53.785] [WorldPop] Player moved to grid (22,47) fast=False, spawnRadius=6, despawnRadius=10
[2026-06-24 05:59:53.786] [WorldPop] Cells to spawn: 81, already spawned: 33
[2026-06-24 05:59:53.786] [WorldPop] Spawned 2 new NPCs in 81 cells (total alive: 51)
[2026-06-24 05:59:53.835] [WorldPop] Player moved to grid (13,51) fast=False, spawnRadius=6, despawnRadius=10
[2026-06-24 05:59:53.835] [WorldPop] Cells to spawn: 103, already spawned: 34
[2026-06-24 05:59:53.835] [WorldPop] Removed 2 NPCs from 1 distant cells
[2026-06-24 05:59:53.896] [WorldPop] Player moved to grid (22,47) fast=False, spawnRadius=6, despawnRadius=10
[2026-06-24 05:59:53.896] [WorldPop] Cells to spawn: 81, already spawned: 33
[2026-06-24 05:59:53.897] [WorldPop] Spawned 2 new NPCs in 81 cells (total alive: 51)
[2026-06-24 05:59:53.931] [WorldPop] Player moved to grid (13,51) fast=False, spawnRadius=6, despawnRadius=10
[2026-06-24 05:59:53.931] [WorldPop] Cells to spawn: 103, already spawned: 34
[2026-06-24 05:59:53.931] [WorldPop] Removed 2 NPCs from 1 distant cells
[2026-06-24 05:59:53.957] [WorldPop] Player moved to grid (22,47) fast=False, spawnRadius=6, despawnRadius=10
[2026-06-24 05:59:53.958] [WorldPop] Cells to spawn: 81, already spawned: 33
[2026-06-24 05:59:53.958] [WorldPop] Spawned 2 new NPCs in 81 cells (total alive: 51)
[2026-06-24 05:59:54.005] [WorldPop] Player moved to grid (13,51) fast=False, spawnRadius=6, despawnRadius=10
[2026-06-24 05:59:54.005] [WorldPop] Cells to spawn: 103, already spawned: 34
[2026-06-24 05:59:54.006] [WorldPop] Removed 2 NPCs from 1 distant cells
[2026-06-24 05:59:54.053] [WorldPop] Player moved to grid (22,47) fast=False, spawnRadius=6, despawnRadius=10
[2026-06-24 05:59:54.053] [WorldPop] Cells to spawn: 81, already spawned: 33
[2026-06-24 05:59:54.054] [WorldPop] Spawned 2 new NPCs in 81 cells (total alive: 51)
[2026-06-24 05:59:54.070] [WorldPop] Player moved to grid (13,51) fast=False, spawnRadius=6, despawnRadius=10
[2026-06-24 05:59:54.070] [WorldPop] Cells to spawn: 103, already spawned: 34
[2026-06-24 05:59:54.070] [WorldPop] Removed 2 NPCs from 1 distant cells
[2026-06-24 05:59:54.121] [WorldPop] Player moved to grid (22,47) fast=False, spawnRadius=6, despawnRadius=10
[2026-06-24 05:59:54.121] [WorldPop] Cells to spawn: 81, already spawned: 33
[2026-06-24 05:59:54.121] [WorldPop] Spawned 2 new NPCs in 81 cells (total alive: 51)
[2026-06-24 05:59:54.153] [WorldPop] Player moved to grid (13,51) fast=False, spawnRadius=6, despawnRadius=10
[2026-06-24 05:59:54.153] [WorldPop] Cells to spawn: 103, already spawned: 34
[2026-06-24 05:59:54.154] [WorldPop] Removed 2 NPCs from 1 distant cells
[2026-06-24 05:59:54.208] [WorldPop] Player moved to grid (22,47) fast=False, spawnRadius=6, despawnRadius=10
[2026-06-24 05:59:54.209] [WorldPop] Cells to spawn: 81, already spawned: 33
[2026-06-24 05:59:54.209] [WorldPop] Spawned 2 new NPCs in 81 cells (total alive: 51)
[2026-06-24 05:59:54.239] [WorldPop] Player moved to grid (13,51) fast=False, spawnRadius=6, despawnRadius=10
[2026-06-24 05:59:54.239] [WorldPop] Cells to spawn: 103, already spawned: 34
[2026-06-24 05:59:54.239] [WorldPop] Removed 2 NPCs from 1 distant cells
[2026-06-24 05:59:54.278] [WorldPop] Player moved to grid (22,47) fast=False, spawnRadius=6, despawnRadius=10
[2026-06-24 05:59:54.278] [WorldPop] Cells to spawn: 81, already spawned: 33
[2026-06-24 05:59:54.279] [WorldPop] Spawned 2 new NPCs in 81 cells (total alive: 51)
[2026-06-24 05:59:54.311] [WorldPop] Player moved to grid (13,51) fast=False, spawnRadius=6, despawnRadius=10
[2026-06-24 05:59:54.311] [WorldPop] Cells to spawn: 103, already spawned: 34
[2026-06-24 05:59:54.312] [WorldPop] Removed 2 NPCs from 1 distant cells
[2026-06-24 05:59:54.368] [WorldPop] Player moved to grid (22,47) fast=False, spawnRadius=6, despawnRadius=10
[2026-06-24 05:59:54.368] [WorldPop] Cells to spawn: 81, already spawned: 33
[2026-06-24 05:59:54.369] [WorldPop] Spawned 2 new NPCs in 81 cells (total alive: 51)
[2026-06-24 05:59:54.422] [WorldPop] Player moved to grid (13,51) fast=False, spawnRadius=6, despawnRadius=10
[2026-06-24 05:59:54.422] [WorldPop] Cells to spawn: 103, already spawned: 34
[2026-06-24 05:59:54.422] [WorldPop] Removed 2 NPCs from 1 distant cells
[2026-06-24 05:59:54.439] [WorldPop] Player moved to grid (22,47) fast=False, spawnRadius=6, despawnRadius=10
[2026-06-24 05:59:54.440] [WorldPop] Cells to spawn: 81, already spawned: 33
[2026-06-24 05:59:54.440] [WorldPop] Spawned 2 new NPCs in 81 cells (total alive: 51)
[2026-06-24 05:59:54.469] [WorldPop] Player moved to grid (13,51) fast=False, spawnRadius=6, despawnRadius=10
[2026-06-24 05:59:54.469] [WorldPop] Cells to spawn: 103, already spawned: 34
[2026-06-24 05:59:54.469] [WorldPop] Removed 2 NPCs from 1 distant cells
[2026-06-24 05:59:54.532] [WorldPop] Player moved to grid (22,47) fast=False, spawnRadius=6, despawnRadius=10
[2026-06-24 05:59:54.532] [WorldPop] Cells to spawn: 81, already spawned: 33
[2026-06-24 05:59:54.532] [WorldPop] Spawned 2 new NPCs in 81 cells (total alive: 51)
[2026-06-24 05:59:54.554] [WorldPop] Player moved to grid (13,51) fast=False, spawnRadius=6, despawnRadius=10
[2026-06-24 05:59:54.554] [WorldPop] Cells to spawn: 103, already spawned: 34
[2026-06-24 05:59:54.555] [WorldPop] Removed 2 NPCs from 1 distant cells
[2026-06-24 05:59:54.587] [WorldPop] Player moved to grid (22,47) fast=False, spawnRadius=6, despawnRadius=10
[2026-06-24 05:59:54.587] [WorldPop] Cells to spawn: 81, already spawned: 33
[2026-06-24 05:59:54.588] [WorldPop] Spawned 2 new NPCs in 81 cells (total alive: 51)
[2026-06-24 05:59:54.640] [WorldPop] Player moved to grid (13,51) fast=False, spawnRadius=6, despawnRadius=10
[2026-06-24 05:59:54.640] [WorldPop] Cells to spawn: 103, already spawned: 34
[2026-06-24 05:59:54.641] [WorldPop] Removed 2 NPCs from 1 distant cells
[2026-06-24 05:59:54.688] [WorldPop] Player moved to grid (22,47) fast=False, spawnRadius=6, despawnRadius=10
[2026-06-24 05:59:54.689] [WorldPop] Cells to spawn: 81, already spawned: 33
[2026-06-24 05:59:54.689] [WorldPop] Spawned 2 new NPCs in 81 cells (total alive: 51)
[2026-06-24 05:59:54.714] [WorldPop] Player moved to grid (13,51) fast=False, spawnRadius=6, despawnRadius=10
[2026-06-24 05:59:54.714] [WorldPop] Cells to spawn: 103, already spawned: 34
[2026-06-24 05:59:54.714] [WorldPop] Removed 2 NPCs from 1 distant cells
[2026-06-24 05:59:54.751] [WorldPop] Player moved to grid (22,47) fast=False, spawnRadius=6, despawnRadius=10
[2026-06-24 05:59:54.751] [WorldPop] Cells to spawn: 81, already spawned: 33
[2026-06-24 05:59:54.752] [WorldPop] Spawned 2 new NPCs in 81 cells (total alive: 51)
[2026-06-24 05:59:54.792] [WorldPop] Player moved to grid (13,51) fast=False, spawnRadius=6, despawnRadius=10
[2026-06-24 05:59:54.792] [WorldPop] Cells to spawn: 103, already spawned: 34
[2026-06-24 05:59:54.793] [WorldPop] Removed 2 NPCs from 1 distant cells
[2026-06-24 05:59:54.863] [WorldPop] Player moved to grid (22,47) fast=False, spawnRadius=6, despawnRadius=10
[2026-06-24 05:59:54.863] [WorldPop] Cells to spawn: 81, already spawned: 33
[2026-06-24 05:59:54.864] [WorldPop] Spawned 2 new NPCs in 81 cells (total alive: 51)
[2026-06-24 05:59:54.884] [WorldPop] Player moved to grid (13,51) fast=False, spawnRadius=6, despawnRadius=10
[2026-06-24 05:59:54.885] [WorldPop] Cells to spawn: 103, already spawned: 34
[2026-06-24 05:59:54.885] [WorldPop] Removed 2 NPCs from 1 distant cells
[2026-06-24 05:59:54.914] [WorldPop] Player moved to grid (22,47) fast=False, spawnRadius=6, despawnRadius=10
[2026-06-24 05:59:54.914] [WorldPop] Cells to spawn: 81, already spawned: 33
[2026-06-24 05:59:54.915] [WorldPop] Spawned 2 new NPCs in 81 cells (total alive: 51)
[2026-06-24 05:59:54.950] [WorldPop] Player moved to grid (13,51) fast=False, spawnRadius=6, despawnRadius=10
[2026-06-24 05:59:54.950] [WorldPop] Cells to spawn: 103, already spawned: 34
[2026-06-24 05:59:54.951] [WorldPop] Removed 2 NPCs from 1 distant cells
[2026-06-24 05:59:55.014] [WorldPop] Player moved to grid (22,47) fast=False, spawnRadius=6, despawnRadius=10
[2026-06-24 05:59:55.015] [WorldPop] Cells to spawn: 81, already spawned: 33
[2026-06-24 05:59:55.015] [WorldPop] Spawned 2 new NPCs in 81 cells (total alive: 51)
[2026-06-24 05:59:55.031] [WorldPop] Player moved to grid (13,51) fast=False, spawnRadius=6, despawnRadius=10
[2026-06-24 05:59:55.032] [WorldPop] Cells to spawn: 103, already spawned: 34
[2026-06-24 05:59:55.032] [WorldPop] Removed 2 NPCs from 1 distant cells
[2026-06-24 05:59:55.074] [WorldPop] Player moved to grid (22,47) fast=False, spawnRadius=6, despawnRadius=10
[2026-06-24 05:59:55.075] [WorldPop] Cells to spawn: 81, already spawned: 33
[2026-06-24 05:59:55.075] [WorldPop] Spawned 2 new NPCs in 81 cells (total alive: 51)
[2026-06-24 05:59:55.107] [WorldPop] Player moved to grid (13,51) fast=False, spawnRadius=6, despawnRadius=10
[2026-06-24 05:59:55.107] [WorldPop] Cells to spawn: 103, already spawned: 34
[2026-06-24 05:59:55.108] [WorldPop] Removed 2 NPCs from 1 distant cells
[2026-06-24 05:59:55.188] [WorldPop] Player moved to grid (22,47) fast=False, spawnRadius=6, despawnRadius=10
[2026-06-24 05:59:55.189] [WorldPop] Cells to spawn: 81, already spawned: 33
[2026-06-24 05:59:55.189] [WorldPop] Spawned 2 new NPCs in 81 cells (total alive: 51)
[2026-06-24 05:59:55.206] [WorldPop] Player moved to grid (13,51) fast=False, spawnRadius=6, despawnRadius=10
[2026-06-24 05:59:55.206] [WorldPop] Cells to spawn: 103, already spawned: 34
[2026-06-24 05:59:55.206] [WorldPop] Removed 2 NPCs from 1 distant cells
[2026-06-24 05:59:55.236] [WorldPop] Player moved to grid (22,47) fast=False, spawnRadius=6, despawnRadius=10
[2026-06-24 05:59:55.237] [WorldPop] Cells to spawn: 81, already spawned: 33
[2026-06-24 05:59:55.237] [WorldPop] Spawned 2 new NPCs in 81 cells (total alive: 51)
[2026-06-24 05:59:55.273] [WorldPop] Player moved to grid (13,51) fast=False, spawnRadius=6, despawnRadius=10
[2026-06-24 05:59:55.274] [WorldPop] Cells to spawn: 103, already spawned: 34
[2026-06-24 05:59:55.274] [WorldPop] Removed 2 NPCs from 1 distant cells
[2026-06-24 05:59:55.328] [WorldPop] Player moved to grid (22,47) fast=False, spawnRadius=6, despawnRadius=10
[2026-06-24 05:59:55.329] [WorldPop] Cells to spawn: 81, already spawned: 33
[2026-06-24 05:59:55.329] [WorldPop] Spawned 2 new NPCs in 81 cells (total alive: 51)
[2026-06-24 05:59:55.346] [WorldPop] Player moved to grid (13,51) fast=False, spawnRadius=6, despawnRadius=10
[2026-06-24 05:59:55.346] [WorldPop] Cells to spawn: 103, already spawned: 34
[2026-06-24 05:59:55.346] [WorldPop] Removed 2 NPCs from 1 distant cells
[2026-06-24 05:59:55.411] [WorldPop] Player moved to grid (22,47) fast=False, spawnRadius=6, despawnRadius=10
[2026-06-24 05:59:55.411] [WorldPop] Cells to spawn: 81, already spawned: 33
[2026-06-24 05:59:55.412] [WorldPop] Spawned 2 new NPCs in 81 cells (total alive: 51)
[2026-06-24 05:59:55.429] [WorldPop] Player moved to grid (13,51) fast=False, spawnRadius=6, despawnRadius=10
[2026-06-24 05:59:55.430] [WorldPop] Cells to spawn: 103, already spawned: 34
[2026-06-24 05:59:55.430] [WorldPop] Removed 2 NPCs from 1 distant cells
[2026-06-24 05:59:55.501] [WorldPop] Player moved to grid (22,47) fast=False, spawnRadius=6, despawnRadius=10
[2026-06-24 05:59:55.501] [WorldPop] Cells to spawn: 81, already spawned: 33
[2026-06-24 05:59:55.501] [WorldPop] Spawned 2 new NPCs in 81 cells (total alive: 51)
[2026-06-24 05:59:55.523] [WorldPop] Player moved to grid (13,51) fast=False, spawnRadius=6, despawnRadius=10
[2026-06-24 05:59:55.523] [WorldPop] Cells to spawn: 103, already spawned: 34
[2026-06-24 05:59:55.523] [WorldPop] Removed 2 NPCs from 1 distant cells
[2026-06-24 05:59:55.548] [WorldPop] Player moved to grid (22,47) fast=False, spawnRadius=6, despawnRadius=10
[2026-06-24 05:59:55.548] [WorldPop] Cells to spawn: 81, already spawned: 33
[2026-06-24 05:59:55.549] [WorldPop] Spawned 2 new NPCs in 81 cells (total alive: 51)
[2026-06-24 05:59:55.601] [WorldPop] Player moved to grid (13,51) fast=False, spawnRadius=6, despawnRadius=10
[2026-06-24 05:59:55.602] [WorldPop] Cells to spawn: 103, already spawned: 34
[2026-06-24 05:59:55.602] [WorldPop] Removed 2 NPCs from 1 distant cells
[2026-06-24 05:59:55.657] [WorldPop] Player moved to grid (22,47) fast=False, spawnRadius=6, despawnRadius=10
[2026-06-24 05:59:55.657] [WorldPop] Cells to spawn: 81, already spawned: 33
[2026-06-24 05:59:55.658] [WorldPop] Spawned 2 new NPCs in 81 cells (total alive: 51)
[2026-06-24 05:59:55.679] [WorldPop] Player moved to grid (13,51) fast=False, spawnRadius=6, despawnRadius=10
[2026-06-24 05:59:55.679] [WorldPop] Cells to spawn: 103, already spawned: 34
[2026-06-24 05:59:55.679] [WorldPop] Removed 2 NPCs from 1 distant cells
[2026-06-24 05:59:55.710] [WorldPop] Player moved to grid (22,47) fast=False, spawnRadius=6, despawnRadius=10
[2026-06-24 05:59:55.710] [WorldPop] Cells to spawn: 81, already spawned: 33
[2026-06-24 05:59:55.710] [WorldPop] Spawned 2 new NPCs in 81 cells (total alive: 51)
[2026-06-24 05:59:55.760] [WorldPop] Player moved to grid (13,51) fast=False, spawnRadius=6, despawnRadius=10
[2026-06-24 05:59:55.760] [WorldPop] Cells to spawn: 103, already spawned: 34
[2026-06-24 05:59:55.761] [WorldPop] Removed 2 NPCs from 1 distant cells
[2026-06-24 05:59:55.811] [WorldPop] Player moved to grid (22,47) fast=False, spawnRadius=6, despawnRadius=10
[2026-06-24 05:59:55.812] [WorldPop] Cells to spawn: 81, already spawned: 33
[2026-06-24 05:59:55.812] [WorldPop] Spawned 2 new NPCs in 81 cells (total alive: 51)
[2026-06-24 05:59:55.835] [WorldPop] Player moved to grid (13,51) fast=False, spawnRadius=6, despawnRadius=10
[2026-06-24 05:59:55.835] [WorldPop] Cells to spawn: 103, already spawned: 34
[2026-06-24 05:59:55.835] [WorldPop] Removed 2 NPCs from 1 distant cells
[2026-06-24 05:59:55.865] [WorldPop] Player moved to grid (22,47) fast=False, spawnRadius=6, despawnRadius=10
[2026-06-24 05:59:55.865] [WorldPop] Cells to spawn: 81, already spawned: 33
[2026-06-24 05:59:55.866] [WorldPop] Spawned 2 new NPCs in 81 cells (total alive: 51)
[2026-06-24 05:59:55.918] [WorldPop] Player moved to grid (13,51) fast=False, spawnRadius=6, despawnRadius=10
[2026-06-24 05:59:55.918] [WorldPop] Cells to spawn: 103, already spawned: 34
[2026-06-24 05:59:55.918] [WorldPop] Removed 2 NPCs from 1 distant cells
[2026-06-24 05:59:55.965] [WorldPop] Player moved to grid (22,47) fast=False, spawnRadius=6, despawnRadius=10
[2026-06-24 05:59:55.966] [WorldPop] Cells to spawn: 81, already spawned: 33
[2026-06-24 05:59:55.966] [WorldPop] Spawned 2 new NPCs in 81 cells (total alive: 51)
[2026-06-24 05:59:55.987] [WorldPop] Player moved to grid (13,51) fast=False, spawnRadius=6, despawnRadius=10
[2026-06-24 05:59:55.987] [WorldPop] Cells to spawn: 103, already spawned: 34
[2026-06-24 05:59:55.988] [WorldPop] Removed 2 NPCs from 1 distant cells
[2026-06-24 05:59:56.038] [WorldPop] Player moved to grid (22,47) fast=False, spawnRadius=6, despawnRadius=10
[2026-06-24 05:59:56.038] [WorldPop] Cells to spawn: 81, already spawned: 33
[2026-06-24 05:59:56.038] [WorldPop] Spawned 2 new NPCs in 81 cells (total alive: 51)
[2026-06-24 05:59:56.073] [WorldPop] Player moved to grid (13,51) fast=False, spawnRadius=6, despawnRadius=10
[2026-06-24 05:59:56.073] [WorldPop] Cells to spawn: 103, already spawned: 34
[2026-06-24 05:59:56.074] [WorldPop] Removed 2 NPCs from 1 distant cells
[2026-06-24 05:59:56.138] [WorldPop] Player moved to grid (22,47) fast=False, spawnRadius=6, despawnRadius=10
[2026-06-24 05:59:56.138] [WorldPop] Cells to spawn: 81, already spawned: 33
[2026-06-24 05:59:56.139] [WorldPop] Spawned 2 new NPCs in 81 cells (total alive: 51)
[2026-06-24 05:59:56.156] [WorldPop] Player moved to grid (12,51) fast=False, spawnRadius=6, despawnRadius=10
[2026-06-24 05:59:56.157] [WorldPop] Cells to spawn: 108, already spawned: 34
[2026-06-24 05:59:56.158] [WorldPop] Removed 4 NPCs from 2 distant cells
[2026-06-24 05:59:56.184] [WorldPop] Player moved to grid (22,47) fast=False, spawnRadius=6, despawnRadius=10
[2026-06-24 05:59:56.184] [WorldPop] Cells to spawn: 82, already spawned: 32
[2026-06-24 05:59:56.185] [WorldPop] Spawned 4 new NPCs in 82 cells (total alive: 51)
[2026-06-24 05:59:56.239] [WorldPop] Player moved to grid (12,51) fast=False, spawnRadius=6, despawnRadius=10
[2026-06-24 05:59:56.239] [WorldPop] Cells to spawn: 108, already spawned: 34
[2026-06-24 05:59:56.240] [WorldPop] Removed 4 NPCs from 2 distant cells
[2026-06-24 05:59:56.292] [WorldPop] Player moved to grid (22,47) fast=False, spawnRadius=6, despawnRadius=10
[2026-06-24 05:59:56.293] [WorldPop] Cells to spawn: 82, already spawned: 32
[2026-06-24 05:59:56.293] [WorldPop] Spawned 4 new NPCs in 82 cells (total alive: 51)
[2026-06-24 05:59:56.311] [WorldPop] Player moved to grid (12,51) fast=False, spawnRadius=6, despawnRadius=10
[2026-06-24 05:59:56.311] [WorldPop] Cells to spawn: 108, already spawned: 34
[2026-06-24 05:59:56.312] [WorldPop] Removed 4 NPCs from 2 distant cells
[2026-06-24 05:59:56.352] [WorldPop] Player moved to grid (22,47) fast=False, spawnRadius=6, despawnRadius=10
[2026-06-24 05:59:56.353] [WorldPop] Cells to spawn: 82, already spawned: 32
[2026-06-24 05:59:56.353] [WorldPop] Spawned 4 new NPCs in 82 cells (total alive: 51)
[2026-06-24 05:59:56.385] [WorldPop] Player moved to grid (12,51) fast=False, spawnRadius=6, despawnRadius=10
[2026-06-24 05:59:56.386] [WorldPop] Cells to spawn: 108, already spawned: 34
[2026-06-24 05:59:56.387] [WorldPop] Removed 4 NPCs from 2 distant cells
[2026-06-24 05:59:56.462] [WorldPop] Player moved to grid (22,47) fast=False, spawnRadius=6, despawnRadius=10
[2026-06-24 05:59:56.462] [WorldPop] Cells to spawn: 82, already spawned: 32
[2026-06-24 05:59:56.463] [WorldPop] Spawned 4 new NPCs in 82 cells (total alive: 51)
[2026-06-24 05:59:56.484] [WorldPop] Player moved to grid (12,51) fast=False, spawnRadius=6, despawnRadius=10
[2026-06-24 05:59:56.484] [WorldPop] Cells to spawn: 108, already spawned: 34
[2026-06-24 05:59:56.485] [WorldPop] Removed 4 NPCs from 2 distant cells
[2026-06-24 05:59:56.525] [WorldPop] Player moved to grid (22,47) fast=False, spawnRadius=6, despawnRadius=10
[2026-06-24 05:59:56.525] [WorldPop] Cells to spawn: 82, already spawned: 32
[2026-06-24 05:59:56.526] [WorldPop] Spawned 4 new NPCs in 82 cells (total alive: 51)
[2026-06-24 05:59:56.560] [WorldPop] Player moved to grid (12,51) fast=False, spawnRadius=6, despawnRadius=10
[2026-06-24 05:59:56.560] [WorldPop] Cells to spawn: 108, already spawned: 34
[2026-06-24 05:59:56.561] [WorldPop] Removed 4 NPCs from 2 distant cells
[2026-06-24 05:59:56.604] [WorldPop] Player moved to grid (22,47) fast=False, spawnRadius=6, despawnRadius=10
[2026-06-24 05:59:56.604] [WorldPop] Cells to spawn: 82, already spawned: 32
[2026-06-24 05:59:56.605] [WorldPop] Spawned 4 new NPCs in 82 cells (total alive: 51)
[2026-06-24 05:59:56.626] [WorldPop] Player moved to grid (12,51) fast=False, spawnRadius=6, despawnRadius=10
[2026-06-24 05:59:56.626] [WorldPop] Cells to spawn: 108, already spawned: 34
[2026-06-24 05:59:56.626] [WorldPop] Removed 4 NPCs from 2 distant cells
[2026-06-24 05:59:56.675] [WorldPop] Player moved to grid (22,47) fast=False, spawnRadius=6, despawnRadius=10
[2026-06-24 05:59:56.675] [WorldPop] Cells to spawn: 82, already spawned: 32
[2026-06-24 05:59:56.676] [WorldPop] Spawned 4 new NPCs in 82 cells (total alive: 51)
[2026-06-24 05:59:56.708] [WorldPop] Player moved to grid (12,51) fast=False, spawnRadius=6, despawnRadius=10
[2026-06-24 05:59:56.708] [WorldPop] Cells to spawn: 108, already spawned: 34
[2026-06-24 05:59:56.708] [WorldPop] Removed 4 NPCs from 2 distant cells
[2026-06-24 05:59:56.777] [WorldPop] Player moved to grid (22,47) fast=False, spawnRadius=6, despawnRadius=10
[2026-06-24 05:59:56.777] [WorldPop] Cells to spawn: 82, already spawned: 32
[2026-06-24 05:59:56.778] [WorldPop] Spawned 4 new NPCs in 82 cells (total alive: 51)
[2026-06-24 05:59:56.809] [WorldPop] Player moved to grid (12,51) fast=False, spawnRadius=6, despawnRadius=10
[2026-06-24 05:59:56.809] [WorldPop] Cells to spawn: 108, already spawned: 34
[2026-06-24 05:59:56.809] [WorldPop] Removed 4 NPCs from 2 distant cells
[2026-06-24 05:59:56.846] [WorldPop] Player moved to grid (22,47) fast=False, spawnRadius=6, despawnRadius=10
[2026-06-24 05:59:56.846] [WorldPop] Cells to spawn: 82, already spawned: 32
[2026-06-24 05:59:56.847] [WorldPop] Spawned 4 new NPCs in 82 cells (total alive: 51)
[2026-06-24 05:59:56.891] [WorldPop] Player moved to grid (12,51) fast=False, spawnRadius=6, despawnRadius=10
[2026-06-24 05:59:56.891] [WorldPop] Cells to spawn: 108, already spawned: 34
[2026-06-24 05:59:56.892] [WorldPop] Removed 4 NPCs from 2 distant cells
[2026-06-24 05:59:56.949] [WorldPop] Player moved to grid (22,47) fast=False, spawnRadius=6, despawnRadius=10
[2026-06-24 05:59:56.949] [WorldPop] Cells to spawn: 82, already spawned: 32
[2026-06-24 05:59:56.950] [WorldPop] Spawned 4 new NPCs in 82 cells (total alive: 51)
[2026-06-24 05:59:56.972] [WorldPop] Player moved to grid (12,51) fast=False, spawnRadius=6, despawnRadius=10
[2026-06-24 05:59:56.972] [WorldPop] Cells to spawn: 108, already spawned: 34
[2026-06-24 05:59:56.972] [WorldPop] Removed 4 NPCs from 2 distant cells
[2026-06-24 05:59:56.994] [WorldPop] Player moved to grid (22,47) fast=False, spawnRadius=6, despawnRadius=10
[2026-06-24 05:59:56.994] [WorldPop] Cells to spawn: 82, already spawned: 32
[2026-06-24 05:59:56.995] [WorldPop] Spawned 4 new NPCs in 82 cells (total alive: 51)
[2026-06-24 05:59:57.029] [WorldPop] Player moved to grid (12,51) fast=False, spawnRadius=6, despawnRadius=10
[2026-06-24 05:59:57.029] [WorldPop] Cells to spawn: 108, already spawned: 34
[2026-06-24 05:59:57.030] [WorldPop] Removed 4 NPCs from 2 distant cells
[2026-06-24 05:59:57.090] [WorldPop] Player moved to grid (22,47) fast=False, spawnRadius=6, despawnRadius=10
[2026-06-24 05:59:57.090] [WorldPop] Cells to spawn: 82, already spawned: 32
[2026-06-24 05:59:57.091] [WorldPop] Spawned 4 new NPCs in 82 cells (total alive: 51)
[2026-06-24 05:59:57.119] [WorldPop] Player moved to grid (12,51) fast=False, spawnRadius=6, despawnRadius=10
[2026-06-24 05:59:57.119] [WorldPop] Cells to spawn: 108, already spawned: 34
[2026-06-24 05:59:57.120] [WorldPop] Removed 4 NPCs from 2 distant cells
[2026-06-24 05:59:57.157] [WorldPop] Player moved to grid (22,47) fast=False, spawnRadius=6, despawnRadius=10
[2026-06-24 05:59:57.157] [WorldPop] Cells to spawn: 82, already spawned: 32
[2026-06-24 05:59:57.158] [WorldPop] Spawned 4 new NPCs in 82 cells (total alive: 51)
[2026-06-24 05:59:57.206] [WorldPop] Player moved to grid (12,51) fast=False, spawnRadius=6, despawnRadius=10
[2026-06-24 05:59:57.206] [WorldPop] Cells to spawn: 108, already spawned: 34
[2026-06-24 05:59:57.206] [WorldPop] Removed 4 NPCs from 2 distant cells
[2026-06-24 05:59:57.260] [WorldPop] Player moved to grid (22,47) fast=False, spawnRadius=6, despawnRadius=10
[2026-06-24 05:59:57.261] [WorldPop] Cells to spawn: 82, already spawned: 32
[2026-06-24 05:59:57.262] [WorldPop] Spawned 4 new NPCs in 82 cells (total alive: 51)
[2026-06-24 05:59:57.283] [WorldPop] Player moved to grid (12,51) fast=False, spawnRadius=6, despawnRadius=10
[2026-06-24 05:59:57.284] [WorldPop] Cells to spawn: 108, already spawned: 34
[2026-06-24 05:59:57.284] [WorldPop] Removed 4 NPCs from 2 distant cells
[2026-06-24 05:59:57.322] [WorldPop] Player moved to grid (22,47) fast=False, spawnRadius=6, despawnRadius=10
[2026-06-24 05:59:57.323] [WorldPop] Cells to spawn: 82, already spawned: 32
[2026-06-24 05:59:57.323] [WorldPop] Spawned 4 new NPCs in 82 cells (total alive: 51)
[2026-06-24 05:59:57.362] [WorldPop] Player moved to grid (12,51) fast=False, spawnRadius=6, despawnRadius=10
[2026-06-24 05:59:57.362] [WorldPop] Cells to spawn: 108, already spawned: 34
[2026-06-24 05:59:57.362] [WorldPop] Removed 4 NPCs from 2 distant cells
[2026-06-24 05:59:57.416] [WorldPop] Player moved to grid (22,47) fast=False, spawnRadius=6, despawnRadius=10
[2026-06-24 05:59:57.416] [WorldPop] Cells to spawn: 82, already spawned: 32
[2026-06-24 05:59:57.417] [WorldPop] Spawned 4 new NPCs in 82 cells (total alive: 51)
[2026-06-24 05:59:57.439] [WorldPop] Player moved to grid (12,51) fast=False, spawnRadius=6, despawnRadius=10
[2026-06-24 05:59:57.440] [WorldPop] Cells to spawn: 108, already spawned: 34
[2026-06-24 05:59:57.440] [WorldPop] Removed 4 NPCs from 2 distant cells
[2026-06-24 05:59:57.469] [WorldPop] Player moved to grid (22,47) fast=False, spawnRadius=6, despawnRadius=10
[2026-06-24 05:59:57.470] [WorldPop] Cells to spawn: 82, already spawned: 32
[2026-06-24 05:59:57.471] [WorldPop] Spawned 4 new NPCs in 82 cells (total alive: 51)
[2026-06-24 05:59:57.520] [WorldPop] Player moved to grid (12,51) fast=False, spawnRadius=6, despawnRadius=10
[2026-06-24 05:59:57.520] [WorldPop] Cells to spawn: 108, already spawned: 34
[2026-06-24 05:59:57.520] [WorldPop] Removed 4 NPCs from 2 distant cells
[2026-06-24 05:59:57.571] [WorldPop] Player moved to grid (22,47) fast=False, spawnRadius=6, despawnRadius=10
[2026-06-24 05:59:57.571] [WorldPop] Cells to spawn: 82, already spawned: 32
[2026-06-24 05:59:57.572] [WorldPop] Spawned 4 new NPCs in 82 cells (total alive: 51)
[2026-06-24 05:59:57.602] [WorldPop] Player moved to grid (12,51) fast=False, spawnRadius=6, despawnRadius=10
[2026-06-24 05:59:57.603] [WorldPop] Cells to spawn: 108, already spawned: 34
[2026-06-24 05:59:57.603] [WorldPop] Removed 4 NPCs from 2 distant cells
[2026-06-24 05:59:57.634] [WorldPop] Player moved to grid (22,47) fast=False, spawnRadius=6, despawnRadius=10
[2026-06-24 05:59:57.634] [WorldPop] Cells to spawn: 82, already spawned: 32
[2026-06-24 05:59:57.636] [WorldPop] Spawned 4 new NPCs in 82 cells (total alive: 51)
[2026-06-24 05:59:57.674] [WorldPop] Player moved to grid (12,51) fast=False, spawnRadius=6, despawnRadius=10
[2026-06-24 05:59:57.675] [WorldPop] Cells to spawn: 108, already spawned: 34
[2026-06-24 05:59:57.675] [WorldPop] Removed 4 NPCs from 2 distant cells
[2026-06-24 05:59:57.724] [WorldPop] Player moved to grid (22,47) fast=False, spawnRadius=6, despawnRadius=10
[2026-06-24 05:59:57.724] [WorldPop] Cells to spawn: 82, already spawned: 32
[2026-06-24 05:59:57.725] [WorldPop] Spawned 4 new NPCs in 82 cells (total alive: 51)
[2026-06-24 05:59:57.754] [WorldPop] Player moved to grid (12,51) fast=False, spawnRadius=6, despawnRadius=10
[2026-06-24 05:59:57.755] [WorldPop] Cells to spawn: 108, already spawned: 34
[2026-06-24 05:59:57.755] [WorldPop] Removed 4 NPCs from 2 distant cells
[2026-06-24 05:59:57.790] [WorldPop] Player moved to grid (22,47) fast=False, spawnRadius=6, despawnRadius=10
[2026-06-24 05:59:57.790] [WorldPop] Cells to spawn: 82, already spawned: 32
[2026-06-24 05:59:57.791] [WorldPop] Spawned 4 new NPCs in 82 cells (total alive: 51)
[2026-06-24 05:59:57.844] [WorldPop] Player moved to grid (12,51) fast=False, spawnRadius=6, despawnRadius=10
[2026-06-24 05:59:57.844] [WorldPop] Cells to spawn: 108, already spawned: 34
[2026-06-24 05:59:57.844] [WorldPop] Removed 4 NPCs from 2 distant cells
[2026-06-24 05:59:57.894] [WorldPop] Player moved to grid (22,47) fast=False, spawnRadius=6, despawnRadius=10
[2026-06-24 05:59:57.894] [WorldPop] Cells to spawn: 82, already spawned: 32
[2026-06-24 05:59:57.895] [WorldPop] Spawned 4 new NPCs in 82 cells (total alive: 51)
[2026-06-24 05:59:57.916] [WorldPop] Player moved to grid (12,51) fast=False, spawnRadius=6, despawnRadius=10
[2026-06-24 05:59:57.917] [WorldPop] Cells to spawn: 108, already spawned: 34
[2026-06-24 05:59:57.917] [WorldPop] Removed 4 NPCs from 2 distant cells
[2026-06-24 05:59:57.948] [WorldPop] Player moved to grid (22,47) fast=False, spawnRadius=6, despawnRadius=10
[2026-06-24 05:59:57.948] [WorldPop] Cells to spawn: 82, already spawned: 32
[2026-06-24 05:59:57.949] [WorldPop] Spawned 4 new NPCs in 82 cells (total alive: 51)
[2026-06-24 05:59:58.004] [WorldPop] Player moved to grid (12,51) fast=False, spawnRadius=6, despawnRadius=10
[2026-06-24 05:59:58.004] [WorldPop] Cells to spawn: 108, already spawned: 34
[2026-06-24 05:59:58.004] [WorldPop] Removed 4 NPCs from 2 distant cells
[2026-06-24 05:59:58.063] [WorldPop] Player moved to grid (22,47) fast=False, spawnRadius=6, despawnRadius=10
[2026-06-24 05:59:58.063] [WorldPop] Cells to spawn: 82, already spawned: 32
[2026-06-24 05:59:58.064] [WorldPop] Spawned 4 new NPCs in 82 cells (total alive: 51)
[2026-06-24 05:59:58.084] [WorldPop] Player moved to grid (12,51) fast=False, spawnRadius=6, despawnRadius=10
[2026-06-24 05:59:58.085] [WorldPop] Cells to spawn: 108, already spawned: 34
[2026-06-24 05:59:58.085] [WorldPop] Removed 4 NPCs from 2 distant cells
[2026-06-24 05:59:58.112] [WorldPop] Player moved to grid (22,47) fast=False, spawnRadius=6, despawnRadius=10
[2026-06-24 05:59:58.112] [WorldPop] Cells to spawn: 82, already spawned: 32
[2026-06-24 05:59:58.113] [WorldPop] Spawned 4 new NPCs in 82 cells (total alive: 51)
[2026-06-24 05:59:58.151] [WorldPop] Player moved to grid (12,51) fast=False, spawnRadius=6, despawnRadius=10
[2026-06-24 05:59:58.151] [WorldPop] Cells to spawn: 108, already spawned: 34
[2026-06-24 05:59:58.152] [WorldPop] Removed 4 NPCs from 2 distant cells
[2026-06-24 05:59:58.208] [WorldPop] Player moved to grid (22,47) fast=False, spawnRadius=6, despawnRadius=10
[2026-06-24 05:59:58.208] [WorldPop] Cells to spawn: 82, already spawned: 32
[2026-06-24 05:59:58.209] [WorldPop] Spawned 4 new NPCs in 82 cells (total alive: 51)
[2026-06-24 05:59:58.242] [WorldPop] Player moved to grid (12,51) fast=False, spawnRadius=6, despawnRadius=10
[2026-06-24 05:59:58.242] [WorldPop] Cells to spawn: 108, already spawned: 34
[2026-06-24 05:59:58.242] [WorldPop] Removed 4 NPCs from 2 distant cells
[2026-06-24 05:59:58.277] [WorldPop] Player moved to grid (22,47) fast=False, spawnRadius=6, despawnRadius=10
[2026-06-24 05:59:58.277] [WorldPop] Cells to spawn: 82, already spawned: 32
[2026-06-24 05:59:58.278] [WorldPop] Spawned 4 new NPCs in 82 cells (total alive: 51)
[2026-06-24 05:59:58.316] [WorldPop] Player moved to grid (12,51) fast=False, spawnRadius=6, despawnRadius=10
[2026-06-24 05:59:58.316] [WorldPop] Cells to spawn: 108, already spawned: 34
[2026-06-24 05:59:58.316] [WorldPop] Removed 4 NPCs from 2 distant cells
[2026-06-24 05:59:58.381] [WorldPop] Player moved to grid (22,47) fast=False, spawnRadius=6, despawnRadius=10
[2026-06-24 05:59:58.381] [WorldPop] Cells to spawn: 82, already spawned: 32
[2026-06-24 05:59:58.382] [WorldPop] Spawned 4 new NPCs in 82 cells (total alive: 51)
[2026-06-24 05:59:58.403] [WorldPop] Player moved to grid (12,51) fast=False, spawnRadius=6, despawnRadius=10
[2026-06-24 05:59:58.404] [WorldPop] Cells to spawn: 108, already spawned: 34
[2026-06-24 05:59:58.404] [WorldPop] Removed 4 NPCs from 2 distant cells
[2026-06-24 05:59:58.426] [WorldPop] Player moved to grid (22,47) fast=False, spawnRadius=6, despawnRadius=10
[2026-06-24 05:59:58.426] [WorldPop] Cells to spawn: 82, already spawned: 32
[2026-06-24 05:59:58.427] [WorldPop] Spawned 4 new NPCs in 82 cells (total alive: 51)
[2026-06-24 05:59:58.477] [WorldPop] Player moved to grid (12,51) fast=False, spawnRadius=6, despawnRadius=10
[2026-06-24 05:59:58.477] [WorldPop] Cells to spawn: 108, already spawned: 34
[2026-06-24 05:59:58.478] [WorldPop] Removed 4 NPCs from 2 distant cells
[2026-06-24 05:59:58.522] [WorldPop] Player moved to grid (22,47) fast=False, spawnRadius=6, despawnRadius=10
[2026-06-24 05:59:58.522] [WorldPop] Cells to spawn: 82, already spawned: 32
[2026-06-24 05:59:58.523] [WorldPop] Spawned 4 new NPCs in 82 cells (total alive: 51)
[2026-06-24 05:59:58.546] [WorldPop] Player moved to grid (11,51) fast=False, spawnRadius=6, despawnRadius=10
[2026-06-24 05:59:58.547] [WorldPop] Cells to spawn: 113, already spawned: 34
[2026-06-24 05:59:58.547] [WorldPop] Removed 5 NPCs from 3 distant cells
[2026-06-24 05:59:58.597] [WorldPop] Player moved to grid (22,47) fast=False, spawnRadius=6, despawnRadius=10
[2026-06-24 05:59:58.597] [WorldPop] Cells to spawn: 83, already spawned: 31
[2026-06-24 05:59:58.598] [WorldPop] Spawned 5 new NPCs in 83 cells (total alive: 51)
[2026-06-24 05:59:58.631] [WorldPop] Player moved to grid (11,51) fast=False, spawnRadius=6, despawnRadius=10
[2026-06-24 05:59:58.632] [WorldPop] Cells to spawn: 113, already spawned: 34
[2026-06-24 05:59:58.632] [WorldPop] Removed 5 NPCs from 3 distant cells
[2026-06-24 05:59:58.677] [WorldPop] Player moved to grid (22,47) fast=False, spawnRadius=6, despawnRadius=10
[2026-06-24 05:59:58.678] [WorldPop] Cells to spawn: 83, already spawned: 31
[2026-06-24 05:59:58.679] [WorldPop] Spawned 5 new NPCs in 83 cells (total alive: 51)
[2026-06-24 05:59:58.720] [WorldPop] Player moved to grid (11,51) fast=False, spawnRadius=6, despawnRadius=10
[2026-06-24 05:59:58.720] [WorldPop] Cells to spawn: 113, already spawned: 34
[2026-06-24 05:59:58.721] [WorldPop] Removed 5 NPCs from 3 distant cells
[2026-06-24 05:59:58.753] [WorldPop] Player moved to grid (22,47) fast=False, spawnRadius=6, despawnRadius=10
[2026-06-24 05:59:58.754] [WorldPop] Cells to spawn: 83, already spawned: 31
[2026-06-24 05:59:58.754] [WorldPop] Spawned 5 new NPCs in 83 cells (total alive: 51)
[2026-06-24 05:59:58.790] [WorldPop] Player moved to grid (11,51) fast=False, spawnRadius=6, despawnRadius=10
[2026-06-24 05:59:58.791] [WorldPop] Cells to spawn: 113, already spawned: 34
[2026-06-24 05:59:58.791] [WorldPop] Removed 5 NPCs from 3 distant cells
[2026-06-24 05:59:58.863] [WorldPop] Player moved to grid (22,47) fast=False, spawnRadius=6, despawnRadius=10
[2026-06-24 05:59:58.863] [WorldPop] Cells to spawn: 83, already spawned: 31
[2026-06-24 05:59:58.864] [WorldPop] Spawned 5 new NPCs in 83 cells (total alive: 51)
[2026-06-24 05:59:58.885] [WorldPop] Player moved to grid (11,51) fast=False, spawnRadius=6, despawnRadius=10
[2026-06-24 05:59:58.885] [WorldPop] Cells to spawn: 113, already spawned: 34
[2026-06-24 05:59:58.886] [WorldPop] Removed 5 NPCs from 3 distant cells
[2026-06-24 05:59:58.907] [WorldPop] Player moved to grid (22,47) fast=False, spawnRadius=6, despawnRadius=10
[2026-06-24 05:59:58.907] [WorldPop] Cells to spawn: 83, already spawned: 31
[2026-06-24 05:59:58.908] [WorldPop] Spawned 5 new NPCs in 83 cells (total alive: 51)
[2026-06-24 05:59:58.959] [WorldPop] Player moved to grid (11,51) fast=False, spawnRadius=6, despawnRadius=10
[2026-06-24 05:59:58.960] [WorldPop] Cells to spawn: 113, already spawned: 34
[2026-06-24 05:59:58.960] [WorldPop] Removed 5 NPCs from 3 distant cells
[2026-06-24 05:59:59.017] [WorldPop] Player moved to grid (22,47) fast=False, spawnRadius=6, despawnRadius=10
[2026-06-24 05:59:59.018] [WorldPop] Cells to spawn: 83, already spawned: 31
[2026-06-24 05:59:59.018] [WorldPop] Spawned 5 new NPCs in 83 cells (total alive: 51)
[2026-06-24 05:59:59.039] [WorldPop] Player moved to grid (11,51) fast=False, spawnRadius=6, despawnRadius=10
[2026-06-24 05:59:59.039] [WorldPop] Cells to spawn: 113, already spawned: 34
[2026-06-24 05:59:59.040] [WorldPop] Removed 5 NPCs from 3 distant cells
[2026-06-24 05:59:59.078] [WorldPop] Player moved to grid (22,47) fast=False, spawnRadius=6, despawnRadius=10
[2026-06-24 05:59:59.078] [WorldPop] Cells to spawn: 83, already spawned: 31
[2026-06-24 05:59:59.081] [WorldPop] Spawned 5 new NPCs in 83 cells (total alive: 51)
[2026-06-24 05:59:59.114] [WorldPop] Player moved to grid (11,51) fast=False, spawnRadius=6, despawnRadius=10
[2026-06-24 05:59:59.114] [WorldPop] Cells to spawn: 113, already spawned: 34
[2026-06-24 05:59:59.115] [WorldPop] Removed 5 NPCs from 3 distant cells
[2026-06-24 05:59:59.174] [WorldPop] Player moved to grid (22,47) fast=False, spawnRadius=6, despawnRadius=10
[2026-06-24 05:59:59.175] [WorldPop] Cells to spawn: 83, already spawned: 31
[2026-06-24 05:59:59.176] [WorldPop] Spawned 5 new NPCs in 83 cells (total alive: 51)
[2026-06-24 05:59:59.198] [WorldPop] Player moved to grid (11,51) fast=False, spawnRadius=6, despawnRadius=10
[2026-06-24 05:59:59.198] [WorldPop] Cells to spawn: 113, already spawned: 34
[2026-06-24 05:59:59.198] [WorldPop] Removed 5 NPCs from 3 distant cells
[2026-06-24 05:59:59.236] [WorldPop] Player moved to grid (22,47) fast=False, spawnRadius=6, despawnRadius=10
[2026-06-24 05:59:59.236] [WorldPop] Cells to spawn: 83, already spawned: 31
[2026-06-24 05:59:59.237] [WorldPop] Spawned 5 new NPCs in 83 cells (total alive: 51)
[2026-06-24 05:59:59.268] [WorldPop] Player moved to grid (11,51) fast=False, spawnRadius=6, despawnRadius=10
[2026-06-24 05:59:59.268] [WorldPop] Cells to spawn: 113, already spawned: 34
[2026-06-24 05:59:59.268] [WorldPop] Removed 5 NPCs from 3 distant cells
[2026-06-24 05:59:59.341] [WorldPop] Player moved to grid (22,47) fast=False, spawnRadius=6, despawnRadius=10
[2026-06-24 05:59:59.341] [WorldPop] Cells to spawn: 83, already spawned: 31
[2026-06-24 05:59:59.342] [WorldPop] Spawned 5 new NPCs in 83 cells (total alive: 51)
[2026-06-24 05:59:59.362] [WorldPop] Player moved to grid (11,51) fast=False, spawnRadius=6, despawnRadius=10
[2026-06-24 05:59:59.362] [WorldPop] Cells to spawn: 113, already spawned: 34
[2026-06-24 05:59:59.363] [WorldPop] Removed 5 NPCs from 3 distant cells
[2026-06-24 05:59:59.402] [WorldPop] Player moved to grid (22,47) fast=False, spawnRadius=6, despawnRadius=10
[2026-06-24 05:59:59.403] [WorldPop] Cells to spawn: 83, already spawned: 31
[2026-06-24 05:59:59.404] [WorldPop] Spawned 5 new NPCs in 83 cells (total alive: 51)
[2026-06-24 05:59:59.434] [WorldPop] Player moved to grid (11,51) fast=False, spawnRadius=6, despawnRadius=10
[2026-06-24 05:59:59.434] [WorldPop] Cells to spawn: 113, already spawned: 34
[2026-06-24 05:59:59.434] [WorldPop] Removed 5 NPCs from 3 distant cells
[2026-06-24 05:59:59.497] [WorldPop] Player moved to grid (22,47) fast=False, spawnRadius=6, despawnRadius=10
[2026-06-24 05:59:59.497] [WorldPop] Cells to spawn: 83, already spawned: 31
[2026-06-24 05:59:59.498] [WorldPop] Spawned 5 new NPCs in 83 cells (total alive: 51)
[2026-06-24 05:59:59.518] [WorldPop] Player moved to grid (11,51) fast=False, spawnRadius=6, despawnRadius=10
[2026-06-24 05:59:59.518] [WorldPop] Cells to spawn: 113, already spawned: 34
[2026-06-24 05:59:59.519] [WorldPop] Removed 5 NPCs from 3 distant cells
[2026-06-24 05:59:59.570] [WorldPop] Player moved to grid (22,47) fast=False, spawnRadius=6, despawnRadius=10
[2026-06-24 05:59:59.570] [WorldPop] Cells to spawn: 83, already spawned: 31
[2026-06-24 05:59:59.571] [WorldPop] Spawned 5 new NPCs in 83 cells (total alive: 51)
[2026-06-24 05:59:59.615] [WorldPop] Player moved to grid (11,51) fast=False, spawnRadius=6, despawnRadius=10
[2026-06-24 05:59:59.616] [WorldPop] Cells to spawn: 113, already spawned: 34
[2026-06-24 05:59:59.616] [WorldPop] Removed 5 NPCs from 3 distant cells
[2026-06-24 05:59:59.666] [WorldPop] Player moved to grid (22,47) fast=False, spawnRadius=6, despawnRadius=10
[2026-06-24 05:59:59.666] [WorldPop] Cells to spawn: 83, already spawned: 31
[2026-06-24 05:59:59.667] [WorldPop] Spawned 5 new NPCs in 83 cells (total alive: 51)
[2026-06-24 05:59:59.686] [WorldPop] Player moved to grid (11,51) fast=False, spawnRadius=6, despawnRadius=10
[2026-06-24 05:59:59.686] [WorldPop] Cells to spawn: 113, already spawned: 34
[2026-06-24 05:59:59.687] [WorldPop] Removed 5 NPCs from 3 distant cells
[2026-06-24 05:59:59.709] [WorldPop] Player moved to grid (22,47) fast=False, spawnRadius=6, despawnRadius=10
[2026-06-24 05:59:59.710] [WorldPop] Cells to spawn: 83, already spawned: 31
[2026-06-24 05:59:59.711] [WorldPop] Spawned 5 new NPCs in 83 cells (total alive: 51)
[2026-06-24 05:59:59.759] [WorldPop] Player moved to grid (11,51) fast=False, spawnRadius=6, despawnRadius=10
[2026-06-24 05:59:59.760] [WorldPop] Cells to spawn: 113, already spawned: 34
[2026-06-24 05:59:59.760] [WorldPop] Removed 5 NPCs from 3 distant cells
[2026-06-24 05:59:59.808] [WorldPop] Player moved to grid (22,47) fast=False, spawnRadius=6, despawnRadius=10
[2026-06-24 05:59:59.808] [WorldPop] Cells to spawn: 83, already spawned: 31
[2026-06-24 05:59:59.811] [WorldPop] Spawned 5 new NPCs in 83 cells (total alive: 51)
[2026-06-24 05:59:59.845] [WorldPop] Player moved to grid (11,51) fast=False, spawnRadius=6, despawnRadius=10
[2026-06-24 05:59:59.845] [WorldPop] Cells to spawn: 113, already spawned: 34
[2026-06-24 05:59:59.846] [WorldPop] Removed 5 NPCs from 3 distant cells
[2026-06-24 05:59:59.880] [WorldPop] Player moved to grid (22,47) fast=False, spawnRadius=6, despawnRadius=10
[2026-06-24 05:59:59.880] [WorldPop] Cells to spawn: 83, already spawned: 31
[2026-06-24 05:59:59.881] [WorldPop] Spawned 5 new NPCs in 83 cells (total alive: 51)
[2026-06-24 05:59:59.915] [WorldPop] Player moved to grid (11,51) fast=False, spawnRadius=6, despawnRadius=10
[2026-06-24 05:59:59.915] [WorldPop] Cells to spawn: 113, already spawned: 34
[2026-06-24 05:59:59.916] [WorldPop] Removed 5 NPCs from 3 distant cells
[2026-06-24 05:59:59.979] [WorldPop] Player moved to grid (22,47) fast=False, spawnRadius=6, despawnRadius=10
[2026-06-24 05:59:59.979] [WorldPop] Cells to spawn: 83, already spawned: 31
[2026-06-24 05:59:59.981] [WorldPop] Spawned 5 new NPCs in 83 cells (total alive: 51)
[2026-06-24 06:00:00.002] [WorldPop] Player moved to grid (11,51) fast=False, spawnRadius=6, despawnRadius=10
[2026-06-24 06:00:00.002] [WorldPop] Cells to spawn: 113, already spawned: 34
[2026-06-24 06:00:00.002] [WorldPop] Removed 5 NPCs from 3 distant cells
[2026-06-24 06:00:00.031] [WorldPop] Player moved to grid (22,47) fast=False, spawnRadius=6, despawnRadius=10
[2026-06-24 06:00:00.032] [WorldPop] Cells to spawn: 83, already spawned: 31
[2026-06-24 06:00:00.032] [WorldPop] Spawned 5 new NPCs in 83 cells (total alive: 51)
[2026-06-24 06:00:00.081] [WorldPop] Player moved to grid (11,51) fast=False, spawnRadius=6, despawnRadius=10
[2026-06-24 06:00:00.082] [WorldPop] Cells to spawn: 113, already spawned: 34
[2026-06-24 06:00:00.082] [WorldPop] Removed 5 NPCs from 3 distant cells
[2026-06-24 06:00:00.133] [WorldPop] Player moved to grid (22,47) fast=False, spawnRadius=6, despawnRadius=10
[2026-06-24 06:00:00.134] [WorldPop] Cells to spawn: 83, already spawned: 31
[2026-06-24 06:00:00.135] [WorldPop] Spawned 5 new NPCs in 83 cells (total alive: 51)
[2026-06-24 06:00:00.163] [WorldPop] Player moved to grid (11,51) fast=False, spawnRadius=6, despawnRadius=10
[2026-06-24 06:00:00.163] [WorldPop] Cells to spawn: 113, already spawned: 34
[2026-06-24 06:00:00.164] [WorldPop] Removed 5 NPCs from 3 distant cells
[2026-06-24 06:00:00.195] [WorldPop] Player moved to grid (22,47) fast=False, spawnRadius=6, despawnRadius=10
[2026-06-24 06:00:00.196] [WorldPop] Cells to spawn: 83, already spawned: 31
[2026-06-24 06:00:00.197] [WorldPop] Spawned 5 new NPCs in 83 cells (total alive: 51)
[2026-06-24 06:00:00.233] [WorldPop] Player moved to grid (11,51) fast=False, spawnRadius=6, despawnRadius=10
[2026-06-24 06:00:00.233] [WorldPop] Cells to spawn: 113, already spawned: 34
[2026-06-24 06:00:00.234] [WorldPop] Removed 5 NPCs from 3 distant cells
[2026-06-24 06:00:00.303] [WorldPop] Player moved to grid (22,47) fast=False, spawnRadius=6, despawnRadius=10
[2026-06-24 06:00:00.303] [WorldPop] Cells to spawn: 83, already spawned: 31
[2026-06-24 06:00:00.304] [WorldPop] Spawned 5 new NPCs in 83 cells (total alive: 51)
[2026-06-24 06:00:00.325] [WorldPop] Player moved to grid (11,51) fast=False, spawnRadius=6, despawnRadius=10
[2026-06-24 06:00:00.325] [WorldPop] Cells to spawn: 113, already spawned: 34
[2026-06-24 06:00:00.326] [WorldPop] Removed 5 NPCs from 3 distant cells
[2026-06-24 06:00:00.349] [WorldPop] Player moved to grid (22,47) fast=False, spawnRadius=6, despawnRadius=10
[2026-06-24 06:00:00.350] [WorldPop] Cells to spawn: 83, already spawned: 31
[2026-06-24 06:00:00.351] [WorldPop] Spawned 5 new NPCs in 83 cells (total alive: 51)
[2026-06-24 06:00:00.394] [WorldPop] Player moved to grid (11,51) fast=False, spawnRadius=6, despawnRadius=10
[2026-06-24 06:00:00.394] [WorldPop] Cells to spawn: 113, already spawned: 34
[2026-06-24 06:00:00.395] [WorldPop] Removed 5 NPCs from 3 distant cells
[2026-06-24 06:00:00.448] [WorldPop] Player moved to grid (22,47) fast=False, spawnRadius=6, despawnRadius=10
[2026-06-24 06:00:00.449] [WorldPop] Cells to spawn: 83, already spawned: 31
[2026-06-24 06:00:00.450] [WorldPop] Spawned 5 new NPCs in 83 cells (total alive: 51)
[2026-06-24 06:00:00.481] [WorldPop] Player moved to grid (11,51) fast=False, spawnRadius=6, despawnRadius=10
[2026-06-24 06:00:00.481] [WorldPop] Cells to spawn: 113, already spawned: 34
[2026-06-24 06:00:00.482] [WorldPop] Removed 5 NPCs from 3 distant cells
[2026-06-24 06:00:00.522] [WorldPop] Player moved to grid (22,47) fast=False, spawnRadius=6, despawnRadius=10
[2026-06-24 06:00:00.522] [WorldPop] Cells to spawn: 83, already spawned: 31
[2026-06-24 06:00:00.523] [WorldPop] Spawned 5 new NPCs in 83 cells (total alive: 51)
[2026-06-24 06:00:00.551] [WorldPop] Player moved to grid (11,51) fast=False, spawnRadius=6, despawnRadius=10
[2026-06-24 06:00:00.551] [WorldPop] Cells to spawn: 113, already spawned: 34
[2026-06-24 06:00:00.552] [WorldPop] Removed 5 NPCs from 3 distant cells
[2026-06-24 06:00:00.603] [WorldPop] Player moved to grid (22,47) fast=False, spawnRadius=6, despawnRadius=10
[2026-06-24 06:00:00.603] [WorldPop] Cells to spawn: 83, already spawned: 31
[2026-06-24 06:00:00.604] [WorldPop] Spawned 5 new NPCs in 83 cells (total alive: 51)
[2026-06-24 06:00:00.636] [WorldPop] Player moved to grid (11,51) fast=False, spawnRadius=6, despawnRadius=10
[2026-06-24 06:00:00.637] [WorldPop] Cells to spawn: 113, already spawned: 34
[2026-06-24 06:00:00.637] [WorldPop] Removed 5 NPCs from 3 distant cells
[2026-06-24 06:00:00.679] [WorldPop] Player moved to grid (22,47) fast=False, spawnRadius=6, despawnRadius=10
[2026-06-24 06:00:00.679] [WorldPop] Cells to spawn: 83, already spawned: 31
[2026-06-24 06:00:00.680] [WorldPop] Spawned 5 new NPCs in 83 cells (total alive: 51)
[2026-06-24 06:00:00.710] [WorldPop] Player moved to grid (11,51) fast=False, spawnRadius=6, despawnRadius=10
[2026-06-24 06:00:00.710] [WorldPop] Cells to spawn: 113, already spawned: 34
[2026-06-24 06:00:00.710] [WorldPop] Removed 5 NPCs from 3 distant cells
[2026-06-24 06:00:00.789] [WorldPop] Player moved to grid (22,47) fast=False, spawnRadius=6, despawnRadius=10
[2026-06-24 06:00:00.789] [WorldPop] Cells to spawn: 83, already spawned: 31
[2026-06-24 06:00:00.790] [WorldPop] Spawned 5 new NPCs in 83 cells (total alive: 51)
[2026-06-24 06:00:00.810] [WorldPop] Player moved to grid (10,51) fast=False, spawnRadius=6, despawnRadius=10
[2026-06-24 06:00:00.810] [WorldPop] Cells to spawn: 113, already spawned: 34
[2026-06-24 06:00:00.810] [WorldPop] Removed 17 NPCs from 12 distant cells
[2026-06-24 06:00:00.831] [WorldPop] Player moved to grid (22,47) fast=False, spawnRadius=6, despawnRadius=10
[2026-06-24 06:00:00.832] [WorldPop] Cells to spawn: 91, already spawned: 22
[2026-06-24 06:00:00.834] [WorldPop] Spawned 17 new NPCs in 91 cells (total alive: 51)
[2026-06-24 06:00:00.883] [WorldPop] Player moved to grid (10,51) fast=False, spawnRadius=6, despawnRadius=10
[2026-06-24 06:00:00.884] [WorldPop] Cells to spawn: 113, already spawned: 33
[2026-06-24 06:00:00.885] [WorldPop] Removed 17 NPCs from 11 distant cells
[2026-06-24 06:00:00.930] [WorldPop] Player moved to grid (22,47) fast=False, spawnRadius=6, despawnRadius=10
[2026-06-24 06:00:00.930] [WorldPop] Cells to spawn: 91, already spawned: 22
[2026-06-24 06:00:00.934] [WorldPop] Spawned 17 new NPCs in 91 cells (total alive: 51)
[2026-06-24 06:00:00.955] [WorldPop] Player moved to grid (10,51) fast=False, spawnRadius=6, despawnRadius=10
[2026-06-24 06:00:00.956] [WorldPop] Cells to spawn: 113, already spawned: 33
[2026-06-24 06:00:00.957] [WorldPop] Removed 17 NPCs from 11 distant cells
[2026-06-24 06:00:00.997] [WorldPop] Player moved to grid (22,47) fast=False, spawnRadius=6, despawnRadius=10
[2026-06-24 06:00:00.998] [WorldPop] Cells to spawn: 91, already spawned: 22
[2026-06-24 06:00:01.000] [WorldPop] Spawned 17 new NPCs in 91 cells (total alive: 51)
[2026-06-24 06:00:01.033] [WorldPop] Player moved to grid (10,51) fast=False, spawnRadius=6, despawnRadius=10
[2026-06-24 06:00:01.033] [WorldPop] Cells to spawn: 113, already spawned: 33
[2026-06-24 06:00:01.034] [WorldPop] Removed 17 NPCs from 11 distant cells
[2026-06-24 06:00:01.105] [WorldPop] Player moved to grid (22,47) fast=False, spawnRadius=6, despawnRadius=10
[2026-06-24 06:00:01.105] [WorldPop] Cells to spawn: 91, already spawned: 22
[2026-06-24 06:00:01.108] [WorldPop] Spawned 17 new NPCs in 91 cells (total alive: 51)
[2026-06-24 06:00:01.128] [WorldPop] Player moved to grid (10,51) fast=False, spawnRadius=6, despawnRadius=10
[2026-06-24 06:00:01.128] [WorldPop] Cells to spawn: 113, already spawned: 33
[2026-06-24 06:00:01.130] [WorldPop] Removed 17 NPCs from 11 distant cells
[2026-06-24 06:00:01.150] [WorldPop] Player moved to grid (22,47) fast=False, spawnRadius=6, despawnRadius=10
[2026-06-24 06:00:01.150] [WorldPop] Cells to spawn: 91, already spawned: 22
[2026-06-24 06:00:01.153] [WorldPop] Spawned 17 new NPCs in 91 cells (total alive: 51)
[2026-06-24 06:00:01.195] [WorldPop] Player moved to grid (10,51) fast=False, spawnRadius=6, despawnRadius=10
[2026-06-24 06:00:01.196] [WorldPop] Cells to spawn: 113, already spawned: 33
[2026-06-24 06:00:01.197] [WorldPop] Removed 17 NPCs from 11 distant cells
[2026-06-24 06:00:01.258] [WorldPop] Player moved to grid (22,47) fast=False, spawnRadius=6, despawnRadius=10
[2026-06-24 06:00:01.258] [WorldPop] Cells to spawn: 91, already spawned: 22
[2026-06-24 06:00:01.262] [WorldPop] Spawned 17 new NPCs in 91 cells (total alive: 51)
[2026-06-24 06:00:01.287] [WorldPop] Player moved to grid (10,51) fast=False, spawnRadius=6, despawnRadius=10
[2026-06-24 06:00:01.287] [WorldPop] Cells to spawn: 113, already spawned: 33
[2026-06-24 06:00:01.288] [WorldPop] Removed 17 NPCs from 11 distant cells
[2026-06-24 06:00:01.320] [WorldPop] Player moved to grid (22,47) fast=False, spawnRadius=6, despawnRadius=10
[2026-06-24 06:00:01.321] [WorldPop] Cells to spawn: 91, already spawned: 22
[2026-06-24 06:00:01.324] [WorldPop] Spawned 17 new NPCs in 91 cells (total alive: 51)
[2026-06-24 06:00:01.354] [WorldPop] Player moved to grid (10,51) fast=False, spawnRadius=6, despawnRadius=10
[2026-06-24 06:00:01.354] [WorldPop] Cells to spawn: 113, already spawned: 33
[2026-06-24 06:00:01.355] [WorldPop] Removed 17 NPCs from 11 distant cells
[2026-06-24 06:00:01.411] [WorldPop] Player moved to grid (22,47) fast=False, spawnRadius=6, despawnRadius=10
[2026-06-24 06:00:01.412] [WorldPop] Cells to spawn: 91, already spawned: 22
[2026-06-24 06:00:01.416] [WorldPop] Spawned 17 new NPCs in 91 cells (total alive: 51)
[2026-06-24 06:00:01.440] [WorldPop] Player moved to grid (10,51) fast=False, spawnRadius=6, despawnRadius=10
[2026-06-24 06:00:01.440] [WorldPop] Cells to spawn: 113, already spawned: 33
[2026-06-24 06:00:01.441] [WorldPop] Removed 17 NPCs from 11 distant cells
[2026-06-24 06:00:01.471] [WorldPop] Player moved to grid (22,47) fast=False, spawnRadius=6, despawnRadius=10
[2026-06-24 06:00:01.472] [WorldPop] Cells to spawn: 91, already spawned: 22
[2026-06-24 06:00:01.474] [WorldPop] Spawned 17 new NPCs in 91 cells (total alive: 51)
[2026-06-24 06:00:01.523] [WorldPop] Player moved to grid (10,51) fast=False, spawnRadius=6, despawnRadius=10
[2026-06-24 06:00:01.523] [WorldPop] Cells to spawn: 113, already spawned: 33
[2026-06-24 06:00:01.526] [WorldPop] Removed 17 NPCs from 11 distant cells
[2026-06-24 06:00:01.572] [WorldPop] Player moved to grid (22,47) fast=False, spawnRadius=6, despawnRadius=10
[2026-06-24 06:00:01.573] [WorldPop] Cells to spawn: 91, already spawned: 22
[2026-06-24 06:00:01.575] [WorldPop] Spawned 17 new NPCs in 91 cells (total alive: 51)
[2026-06-24 06:00:01.595] [WorldPop] Player moved to grid (10,51) fast=False, spawnRadius=6, despawnRadius=10
[2026-06-24 06:00:01.595] [WorldPop] Cells to spawn: 113, already spawned: 33
[2026-06-24 06:00:01.597] [WorldPop] Removed 17 NPCs from 11 distant cells
[2026-06-24 06:00:01.637] [WorldPop] Player moved to grid (22,47) fast=False, spawnRadius=6, despawnRadius=10
[2026-06-24 06:00:01.637] [WorldPop] Cells to spawn: 91, already spawned: 22
[2026-06-24 06:00:01.639] [WorldPop] Spawned 17 new NPCs in 91 cells (total alive: 51)
[2026-06-24 06:00:01.670] [WorldPop] Player moved to grid (10,51) fast=False, spawnRadius=6, despawnRadius=10
[2026-06-24 06:00:01.670] [WorldPop] Cells to spawn: 113, already spawned: 33
[2026-06-24 06:00:01.672] [WorldPop] Removed 17 NPCs from 11 distant cells
[2026-06-24 06:00:01.742] [WorldPop] Player moved to grid (22,47) fast=False, spawnRadius=6, despawnRadius=10
[2026-06-24 06:00:01.743] [WorldPop] Cells to spawn: 91, already spawned: 22
[2026-06-24 06:00:01.747] [WorldPop] Spawned 17 new NPCs in 91 cells (total alive: 51)
[2026-06-24 06:00:01.765] [WorldPop] Player moved to grid (10,51) fast=False, spawnRadius=6, despawnRadius=10
[2026-06-24 06:00:01.765] [WorldPop] Cells to spawn: 113, already spawned: 33
[2026-06-24 06:00:01.766] [WorldPop] Removed 17 NPCs from 11 distant cells
[2026-06-24 06:00:01.786] [WorldPop] Player moved to grid (22,47) fast=False, spawnRadius=6, despawnRadius=10
[2026-06-24 06:00:01.786] [WorldPop] Cells to spawn: 91, already spawned: 22
[2026-06-24 06:00:01.788] [WorldPop] Spawned 17 new NPCs in 91 cells (total alive: 51)
[2026-06-24 06:00:01.833] [WorldPop] Player moved to grid (10,51) fast=False, spawnRadius=6, despawnRadius=10
[2026-06-24 06:00:01.833] [WorldPop] Cells to spawn: 113, already spawned: 33
[2026-06-24 06:00:01.834] [WorldPop] Removed 17 NPCs from 11 distant cells
[2026-06-24 06:00:01.897] [WorldPop] Player moved to grid (22,47) fast=False, spawnRadius=6, despawnRadius=10
[2026-06-24 06:00:01.897] [WorldPop] Cells to spawn: 91, already spawned: 22
[2026-06-24 06:00:01.901] [WorldPop] Spawned 17 new NPCs in 91 cells (total alive: 51)
[2026-06-24 06:00:01.920] [WorldPop] Player moved to grid (10,51) fast=False, spawnRadius=6, despawnRadius=10
[2026-06-24 06:00:01.921] [WorldPop] Cells to spawn: 113, already spawned: 33
[2026-06-24 06:00:01.922] [WorldPop] Removed 17 NPCs from 11 distant cells
[2026-06-24 06:00:01.953] [WorldPop] Player moved to grid (22,47) fast=False, spawnRadius=6, despawnRadius=10
[2026-06-24 06:00:01.954] [WorldPop] Cells to spawn: 91, already spawned: 22
[2026-06-24 06:00:01.956] [WorldPop] Spawned 17 new NPCs in 91 cells (total alive: 51)
[2026-06-24 06:00:01.988] [WorldPop] Player moved to grid (10,51) fast=False, spawnRadius=6, despawnRadius=10
[2026-06-24 06:00:01.989] [WorldPop] Cells to spawn: 113, already spawned: 33
[2026-06-24 06:00:01.990] [WorldPop] Removed 17 NPCs from 11 distant cells
[2026-06-24 06:00:02.053] [WorldPop] Player moved to grid (22,47) fast=False, spawnRadius=6, despawnRadius=10
[2026-06-24 06:00:02.053] [WorldPop] Cells to spawn: 91, already spawned: 22
[2026-06-24 06:00:02.057] [WorldPop] Spawned 17 new NPCs in 91 cells (total alive: 51)
[2026-06-24 06:00:02.078] [WorldPop] Player moved to grid (10,51) fast=False, spawnRadius=6, despawnRadius=10
[2026-06-24 06:00:02.078] [WorldPop] Cells to spawn: 113, already spawned: 33
[2026-06-24 06:00:02.079] [WorldPop] Removed 17 NPCs from 11 distant cells
[2026-06-24 06:00:02.119] [WorldPop] Player moved to grid (22,47) fast=False, spawnRadius=6, despawnRadius=10
[2026-06-24 06:00:02.120] [WorldPop] Cells to spawn: 91, already spawned: 22
[2026-06-24 06:00:02.125] [WorldPop] Spawned 17 new NPCs in 91 cells (total alive: 51)
[2026-06-24 06:00:02.153] [WorldPop] Player moved to grid (10,51) fast=False, spawnRadius=6, despawnRadius=10
[2026-06-24 06:00:02.153] [WorldPop] Cells to spawn: 113, already spawned: 33
[2026-06-24 06:00:02.154] [WorldPop] Removed 17 NPCs from 11 distant cells
[2026-06-24 06:00:02.211] [WorldPop] Player moved to grid (22,47) fast=False, spawnRadius=6, despawnRadius=10
[2026-06-24 06:00:02.211] [WorldPop] Cells to spawn: 91, already spawned: 22
[2026-06-24 06:00:02.214] [WorldPop] Spawned 17 new NPCs in 91 cells (total alive: 51)
[2026-06-24 06:00:02.238] [WorldPop] Player moved to grid (10,51) fast=False, spawnRadius=6, despawnRadius=10
[2026-06-24 06:00:02.238] [WorldPop] Cells to spawn: 113, already spawned: 33
[2026-06-24 06:00:02.239] [WorldPop] Removed 17 NPCs from 11 distant cells
[2026-06-24 06:00:02.272] [WorldPop] Player moved to grid (22,47) fast=False, spawnRadius=6, despawnRadius=10
[2026-06-24 06:00:02.272] [WorldPop] Cells to spawn: 91, already spawned: 22
[2026-06-24 06:00:02.274] [WorldPop] Spawned 17 new NPCs in 91 cells (total alive: 51)
[2026-06-24 06:00:02.306] [WorldPop] Player moved to grid (10,51) fast=False, spawnRadius=6, despawnRadius=10
[2026-06-24 06:00:02.306] [WorldPop] Cells to spawn: 113, already spawned: 33
[2026-06-24 06:00:02.307] [WorldPop] Removed 17 NPCs from 11 distant cells
[2026-06-24 06:00:02.377] [WorldPop] Player moved to grid (22,47) fast=False, spawnRadius=6, despawnRadius=10
[2026-06-24 06:00:02.377] [WorldPop] Cells to spawn: 91, already spawned: 22
[2026-06-24 06:00:02.381] [WorldPop] Spawned 17 new NPCs in 91 cells (total alive: 51)
[2026-06-24 06:00:02.404] [WorldPop] Player moved to grid (10,51) fast=False, spawnRadius=6, despawnRadius=10
[2026-06-24 06:00:02.404] [WorldPop] Cells to spawn: 113, already spawned: 33
[2026-06-24 06:00:02.405] [WorldPop] Removed 17 NPCs from 11 distant cells
[2026-06-24 06:00:02.438] [WorldPop] Player moved to grid (22,47) fast=False, spawnRadius=6, despawnRadius=10
[2026-06-24 06:00:02.438] [WorldPop] Cells to spawn: 91, already spawned: 22
[2026-06-24 06:00:02.443] [WorldPop] Spawned 17 new NPCs in 91 cells (total alive: 51)
[2026-06-24 06:00:02.475] [WorldPop] Player moved to grid (10,51) fast=False, spawnRadius=6, despawnRadius=10
[2026-06-24 06:00:02.475] [WorldPop] Cells to spawn: 113, already spawned: 33
[2026-06-24 06:00:02.477] [WorldPop] Removed 17 NPCs from 11 distant cells
[2026-06-24 06:00:02.531] [WorldPop] Player moved to grid (22,47) fast=False, spawnRadius=6, despawnRadius=10
[2026-06-24 06:00:02.531] [WorldPop] Cells to spawn: 91, already spawned: 22
[2026-06-24 06:00:02.535] [WorldPop] Spawned 17 new NPCs in 91 cells (total alive: 51)
[2026-06-24 06:00:02.560] [WorldPop] Player moved to grid (10,51) fast=False, spawnRadius=6, despawnRadius=10
[2026-06-24 06:00:02.560] [WorldPop] Cells to spawn: 113, already spawned: 33
[2026-06-24 06:00:02.561] [WorldPop] Removed 17 NPCs from 11 distant cells
[2026-06-24 06:00:02.600] [WorldPop] Player moved to grid (22,47) fast=False, spawnRadius=6, despawnRadius=10
[2026-06-24 06:00:02.601] [WorldPop] Cells to spawn: 91, already spawned: 22
[2026-06-24 06:00:02.603] [WorldPop] Spawned 17 new NPCs in 91 cells (total alive: 51)
[2026-06-24 06:00:02.631] [WorldPop] Player moved to grid (10,51) fast=False, spawnRadius=6, despawnRadius=10
[2026-06-24 06:00:02.632] [WorldPop] Cells to spawn: 113, already spawned: 33
[2026-06-24 06:00:02.633] [WorldPop] Removed 17 NPCs from 11 distant cells
[2026-06-24 06:00:02.709] [WorldPop] Player moved to grid (22,47) fast=False, spawnRadius=6, despawnRadius=10
[2026-06-24 06:00:02.709] [WorldPop] Cells to spawn: 91, already spawned: 22
[2026-06-24 06:00:02.712] [WorldPop] Spawned 17 new NPCs in 91 cells (total alive: 51)
[2026-06-24 06:00:02.731] [WorldPop] Player moved to grid (10,51) fast=False, spawnRadius=6, despawnRadius=10
[2026-06-24 06:00:02.731] [WorldPop] Cells to spawn: 113, already spawned: 33
[2026-06-24 06:00:02.732] [WorldPop] Removed 17 NPCs from 11 distant cells
[2026-06-24 06:00:02.755] [WorldPop] Player moved to grid (22,47) fast=False, spawnRadius=6, despawnRadius=10
[2026-06-24 06:00:02.755] [WorldPop] Cells to spawn: 91, already spawned: 22
[2026-06-24 06:00:02.758] [WorldPop] Spawned 17 new NPCs in 91 cells (total alive: 51)
[2026-06-24 06:00:02.798] [WorldPop] Player moved to grid (10,51) fast=False, spawnRadius=6, despawnRadius=10
[2026-06-24 06:00:02.798] [WorldPop] Cells to spawn: 113, already spawned: 33
[2026-06-24 06:00:02.801] [WorldPop] Removed 17 NPCs from 11 distant cells
[2026-06-24 06:00:02.848] [WorldPop] Player moved to grid (22,47) fast=False, spawnRadius=6, despawnRadius=10
[2026-06-24 06:00:02.848] [WorldPop] Cells to spawn: 91, already spawned: 22
[2026-06-24 06:00:02.854] [WorldPop] Spawned 17 new NPCs in 91 cells (total alive: 51)
[2026-06-24 06:00:02.881] [WorldPop] Player moved to grid (10,51) fast=False, spawnRadius=6, despawnRadius=10
[2026-06-24 06:00:02.881] [WorldPop] Cells to spawn: 113, already spawned: 33
[2026-06-24 06:00:02.883] [WorldPop] Removed 17 NPCs from 11 distant cells
[2026-06-24 06:00:02.919] [WorldPop] Player moved to grid (22,47) fast=False, spawnRadius=6, despawnRadius=10
[2026-06-24 06:00:02.919] [WorldPop] Cells to spawn: 91, already spawned: 22
[2026-06-24 06:00:02.923] [WorldPop] Spawned 17 new NPCs in 91 cells (total alive: 51)
[2026-06-24 06:00:02.949] [WorldPop] Player moved to grid (10,51) fast=False, spawnRadius=6, despawnRadius=10
[2026-06-24 06:00:02.950] [WorldPop] Cells to spawn: 113, already spawned: 33
[2026-06-24 06:00:02.951] [WorldPop] Removed 17 NPCs from 11 distant cells
[2026-06-24 06:00:03.018] [WorldPop] Player moved to grid (22,47) fast=False, spawnRadius=6, despawnRadius=10
[2026-06-24 06:00:03.018] [WorldPop] Cells to spawn: 91, already spawned: 22
[2026-06-24 06:00:03.021] [WorldPop] Spawned 17 new NPCs in 91 cells (total alive: 51)
[2026-06-24 06:00:03.043] [WorldPop] Player moved to grid (10,51) fast=False, spawnRadius=6, despawnRadius=10
[2026-06-24 06:00:03.043] [WorldPop] Cells to spawn: 113, already spawned: 33
[2026-06-24 06:00:03.044] [WorldPop] Removed 17 NPCs from 11 distant cells
[2026-06-24 06:00:03.078] [WorldPop] Player moved to grid (22,47) fast=False, spawnRadius=6, despawnRadius=10
[2026-06-24 06:00:03.078] [WorldPop] Cells to spawn: 91, already spawned: 22
[2026-06-24 06:00:03.081] [WorldPop] Spawned 17 new NPCs in 91 cells (total alive: 51)
[2026-06-24 06:00:03.114] [WorldPop] Player moved to grid (10,51) fast=False, spawnRadius=6, despawnRadius=10
[2026-06-24 06:00:03.114] [WorldPop] Cells to spawn: 113, already spawned: 33
[2026-06-24 06:00:03.115] [WorldPop] Removed 17 NPCs from 11 distant cells
[2026-06-24 06:00:03.170] [WorldPop] Player moved to grid (22,47) fast=False, spawnRadius=6, despawnRadius=10
[2026-06-24 06:00:03.171] [WorldPop] Cells to spawn: 91, already spawned: 22
[2026-06-24 06:00:03.174] [WorldPop] Spawned 17 new NPCs in 91 cells (total alive: 51)
[2026-06-24 06:00:03.196] [WorldPop] Player moved to grid (10,51) fast=False, spawnRadius=6, despawnRadius=10
[2026-06-24 06:00:03.197] [WorldPop] Cells to spawn: 113, already spawned: 33
[2026-06-24 06:00:03.198] [WorldPop] Removed 17 NPCs from 11 distant cells
[2026-06-24 06:00:03.230] [WorldPop] Player moved to grid (22,47) fast=False, spawnRadius=6, despawnRadius=10
[2026-06-24 06:00:03.230] [WorldPop] Cells to spawn: 91, already spawned: 22
[2026-06-24 06:00:03.234] [WorldPop] Spawned 17 new NPCs in 91 cells (total alive: 51)
[2026-06-24 06:00:03.304] [WorldPop] Player moved to grid (10,51) fast=False, spawnRadius=6, despawnRadius=10
[2026-06-24 06:00:03.304] [WorldPop] Cells to spawn: 113, already spawned: 33
[2026-06-24 06:00:03.322] [WorldPop] Removed 17 NPCs from 11 distant cells
[2026-06-24 06:00:03.375] [WorldPop] Player moved to grid (22,47) fast=False, spawnRadius=6, despawnRadius=10
[2026-06-24 06:00:03.375] [WorldPop] Cells to spawn: 91, already spawned: 22
[2026-06-24 06:00:03.378] [WorldPop] Spawned 17 new NPCs in 91 cells (total alive: 51)
[2026-06-24 06:00:03.404] [WorldPop] Player moved to grid (10,51) fast=False, spawnRadius=6, despawnRadius=10
[2026-06-24 06:00:03.405] [WorldPop] Cells to spawn: 113, already spawned: 33
[2026-06-24 06:00:03.406] [WorldPop] Removed 17 NPCs from 11 distant cells
[2026-06-24 06:00:03.428] [WorldPop] Player moved to grid (22,47) fast=False, spawnRadius=6, despawnRadius=10
[2026-06-24 06:00:03.429] [WorldPop] Cells to spawn: 91, already spawned: 22
[2026-06-24 06:00:03.432] [WorldPop] Spawned 17 new NPCs in 91 cells (total alive: 51)
[2026-06-24 06:00:03.458] [WorldPop] Player moved to grid (9,51) fast=False, spawnRadius=6, despawnRadius=10
[2026-06-24 06:00:03.458] [WorldPop] Cells to spawn: 113, already spawned: 33
[2026-06-24 06:00:03.459] [WorldPop] Removed 32 NPCs from 20 distant cells
[2026-06-24 06:00:03.496] [WorldPop] Player moved to grid (22,47) fast=False, spawnRadius=6, despawnRadius=10
[2026-06-24 06:00:03.496] [WorldPop] Cells to spawn: 100, already spawned: 13
[2026-06-24 06:00:03.502] [WorldPop] Spawned 31 new NPCs in 100 cells (total alive: 50)
[2026-06-24 06:00:03.525] [WorldPop] Player moved to grid (9,51) fast=False, spawnRadius=6, despawnRadius=10
[2026-06-24 06:00:03.526] [WorldPop] Cells to spawn: 113, already spawned: 32
[2026-06-24 06:00:03.527] [WorldPop] Removed 31 NPCs from 19 distant cells
[2026-06-24 06:00:03.556] [WorldPop] Player moved to grid (22,47) fast=False, spawnRadius=6, despawnRadius=10
[2026-06-24 06:00:03.556] [WorldPop] Cells to spawn: 100, already spawned: 13
[2026-06-24 06:00:03.564] [WorldPop] Spawned 31 new NPCs in 100 cells (total alive: 50)
[2026-06-24 06:00:03.605] [WorldPop] Player moved to grid (9,51) fast=False, spawnRadius=6, despawnRadius=10
[2026-06-24 06:00:03.605] [WorldPop] Cells to spawn: 113, already spawned: 32
[2026-06-24 06:00:03.607] [WorldPop] Removed 31 NPCs from 19 distant cells
[2026-06-24 06:00:03.654] [WorldPop] Player moved to grid (22,47) fast=False, spawnRadius=6, despawnRadius=10
[2026-06-24 06:00:03.654] [WorldPop] Cells to spawn: 100, already spawned: 13
[2026-06-24 06:00:03.659] [WorldPop] Spawned 31 new NPCs in 100 cells (total alive: 50)
[2026-06-24 06:00:03.680] [WorldPop] Player moved to grid (9,51) fast=False, spawnRadius=6, despawnRadius=10
[2026-06-24 06:00:03.680] [WorldPop] Cells to spawn: 113, already spawned: 32
[2026-06-24 06:00:03.682] [WorldPop] Removed 31 NPCs from 19 distant cells
[2026-06-24 06:00:03.724] [WorldPop] Player moved to grid (22,47) fast=False, spawnRadius=6, despawnRadius=10
[2026-06-24 06:00:03.724] [WorldPop] Cells to spawn: 100, already spawned: 13
[2026-06-24 06:00:03.729] [WorldPop] Spawned 31 new NPCs in 100 cells (total alive: 50)
[2026-06-24 06:00:03.786] [WorldPop] Player moved to grid (9,51) fast=False, spawnRadius=6, despawnRadius=10
[2026-06-24 06:00:03.786] [WorldPop] Cells to spawn: 113, already spawned: 32
[2026-06-24 06:00:03.787] [WorldPop] Removed 31 NPCs from 19 distant cells
[2026-06-24 06:00:03.807] [WorldPop] Player moved to grid (22,47) fast=False, spawnRadius=6, despawnRadius=10
[2026-06-24 06:00:03.807] [WorldPop] Cells to spawn: 100, already spawned: 13
[2026-06-24 06:00:03.812] [WorldPop] Spawned 31 new NPCs in 100 cells (total alive: 50)
[2026-06-24 06:00:03.843] [WorldPop] Player moved to grid (9,51) fast=False, spawnRadius=6, despawnRadius=10
[2026-06-24 06:00:03.843] [WorldPop] Cells to spawn: 113, already spawned: 32
[2026-06-24 06:00:03.846] [WorldPop] Removed 31 NPCs from 19 distant cells
[2026-06-24 06:00:03.874] [WorldPop] Player moved to grid (22,47) fast=False, spawnRadius=6, despawnRadius=10
[2026-06-24 06:00:03.874] [WorldPop] Cells to spawn: 100, already spawned: 13
[2026-06-24 06:00:03.895] [WorldPop] Spawned 31 new NPCs in 100 cells (total alive: 50)
[2026-06-24 06:00:03.920] [WorldPop] Player moved to grid (9,51) fast=False, spawnRadius=6, despawnRadius=10
[2026-06-24 06:00:03.920] [WorldPop] Cells to spawn: 113, already spawned: 32
[2026-06-24 06:00:03.922] [WorldPop] Removed 31 NPCs from 19 distant cells
[2026-06-24 06:00:03.962] [WorldPop] Player moved to grid (22,47) fast=False, spawnRadius=6, despawnRadius=10
[2026-06-24 06:00:03.962] [WorldPop] Cells to spawn: 100, already spawned: 13
[2026-06-24 06:00:03.968] [WorldPop] Spawned 31 new NPCs in 100 cells (total alive: 50)
[2026-06-24 06:00:03.994] [WorldPop] Player moved to grid (9,51) fast=False, spawnRadius=6, despawnRadius=10
[2026-06-24 06:00:03.994] [WorldPop] Cells to spawn: 113, already spawned: 32
[2026-06-24 06:00:03.997] [WorldPop] Removed 31 NPCs from 19 distant cells
[2026-06-24 06:00:04.050] [WorldPop] Player moved to grid (22,47) fast=False, spawnRadius=6, despawnRadius=10
[2026-06-24 06:00:04.050] [WorldPop] Cells to spawn: 100, already spawned: 13
[2026-06-24 06:00:04.055] [WorldPop] Spawned 31 new NPCs in 100 cells (total alive: 50)
[2026-06-24 06:00:04.085] [WorldPop] Player moved to grid (9,51) fast=False, spawnRadius=6, despawnRadius=10
[2026-06-24 06:00:04.085] [WorldPop] Cells to spawn: 113, already spawned: 32
[2026-06-24 06:00:04.087] [WorldPop] Removed 31 NPCs from 19 distant cells
[2026-06-24 06:00:04.115] [WorldPop] Player moved to grid (22,47) fast=False, spawnRadius=6, despawnRadius=10
[2026-06-24 06:00:04.115] [WorldPop] Cells to spawn: 100, already spawned: 13
[2026-06-24 06:00:04.120] [WorldPop] Spawned 31 new NPCs in 100 cells (total alive: 50)
[2026-06-24 06:00:04.157] [WorldPop] Player moved to grid (9,51) fast=False, spawnRadius=6, despawnRadius=10
[2026-06-24 06:00:04.158] [WorldPop] Cells to spawn: 113, already spawned: 32
[2026-06-24 06:00:04.162] [WorldPop] Removed 31 NPCs from 19 distant cells
[2026-06-24 06:00:04.211] [WorldPop] Player moved to grid (22,47) fast=False, spawnRadius=6, despawnRadius=10
[2026-06-24 06:00:04.211] [WorldPop] Cells to spawn: 100, already spawned: 13
[2026-06-24 06:00:04.215] [WorldPop] Spawned 31 new NPCs in 100 cells (total alive: 50)
[2026-06-24 06:00:04.245] [WorldPop] Player moved to grid (9,51) fast=False, spawnRadius=6, despawnRadius=10
[2026-06-24 06:00:04.245] [WorldPop] Cells to spawn: 113, already spawned: 32
[2026-06-24 06:00:04.247] [WorldPop] Removed 31 NPCs from 19 distant cells
[2026-06-24 06:00:04.282] [WorldPop] Player moved to grid (22,47) fast=False, spawnRadius=6, despawnRadius=10
[2026-06-24 06:00:04.282] [WorldPop] Cells to spawn: 100, already spawned: 13
[2026-06-24 06:00:04.288] [WorldPop] Spawned 31 new NPCs in 100 cells (total alive: 50)
[2026-06-24 06:00:04.333] [WorldPop] Player moved to grid (9,51) fast=False, spawnRadius=6, despawnRadius=10
[2026-06-24 06:00:04.334] [WorldPop] Cells to spawn: 113, already spawned: 32
[2026-06-24 06:00:04.336] [WorldPop] Removed 31 NPCs from 19 distant cells
[2026-06-24 06:00:04.360] [WorldPop] Player moved to grid (22,47) fast=False, spawnRadius=6, despawnRadius=10
[2026-06-24 06:00:04.360] [WorldPop] Cells to spawn: 100, already spawned: 13
[2026-06-24 06:00:04.367] [WorldPop] Spawned 31 new NPCs in 100 cells (total alive: 50)
[2026-06-24 06:00:04.421] [WorldPop] Player moved to grid (9,51) fast=False, spawnRadius=6, despawnRadius=10
[2026-06-24 06:00:04.421] [WorldPop] Cells to spawn: 113, already spawned: 32
[2026-06-24 06:00:04.424] [WorldPop] Removed 31 NPCs from 19 distant cells
[2026-06-24 06:00:04.449] [WorldPop] Player moved to grid (22,47) fast=False, spawnRadius=6, despawnRadius=10
[2026-06-24 06:00:04.449] [WorldPop] Cells to spawn: 100, already spawned: 13
[2026-06-24 06:00:04.472] [WorldPop] Spawned 31 new NPCs in 100 cells (total alive: 50)
[2026-06-24 06:00:04.493] [WorldPop] Player moved to grid (9,51) fast=False, spawnRadius=6, despawnRadius=10
[2026-06-24 06:00:04.493] [WorldPop] Cells to spawn: 113, already spawned: 32
[2026-06-24 06:00:04.495] [WorldPop] Removed 31 NPCs from 19 distant cells
[2026-06-24 06:00:04.517] [WorldPop] Player moved to grid (22,47) fast=False, spawnRadius=6, despawnRadius=10
[2026-06-24 06:00:04.518] [WorldPop] Cells to spawn: 100, already spawned: 13
[2026-06-24 06:00:04.523] [WorldPop] Spawned 31 new NPCs in 100 cells (total alive: 50)
[2026-06-24 06:00:04.561] [WorldPop] Player moved to grid (8,51) fast=False, spawnRadius=6, despawnRadius=10
[2026-06-24 06:00:04.561] [WorldPop] Cells to spawn: 113, already spawned: 32
[2026-06-24 06:00:04.564] [WorldPop] Removed 41 NPCs from 26 distant cells
[2026-06-24 06:00:04.627] [WorldPop] Player moved to grid (22,47) fast=False, spawnRadius=6, despawnRadius=10
[2026-06-24 06:00:04.627] [WorldPop] Cells to spawn: 107, already spawned: 6
[2026-06-24 06:00:04.633] [WorldPop] Spawned 41 new NPCs in 107 cells (total alive: 50)
[2026-06-24 06:00:04.657] [WorldPop] Player moved to grid (8,51) fast=False, spawnRadius=6, despawnRadius=10
[2026-06-24 06:00:04.657] [WorldPop] Cells to spawn: 113, already spawned: 32
[2026-06-24 06:00:04.661] [WorldPop] Removed 41 NPCs from 26 distant cells
[2026-06-24 06:00:04.681] [WorldPop] Player moved to grid (22,47) fast=False, spawnRadius=6, despawnRadius=10
[2026-06-24 06:00:04.681] [WorldPop] Cells to spawn: 107, already spawned: 6
[2026-06-24 06:00:04.688] [WorldPop] Spawned 41 new NPCs in 107 cells (total alive: 50)
[2026-06-24 06:00:04.721] [WorldPop] Player moved to grid (8,51) fast=False, spawnRadius=6, despawnRadius=10
[2026-06-24 06:00:04.722] [WorldPop] Cells to spawn: 113, already spawned: 32
[2026-06-24 06:00:04.724] [WorldPop] Removed 41 NPCs from 26 distant cells
[2026-06-24 06:00:04.765] [WorldPop] Player moved to grid (22,47) fast=False, spawnRadius=6, despawnRadius=10
[2026-06-24 06:00:04.765] [WorldPop] Cells to spawn: 107, already spawned: 6
[2026-06-24 06:00:04.772] [WorldPop] Spawned 41 new NPCs in 107 cells (total alive: 50)
[2026-06-24 06:00:04.800] [WorldPop] Player moved to grid (8,51) fast=False, spawnRadius=6, despawnRadius=10
[2026-06-24 06:00:04.801] [WorldPop] Cells to spawn: 113, already spawned: 32
[2026-06-24 06:00:04.804] [WorldPop] Removed 41 NPCs from 26 distant cells
[2026-06-24 06:00:04.840] [WorldPop] Player moved to grid (22,47) fast=False, spawnRadius=6, despawnRadius=10
[2026-06-24 06:00:04.841] [WorldPop] Cells to spawn: 107, already spawned: 6
[2026-06-24 06:00:04.848] [WorldPop] Spawned 41 new NPCs in 107 cells (total alive: 50)
[2026-06-24 06:00:04.957] [WorldPop] Player moved to grid (8,51) fast=False, spawnRadius=6, despawnRadius=10
[2026-06-24 06:00:04.958] [WorldPop] Cells to spawn: 113, already spawned: 32
[2026-06-24 06:00:04.971] [WorldPop] Removed 41 NPCs from 26 distant cells
[2026-06-24 06:00:05.003] [WorldPop] Player moved to grid (22,47) fast=False, spawnRadius=6, despawnRadius=10
[2026-06-24 06:00:05.004] [WorldPop] Cells to spawn: 107, already spawned: 6
[2026-06-24 06:00:05.020] [WorldPop] Spawned 41 new NPCs in 107 cells (total alive: 50)
[2026-06-24 06:00:05.045] [WorldPop] Player moved to grid (8,51) fast=False, spawnRadius=6, despawnRadius=10
[2026-06-24 06:00:05.045] [WorldPop] Cells to spawn: 113, already spawned: 32
[2026-06-24 06:00:05.048] [WorldPop] Removed 41 NPCs from 26 distant cells
[2026-06-24 06:00:05.073] [WorldPop] Player moved to grid (22,47) fast=False, spawnRadius=6, despawnRadius=10
[2026-06-24 06:00:05.073] [WorldPop] Cells to spawn: 107, already spawned: 6
[2026-06-24 06:00:05.091] [WorldPop] Spawned 41 new NPCs in 107 cells (total alive: 50)
[2026-06-24 06:00:05.112] [WorldPop] Player moved to grid (8,51) fast=False, spawnRadius=6, despawnRadius=10
[2026-06-24 06:00:05.113] [WorldPop] Cells to spawn: 113, already spawned: 32
[2026-06-24 06:00:05.115] [WorldPop] Removed 41 NPCs from 26 distant cells
[2026-06-24 06:00:05.139] [WorldPop] Player moved to grid (22,47) fast=False, spawnRadius=6, despawnRadius=10
[2026-06-24 06:00:05.139] [WorldPop] Cells to spawn: 107, already spawned: 6
[2026-06-24 06:00:05.145] [WorldPop] Spawned 41 new NPCs in 107 cells (total alive: 50)
[2026-06-24 06:00:05.170] [WorldPop] Player moved to grid (8,51) fast=False, spawnRadius=6, despawnRadius=10
[2026-06-24 06:00:05.171] [WorldPop] Cells to spawn: 113, already spawned: 32
[2026-06-24 06:00:05.173] [WorldPop] Removed 41 NPCs from 26 distant cells
[2026-06-24 06:00:05.213] [WorldPop] Player moved to grid (22,47) fast=False, spawnRadius=6, despawnRadius=10
[2026-06-24 06:00:05.213] [WorldPop] Cells to spawn: 107, already spawned: 6
[2026-06-24 06:00:05.220] [WorldPop] Spawned 41 new NPCs in 107 cells (total alive: 50)
[2026-06-24 06:00:05.241] [WorldPop] Player moved to grid (8,51) fast=False, spawnRadius=6, despawnRadius=10
[2026-06-24 06:00:05.241] [WorldPop] Cells to spawn: 113, already spawned: 32
[2026-06-24 06:00:05.245] [WorldPop] Removed 41 NPCs from 26 distant cells
[2026-06-24 06:00:05.271] [WorldPop] Player moved to grid (22,47) fast=False, spawnRadius=6, despawnRadius=10
[2026-06-24 06:00:05.271] [WorldPop] Cells to spawn: 107, already spawned: 6
[2026-06-24 06:00:05.279] [WorldPop] Spawned 41 new NPCs in 107 cells (total alive: 50)
[2026-06-24 06:00:05.301] [WorldPop] Player moved to grid (8,51) fast=False, spawnRadius=6, despawnRadius=10
[2026-06-24 06:00:05.302] [WorldPop] Cells to spawn: 113, already spawned: 32
[2026-06-24 06:00:05.304] [WorldPop] Removed 41 NPCs from 26 distant cells
[2026-06-24 06:00:05.340] [WorldPop] Player moved to grid (22,47) fast=False, spawnRadius=6, despawnRadius=10
[2026-06-24 06:00:05.340] [WorldPop] Cells to spawn: 107, already spawned: 6
[2026-06-24 06:00:05.346] [WorldPop] Spawned 41 new NPCs in 107 cells (total alive: 50)
[2026-06-24 06:00:05.371] [WorldPop] Player moved to grid (8,51) fast=False, spawnRadius=6, despawnRadius=10
[2026-06-24 06:00:05.371] [WorldPop] Cells to spawn: 113, already spawned: 32
[2026-06-24 06:00:05.373] [WorldPop] Removed 41 NPCs from 26 distant cells
[2026-06-24 06:00:05.393] [WorldPop] Player moved to grid (22,47) fast=False, spawnRadius=6, despawnRadius=10
[2026-06-24 06:00:05.393] [WorldPop] Cells to spawn: 107, already spawned: 6
[2026-06-24 06:00:05.399] [WorldPop] Spawned 41 new NPCs in 107 cells (total alive: 50)
[2026-06-24 06:00:05.443] [WorldPop] Player moved to grid (8,51) fast=False, spawnRadius=6, despawnRadius=10
[2026-06-24 06:00:05.444] [WorldPop] Cells to spawn: 113, already spawned: 32
[2026-06-24 06:00:05.446] [WorldPop] Removed 41 NPCs from 26 distant cells
[2026-06-24 06:00:05.478] [WorldPop] Player moved to grid (22,47) fast=False, spawnRadius=6, despawnRadius=10
[2026-06-24 06:00:05.478] [WorldPop] Cells to spawn: 107, already spawned: 6
[2026-06-24 06:00:05.484] [WorldPop] Spawned 41 new NPCs in 107 cells (total alive: 50)
[2026-06-24 06:00:05.513] [WorldPop] Player moved to grid (8,51) fast=False, spawnRadius=6, despawnRadius=10
[2026-06-24 06:00:05.513] [WorldPop] Cells to spawn: 113, already spawned: 32
[2026-06-24 06:00:05.515] [WorldPop] Removed 41 NPCs from 26 distant cells
[2026-06-24 06:00:05.564] [WorldPop] Player moved to grid (22,47) fast=False, spawnRadius=6, despawnRadius=10
[2026-06-24 06:00:05.564] [WorldPop] Cells to spawn: 107, already spawned: 6
[2026-06-24 06:00:05.569] [WorldPop] Spawned 41 new NPCs in 107 cells (total alive: 50)
[2026-06-24 06:00:05.619] [WorldPop] Player moved to grid (8,51) fast=False, spawnRadius=6, despawnRadius=10
[2026-06-24 06:00:05.619] [WorldPop] Cells to spawn: 113, already spawned: 32
[2026-06-24 06:00:05.622] [WorldPop] Removed 41 NPCs from 26 distant cells
[2026-06-24 06:00:05.642] [WorldPop] Player moved to grid (22,47) fast=False, spawnRadius=6, despawnRadius=10
[2026-06-24 06:00:05.642] [WorldPop] Cells to spawn: 107, already spawned: 6
[2026-06-24 06:00:05.648] [WorldPop] Spawned 41 new NPCs in 107 cells (total alive: 50)
[2026-06-24 06:00:05.677] [WorldPop] Player moved to grid (8,51) fast=False, spawnRadius=6, despawnRadius=10
[2026-06-24 06:00:05.677] [WorldPop] Cells to spawn: 113, already spawned: 32
[2026-06-24 06:00:05.680] [WorldPop] Removed 41 NPCs from 26 distant cells
[2026-06-24 06:00:05.710] [WorldPop] Player moved to grid (22,47) fast=False, spawnRadius=6, despawnRadius=10
[2026-06-24 06:00:05.710] [WorldPop] Cells to spawn: 107, already spawned: 6
[2026-06-24 06:00:05.730] [WorldPop] Spawned 41 new NPCs in 107 cells (total alive: 50)
[2026-06-24 06:00:05.753] [WorldPop] Player moved to grid (8,51) fast=False, spawnRadius=6, despawnRadius=10
[2026-06-24 06:00:05.754] [WorldPop] Cells to spawn: 113, already spawned: 32
[2026-06-24 06:00:05.756] [WorldPop] Removed 41 NPCs from 26 distant cells
[2026-06-24 06:00:05.807] [WorldPop] Player moved to grid (22,47) fast=False, spawnRadius=6, despawnRadius=10
[2026-06-24 06:00:05.807] [WorldPop] Cells to spawn: 107, already spawned: 6
[2026-06-24 06:00:05.813] [WorldPop] Spawned 41 new NPCs in 107 cells (total alive: 50)
[2026-06-24 06:00:05.841] [WorldPop] Player moved to grid (8,51) fast=False, spawnRadius=6, despawnRadius=10
[2026-06-24 06:00:05.841] [WorldPop] Cells to spawn: 113, already spawned: 32
[2026-06-24 06:00:05.843] [WorldPop] Removed 41 NPCs from 26 distant cells
[2026-06-24 06:00:05.896] [WorldPop] Player moved to grid (22,47) fast=False, spawnRadius=6, despawnRadius=10
[2026-06-24 06:00:05.897] [WorldPop] Cells to spawn: 107, already spawned: 6
[2026-06-24 06:00:05.906] [WorldPop] Spawned 41 new NPCs in 107 cells (total alive: 50)
[2026-06-24 06:00:05.926] [WorldPop] Player moved to grid (8,51) fast=False, spawnRadius=6, despawnRadius=10
[2026-06-24 06:00:05.927] [WorldPop] Cells to spawn: 113, already spawned: 32
[2026-06-24 06:00:05.930] [WorldPop] Removed 41 NPCs from 26 distant cells
[2026-06-24 06:00:05.955] [WorldPop] Player moved to grid (22,47) fast=False, spawnRadius=6, despawnRadius=10
[2026-06-24 06:00:05.955] [WorldPop] Cells to spawn: 107, already spawned: 6
[2026-06-24 06:00:05.962] [WorldPop] Spawned 41 new NPCs in 107 cells (total alive: 50)
[2026-06-24 06:00:05.989] [WorldPop] Player moved to grid (8,51) fast=False, spawnRadius=6, despawnRadius=10
[2026-06-24 06:00:05.989] [WorldPop] Cells to spawn: 113, already spawned: 32
[2026-06-24 06:00:05.993] [WorldPop] Removed 41 NPCs from 26 distant cells
[2026-06-24 06:00:06.036] [WorldPop] Player moved to grid (22,47) fast=False, spawnRadius=6, despawnRadius=10
[2026-06-24 06:00:06.036] [WorldPop] Cells to spawn: 107, already spawned: 6
[2026-06-24 06:00:06.043] [WorldPop] Spawned 41 new NPCs in 107 cells (total alive: 50)
[2026-06-24 06:00:06.075] [WorldPop] Player moved to grid (7,51) fast=False, spawnRadius=6, despawnRadius=10
[2026-06-24 06:00:06.076] [WorldPop] Cells to spawn: 113, already spawned: 32
[2026-06-24 06:00:06.078] [WorldPop] Removed 48 NPCs from 31 distant cells
[2026-06-24 06:00:06.122] [WorldPop] Player moved to grid (22,47) fast=False, spawnRadius=6, despawnRadius=10
[2026-06-24 06:00:06.123] [WorldPop] Cells to spawn: 112, already spawned: 1
[2026-06-24 06:00:06.130] [WorldPop] Spawned 48 new NPCs in 112 cells (total alive: 50)
[2026-06-24 06:00:06.179] [WorldPop] Player moved to grid (7,51) fast=False, spawnRadius=6, despawnRadius=10
[2026-06-24 06:00:06.179] [WorldPop] Cells to spawn: 113, already spawned: 32
[2026-06-24 06:00:06.183] [WorldPop] Removed 48 NPCs from 31 distant cells
[2026-06-24 06:00:06.206] [WorldPop] Player moved to grid (22,47) fast=False, spawnRadius=6, despawnRadius=10
[2026-06-24 06:00:06.206] [WorldPop] Cells to spawn: 112, already spawned: 1
[2026-06-24 06:00:06.214] [WorldPop] Spawned 48 new NPCs in 112 cells (total alive: 50)
[2026-06-24 06:00:06.243] [WorldPop] Player moved to grid (7,51) fast=False, spawnRadius=6, despawnRadius=10
[2026-06-24 06:00:06.243] [WorldPop] Cells to spawn: 113, already spawned: 32
[2026-06-24 06:00:06.246] [WorldPop] Removed 48 NPCs from 31 distant cells
[2026-06-24 06:00:06.279] [WorldPop] Player moved to grid (22,47) fast=False, spawnRadius=6, despawnRadius=10
[2026-06-24 06:00:06.279] [WorldPop] Cells to spawn: 112, already spawned: 1
[2026-06-24 06:00:06.290] [WorldPop] Spawned 48 new NPCs in 112 cells (total alive: 50)
[2026-06-24 06:00:06.322] [WorldPop] Player moved to grid (7,51) fast=False, spawnRadius=6, despawnRadius=10
[2026-06-24 06:00:06.322] [WorldPop] Cells to spawn: 113, already spawned: 32
[2026-06-24 06:00:06.325] [WorldPop] Removed 48 NPCs from 31 distant cells
[2026-06-24 06:00:06.356] [WorldPop] Player moved to grid (22,47) fast=False, spawnRadius=6, despawnRadius=10
[2026-06-24 06:00:06.357] [WorldPop] Cells to spawn: 112, already spawned: 1
[2026-06-24 06:00:06.364] [WorldPop] Spawned 48 new NPCs in 112 cells (total alive: 50)
[2026-06-24 06:00:06.396] [WorldPop] Player moved to grid (7,51) fast=False, spawnRadius=6, despawnRadius=10
[2026-06-24 06:00:06.396] [WorldPop] Cells to spawn: 113, already spawned: 32
[2026-06-24 06:00:06.400] [WorldPop] Removed 48 NPCs from 31 distant cells
[2026-06-24 06:00:06.460] [WorldPop] Player moved to grid (22,47) fast=False, spawnRadius=6, despawnRadius=10
[2026-06-24 06:00:06.461] [WorldPop] Cells to spawn: 112, already spawned: 1
[2026-06-24 06:00:06.469] [WorldPop] Spawned 48 new NPCs in 112 cells (total alive: 50)
[2026-06-24 06:00:06.491] [WorldPop] Player moved to grid (7,51) fast=False, spawnRadius=6, despawnRadius=10
[2026-06-24 06:00:06.492] [WorldPop] Cells to spawn: 113, already spawned: 32
[2026-06-24 06:00:06.495] [WorldPop] Removed 48 NPCs from 31 distant cells
[2026-06-24 06:00:06.528] [WorldPop] Player moved to grid (22,47) fast=False, spawnRadius=6, despawnRadius=10
[2026-06-24 06:00:06.529] [WorldPop] Cells to spawn: 112, already spawned: 1
[2026-06-24 06:00:06.536] [WorldPop] Spawned 48 new NPCs in 112 cells (total alive: 50)
[2026-06-24 06:00:06.578] [WorldPop] Player moved to grid (7,51) fast=False, spawnRadius=6, despawnRadius=10
[2026-06-24 06:00:06.578] [WorldPop] Cells to spawn: 113, already spawned: 32
[2026-06-24 06:00:06.581] [WorldPop] Removed 48 NPCs from 31 distant cells
[2026-06-24 06:00:06.602] [WorldPop] Player moved to grid (22,47) fast=False, spawnRadius=6, despawnRadius=10
[2026-06-24 06:00:06.602] [WorldPop] Cells to spawn: 112, already spawned: 1
[2026-06-24 06:00:06.609] [WorldPop] Spawned 48 new NPCs in 112 cells (total alive: 50)
[2026-06-24 06:00:06.651] [WorldPop] Player moved to grid (7,51) fast=False, spawnRadius=6, despawnRadius=10
[2026-06-24 06:00:06.652] [WorldPop] Cells to spawn: 113, already spawned: 32
[2026-06-24 06:00:06.654] [WorldPop] Removed 48 NPCs from 31 distant cells
[2026-06-24 06:00:06.700] [WorldPop] Player moved to grid (22,47) fast=False, spawnRadius=6, despawnRadius=10
[2026-06-24 06:00:06.700] [WorldPop] Cells to spawn: 112, already spawned: 1
[2026-06-24 06:00:06.704] [WorldPop] Spawned 48 new NPCs in 112 cells (total alive: 50)
[2026-06-24 06:00:06.744] [WorldPop] Player moved to grid (7,51) fast=False, spawnRadius=6, despawnRadius=10
[2026-06-24 06:00:06.744] [WorldPop] Cells to spawn: 113, already spawned: 32
[2026-06-24 06:00:06.746] [WorldPop] Removed 48 NPCs from 31 distant cells
[2026-06-24 06:00:06.771] [WorldPop] Player moved to grid (22,47) fast=False, spawnRadius=6, despawnRadius=10
[2026-06-24 06:00:06.771] [WorldPop] Cells to spawn: 112, already spawned: 1
[2026-06-24 06:00:06.779] [WorldPop] Spawned 48 new NPCs in 112 cells (total alive: 50)
[2026-06-24 06:00:06.816] [WorldPop] Player moved to grid (7,51) fast=False, spawnRadius=6, despawnRadius=10
[2026-06-24 06:00:06.817] [WorldPop] Cells to spawn: 113, already spawned: 32
[2026-06-24 06:00:06.821] [WorldPop] Removed 48 NPCs from 31 distant cells
[2026-06-24 06:00:06.857] [WorldPop] Player moved to grid (22,47) fast=False, spawnRadius=6, despawnRadius=10
[2026-06-24 06:00:06.857] [WorldPop] Cells to spawn: 112, already spawned: 1
[2026-06-24 06:00:06.864] [WorldPop] Spawned 48 new NPCs in 112 cells (total alive: 50)
[2026-06-24 06:00:06.886] [WorldPop] Player moved to grid (7,51) fast=False, spawnRadius=6, despawnRadius=10
[2026-06-24 06:00:06.886] [WorldPop] Cells to spawn: 113, already spawned: 32
[2026-06-24 06:00:06.888] [WorldPop] Removed 48 NPCs from 31 distant cells
[2026-06-24 06:00:06.914] [WorldPop] Player moved to grid (22,47) fast=False, spawnRadius=6, despawnRadius=10
[2026-06-24 06:00:06.915] [WorldPop] Cells to spawn: 112, already spawned: 1
[2026-06-24 06:00:06.922] [WorldPop] Spawned 48 new NPCs in 112 cells (total alive: 50)
[2026-06-24 06:00:06.965] [WorldPop] Player moved to grid (7,51) fast=False, spawnRadius=6, despawnRadius=10
[2026-06-24 06:00:06.965] [WorldPop] Cells to spawn: 113, already spawned: 32
[2026-06-24 06:00:06.968] [WorldPop] Removed 48 NPCs from 31 distant cells
[2026-06-24 06:00:07.022] [WorldPop] Player moved to grid (22,47) fast=False, spawnRadius=6, despawnRadius=10
[2026-06-24 06:00:07.023] [WorldPop] Cells to spawn: 112, already spawned: 1
[2026-06-24 06:00:07.030] [WorldPop] Spawned 48 new NPCs in 112 cells (total alive: 50)
[2026-06-24 06:00:07.055] [WorldPop] Player moved to grid (7,51) fast=False, spawnRadius=6, despawnRadius=10
[2026-06-24 06:00:07.055] [WorldPop] Cells to spawn: 113, already spawned: 32
[2026-06-24 06:00:07.058] [WorldPop] Removed 48 NPCs from 31 distant cells
[2026-06-24 06:00:07.082] [WorldPop] Player moved to grid (22,47) fast=False, spawnRadius=6, despawnRadius=10
[2026-06-24 06:00:07.083] [WorldPop] Cells to spawn: 112, already spawned: 1
[2026-06-24 06:00:07.091] [WorldPop] Spawned 48 new NPCs in 112 cells (total alive: 50)
[2026-06-24 06:00:07.138] [WorldPop] Player moved to grid (7,51) fast=False, spawnRadius=6, despawnRadius=10
[2026-06-24 06:00:07.138] [WorldPop] Cells to spawn: 113, already spawned: 32
[2026-06-24 06:00:07.141] [WorldPop] Removed 48 NPCs from 31 distant cells
[2026-06-24 06:00:07.163] [WorldPop] Player moved to grid (22,47) fast=False, spawnRadius=6, despawnRadius=10
[2026-06-24 06:00:07.163] [WorldPop] Cells to spawn: 112, already spawned: 1
[2026-06-24 06:00:07.170] [WorldPop] Spawned 48 new NPCs in 112 cells (total alive: 50)
[2026-06-24 06:00:07.204] [WorldPop] Player moved to grid (7,51) fast=False, spawnRadius=6, despawnRadius=10
[2026-06-24 06:00:07.204] [WorldPop] Cells to spawn: 113, already spawned: 32
[2026-06-24 06:00:07.209] [WorldPop] Removed 48 NPCs from 31 distant cells
[2026-06-24 06:00:07.240] [WorldPop] Player moved to grid (22,47) fast=False, spawnRadius=6, despawnRadius=10
[2026-06-24 06:00:07.240] [WorldPop] Cells to spawn: 112, already spawned: 1
[2026-06-24 06:00:07.247] [WorldPop] Spawned 48 new NPCs in 112 cells (total alive: 50)
[2026-06-24 06:00:07.316] [WorldPop] Player moved to grid (7,51) fast=False, spawnRadius=6, despawnRadius=10
[2026-06-24 06:00:07.316] [WorldPop] Cells to spawn: 113, already spawned: 32
[2026-06-24 06:00:07.319] [WorldPop] Removed 48 NPCs from 31 distant cells
[2026-06-24 06:00:07.351] [WorldPop] Player moved to grid (22,47) fast=False, spawnRadius=6, despawnRadius=10
[2026-06-24 06:00:07.352] [WorldPop] Cells to spawn: 112, already spawned: 1
[2026-06-24 06:00:07.360] [WorldPop] Spawned 48 new NPCs in 112 cells (total alive: 50)
[2026-06-24 06:00:07.384] [WorldPop] Player moved to grid (7,51) fast=False, spawnRadius=6, despawnRadius=10
[2026-06-24 06:00:07.384] [WorldPop] Cells to spawn: 113, already spawned: 32
[2026-06-24 06:00:07.388] [WorldPop] Removed 48 NPCs from 31 distant cells
[2026-06-24 06:00:07.447] [WorldPop] Player moved to grid (22,47) fast=False, spawnRadius=6, despawnRadius=10
[2026-06-24 06:00:07.447] [WorldPop] Cells to spawn: 112, already spawned: 1
[2026-06-24 06:00:07.454] [WorldPop] Spawned 48 new NPCs in 112 cells (total alive: 50)
[2026-06-24 06:00:07.476] [WorldPop] Player moved to grid (6,51) fast=False, spawnRadius=6, despawnRadius=10
[2026-06-24 06:00:07.476] [WorldPop] Cells to spawn: 113, already spawned: 32
[2026-06-24 06:00:07.478] [WorldPop] Removed 50 NPCs from 32 distant cells
[2026-06-24 06:00:07.502] [WorldPop] Player moved to grid (22,47) fast=False, spawnRadius=6, despawnRadius=10
[2026-06-24 06:00:07.503] [WorldPop] Cells to spawn: 113, already spawned: 0
[2026-06-24 06:00:07.511] [WorldPop] Spawned 50 new NPCs in 113 cells (total alive: 50)
[2026-06-24 06:00:07.540] [WorldPop] Player moved to grid (6,51) fast=False, spawnRadius=6, despawnRadius=10
[2026-06-24 06:00:07.540] [WorldPop] Cells to spawn: 113, already spawned: 32
[2026-06-24 06:00:07.543] [WorldPop] Removed 50 NPCs from 32 distant cells
[2026-06-24 06:00:07.586] [WorldPop] Player moved to grid (22,47) fast=False, spawnRadius=6, despawnRadius=10
[2026-06-24 06:00:07.586] [WorldPop] Cells to spawn: 113, already spawned: 0
[2026-06-24 06:00:07.600] [WorldPop] Spawned 50 new NPCs in 113 cells (total alive: 50)
[2026-06-24 06:00:07.626] [WorldPop] Player moved to grid (6,51) fast=False, spawnRadius=6, despawnRadius=10
[2026-06-24 06:00:07.627] [WorldPop] Cells to spawn: 113, already spawned: 32
[2026-06-24 06:00:07.630] [WorldPop] Removed 50 NPCs from 32 distant cells
[2026-06-24 06:00:07.656] [WorldPop] Player moved to grid (22,47) fast=False, spawnRadius=6, despawnRadius=10
[2026-06-24 06:00:07.656] [WorldPop] Cells to spawn: 113, already spawned: 0
[2026-06-24 06:00:07.666] [WorldPop] Spawned 50 new NPCs in 113 cells (total alive: 50)
[2026-06-24 06:00:07.711] [WorldPop] Player moved to grid (6,51) fast=False, spawnRadius=6, despawnRadius=10
[2026-06-24 06:00:07.712] [WorldPop] Cells to spawn: 113, already spawned: 32
[2026-06-24 06:00:07.715] [WorldPop] Removed 50 NPCs from 32 distant cells
[2026-06-24 06:00:07.741] [WorldPop] Player moved to grid (22,47) fast=False, spawnRadius=6, despawnRadius=10
[2026-06-24 06:00:07.741] [WorldPop] Cells to spawn: 113, already spawned: 0
[2026-06-24 06:00:07.749] [WorldPop] Spawned 50 new NPCs in 113 cells (total alive: 50)
[2026-06-24 06:00:07.771] [WorldPop] Player moved to grid (6,51) fast=False, spawnRadius=6, despawnRadius=10
[2026-06-24 06:00:07.771] [WorldPop] Cells to spawn: 113, already spawned: 32
[2026-06-24 06:00:07.774] [WorldPop] Removed 50 NPCs from 32 distant cells
[2026-06-24 06:00:07.800] [WorldPop] Player moved to grid (22,47) fast=False, spawnRadius=6, despawnRadius=10
[2026-06-24 06:00:07.800] [WorldPop] Cells to spawn: 113, already spawned: 0
[2026-06-24 06:00:07.818] [WorldPop] Spawned 50 new NPCs in 113 cells (total alive: 50)
[2026-06-24 06:00:07.845] [WorldPop] Player moved to grid (6,51) fast=False, spawnRadius=6, despawnRadius=10
[2026-06-24 06:00:07.845] [WorldPop] Cells to spawn: 113, already spawned: 32
[2026-06-24 06:00:07.848] [WorldPop] Removed 50 NPCs from 32 distant cells
[2026-06-24 06:00:07.880] [WorldPop] Player moved to grid (22,47) fast=False, spawnRadius=6, despawnRadius=10
[2026-06-24 06:00:07.880] [WorldPop] Cells to spawn: 113, already spawned: 0
[2026-06-24 06:00:07.888] [WorldPop] Spawned 50 new NPCs in 113 cells (total alive: 50)
[2026-06-24 06:00:07.912] [WorldPop] Player moved to grid (6,51) fast=False, spawnRadius=6, despawnRadius=10
[2026-06-24 06:00:07.912] [WorldPop] Cells to spawn: 113, already spawned: 32
[2026-06-24 06:00:07.915] [WorldPop] Removed 50 NPCs from 32 distant cells
[2026-06-24 06:00:07.986] [WorldPop] Player moved to grid (22,47) fast=False, spawnRadius=6, despawnRadius=10
[2026-06-24 06:00:07.987] [WorldPop] Cells to spawn: 113, already spawned: 0
[2026-06-24 06:00:07.993] [WorldPop] Spawned 50 new NPCs in 113 cells (total alive: 50)
[2026-06-24 06:00:08.018] [WorldPop] Player moved to grid (6,51) fast=False, spawnRadius=6, despawnRadius=10
[2026-06-24 06:00:08.018] [WorldPop] Cells to spawn: 113, already spawned: 32
[2026-06-24 06:00:08.020] [WorldPop] Removed 50 NPCs from 32 distant cells
[2026-06-24 06:00:08.045] [WorldPop] Player moved to grid (22,47) fast=False, spawnRadius=6, despawnRadius=10
[2026-06-24 06:00:08.045] [WorldPop] Cells to spawn: 113, already spawned: 0
[2026-06-24 06:00:08.053] [WorldPop] Spawned 50 new NPCs in 113 cells (total alive: 50)
[2026-06-24 06:00:08.084] [WorldPop] Player moved to grid (6,51) fast=False, spawnRadius=6, despawnRadius=10
[2026-06-24 06:00:08.084] [WorldPop] Cells to spawn: 113, already spawned: 32
[2026-06-24 06:00:08.087] [WorldPop] Removed 50 NPCs from 32 distant cells
[2026-06-24 06:00:08.125] [WorldPop] Player moved to grid (22,47) fast=False, spawnRadius=6, despawnRadius=10
[2026-06-24 06:00:08.125] [WorldPop] Cells to spawn: 113, already spawned: 0
[2026-06-24 06:00:08.133] [WorldPop] Spawned 50 new NPCs in 113 cells (total alive: 50)
[2026-06-24 06:00:08.159] [WorldPop] Player moved to grid (6,51) fast=False, spawnRadius=6, despawnRadius=10
[2026-06-24 06:00:08.160] [WorldPop] Cells to spawn: 113, already spawned: 32
[2026-06-24 06:00:08.163] [WorldPop] Removed 50 NPCs from 32 distant cells
[2026-06-24 06:00:08.191] [WorldPop] Player moved to grid (22,47) fast=False, spawnRadius=6, despawnRadius=10
[2026-06-24 06:00:08.191] [WorldPop] Cells to spawn: 113, already spawned: 0
[2026-06-24 06:00:08.202] [WorldPop] Spawned 50 new NPCs in 113 cells (total alive: 50)
[2026-06-24 06:00:08.241] [WorldPop] Player moved to grid (6,51) fast=False, spawnRadius=6, despawnRadius=10
[2026-06-24 06:00:08.241] [WorldPop] Cells to spawn: 113, already spawned: 32
[2026-06-24 06:00:08.244] [WorldPop] Removed 50 NPCs from 32 distant cells
[2026-06-24 06:00:08.275] [WorldPop] Player moved to grid (22,47) fast=False, spawnRadius=6, despawnRadius=10
[2026-06-24 06:00:08.275] [WorldPop] Cells to spawn: 113, already spawned: 0
[2026-06-24 06:00:08.284] [WorldPop] Spawned 50 new NPCs in 113 cells (total alive: 50)
[2026-06-24 06:00:08.326] [WorldPop] Player moved to grid (6,51) fast=False, spawnRadius=6, despawnRadius=10
[2026-06-24 06:00:08.326] [WorldPop] Cells to spawn: 113, already spawned: 32
[2026-06-24 06:00:08.329] [WorldPop] Removed 50 NPCs from 32 distant cells
[2026-06-24 06:00:08.377] [WorldPop] Player moved to grid (22,47) fast=False, spawnRadius=6, despawnRadius=10
[2026-06-24 06:00:08.377] [WorldPop] Cells to spawn: 113, already spawned: 0
[2026-06-24 06:00:08.385] [WorldPop] Spawned 50 new NPCs in 113 cells (total alive: 50)
[2026-06-24 06:00:08.407] [WorldPop] Player moved to grid (6,51) fast=False, spawnRadius=6, despawnRadius=10
[2026-06-24 06:00:08.407] [WorldPop] Cells to spawn: 113, already spawned: 32
[2026-06-24 06:00:08.409] [WorldPop] Removed 50 NPCs from 32 distant cells
[2026-06-24 06:00:08.440] [WorldPop] Player moved to grid (22,47) fast=False, spawnRadius=6, despawnRadius=10
[2026-06-24 06:00:08.440] [WorldPop] Cells to spawn: 113, already spawned: 0
[2026-06-24 06:00:08.447] [WorldPop] Spawned 50 new NPCs in 113 cells (total alive: 50)
[2026-06-24 06:00:08.487] [WorldPop] Player moved to grid (6,51) fast=False, spawnRadius=6, despawnRadius=10
[2026-06-24 06:00:08.488] [WorldPop] Cells to spawn: 113, already spawned: 32
[2026-06-24 06:00:08.490] [WorldPop] Removed 50 NPCs from 32 distant cells
[2026-06-24 06:00:08.524] [WorldPop] Player moved to grid (22,47) fast=False, spawnRadius=6, despawnRadius=10
[2026-06-24 06:00:08.525] [WorldPop] Cells to spawn: 113, already spawned: 0
[2026-06-24 06:00:08.534] [WorldPop] Spawned 50 new NPCs in 113 cells (total alive: 50)
[2026-06-24 06:00:08.563] [WorldPop] Player moved to grid (6,51) fast=False, spawnRadius=6, despawnRadius=10
[2026-06-24 06:00:08.563] [WorldPop] Cells to spawn: 113, already spawned: 32
[2026-06-24 06:00:08.566] [WorldPop] Removed 50 NPCs from 32 distant cells
[2026-06-24 06:00:08.588] [WorldPop] Player moved to grid (22,47) fast=False, spawnRadius=6, despawnRadius=10
[2026-06-24 06:00:08.589] [WorldPop] Cells to spawn: 113, already spawned: 0
[2026-06-24 06:00:08.597] [WorldPop] Spawned 50 new NPCs in 113 cells (total alive: 50)
[2026-06-24 06:00:08.658] [WorldPop] Player moved to grid (6,51) fast=False, spawnRadius=6, despawnRadius=10
[2026-06-24 06:00:08.658] [WorldPop] Cells to spawn: 113, already spawned: 32
[2026-06-24 06:00:08.661] [WorldPop] Removed 50 NPCs from 32 distant cells
[2026-06-24 06:00:08.687] [WorldPop] Player moved to grid (22,47) fast=False, spawnRadius=6, despawnRadius=10
[2026-06-24 06:00:08.687] [WorldPop] Cells to spawn: 113, already spawned: 0
[2026-06-24 06:00:08.694] [WorldPop] Spawned 50 new NPCs in 113 cells (total alive: 50)
[2026-06-24 06:00:08.725] [WorldPop] Player moved to grid (6,51) fast=False, spawnRadius=6, despawnRadius=10
[2026-06-24 06:00:08.725] [WorldPop] Cells to spawn: 113, already spawned: 32
[2026-06-24 06:00:08.727] [WorldPop] Removed 50 NPCs from 32 distant cells
[2026-06-24 06:00:08.769] [WorldPop] Player moved to grid (22,47) fast=False, spawnRadius=6, despawnRadius=10
[2026-06-24 06:00:08.770] [WorldPop] Cells to spawn: 113, already spawned: 0
[2026-06-24 06:00:08.777] [WorldPop] Spawned 50 new NPCs in 113 cells (total alive: 50)
[2026-06-24 06:00:08.801] [WorldPop] Player moved to grid (6,51) fast=False, spawnRadius=6, despawnRadius=10
[2026-06-24 06:00:08.801] [WorldPop] Cells to spawn: 113, already spawned: 32
[2026-06-24 06:00:08.804] [WorldPop] Removed 50 NPCs from 32 distant cells
[2026-06-24 06:00:08.840] [WorldPop] Player moved to grid (22,47) fast=False, spawnRadius=6, despawnRadius=10
[2026-06-24 06:00:08.841] [WorldPop] Cells to spawn: 113, already spawned: 0
[2026-06-24 06:00:08.848] [WorldPop] Spawned 50 new NPCs in 113 cells (total alive: 50)
[2026-06-24 06:00:08.875] [WorldPop] Player moved to grid (6,51) fast=False, spawnRadius=6, despawnRadius=10
[2026-06-24 06:00:08.875] [WorldPop] Cells to spawn: 113, already spawned: 32
[2026-06-24 06:00:08.878] [WorldPop] Removed 50 NPCs from 32 distant cells
[2026-06-24 06:00:08.938] [WorldPop] Player moved to grid (22,47) fast=False, spawnRadius=6, despawnRadius=10
[2026-06-24 06:00:08.939] [WorldPop] Cells to spawn: 113, already spawned: 0
[2026-06-24 06:00:08.946] [WorldPop] Spawned 50 new NPCs in 113 cells (total alive: 50)
[2026-06-24 06:00:08.970] [WorldPop] Player moved to grid (6,51) fast=False, spawnRadius=6, despawnRadius=10
[2026-06-24 06:00:08.971] [WorldPop] Cells to spawn: 113, already spawned: 32
[2026-06-24 06:00:08.973] [WorldPop] Removed 50 NPCs from 32 distant cells
[2026-06-24 06:00:08.999] [WorldPop] Player moved to grid (22,47) fast=False, spawnRadius=6, despawnRadius=10
[2026-06-24 06:00:08.999] [WorldPop] Cells to spawn: 113, already spawned: 0
[2026-06-24 06:00:09.007] [WorldPop] Spawned 50 new NPCs in 113 cells (total alive: 50)
[2026-06-24 06:00:09.054] [WorldPop] Player moved to grid (6,51) fast=False, spawnRadius=6, despawnRadius=10
[2026-06-24 06:00:09.054] [WorldPop] Cells to spawn: 113, already spawned: 32
[2026-06-24 06:00:09.057] [WorldPop] Removed 50 NPCs from 32 distant cells
[2026-06-24 06:00:09.078] [WorldPop] Player moved to grid (22,47) fast=False, spawnRadius=6, despawnRadius=10
[2026-06-24 06:00:09.078] [WorldPop] Cells to spawn: 113, already spawned: 0
[2026-06-24 06:00:09.086] [WorldPop] Spawned 50 new NPCs in 113 cells (total alive: 50)
[2026-06-24 06:00:09.126] [WorldPop] Player moved to grid (6,51) fast=False, spawnRadius=6, despawnRadius=10
[2026-06-24 06:00:09.127] [WorldPop] Cells to spawn: 113, already spawned: 32
[2026-06-24 06:00:09.129] [WorldPop] Removed 50 NPCs from 32 distant cells
[2026-06-24 06:00:09.163] [WorldPop] Player moved to grid (22,47) fast=False, spawnRadius=6, despawnRadius=10
[2026-06-24 06:00:09.163] [WorldPop] Cells to spawn: 113, already spawned: 0
[2026-06-24 06:00:09.173] [WorldPop] Spawned 50 new NPCs in 113 cells (total alive: 50)
[2026-06-24 06:00:09.219] [WorldPop] Player moved to grid (6,51) fast=False, spawnRadius=6, despawnRadius=10
[2026-06-24 06:00:09.220] [WorldPop] Cells to spawn: 113, already spawned: 32
[2026-06-24 06:00:09.223] [WorldPop] Removed 50 NPCs from 32 distant cells
[2026-06-24 06:00:09.250] [WorldPop] Player moved to grid (22,47) fast=False, spawnRadius=6, despawnRadius=10
[2026-06-24 06:00:09.250] [WorldPop] Cells to spawn: 113, already spawned: 0
[2026-06-24 06:00:09.258] [WorldPop] Spawned 50 new NPCs in 113 cells (total alive: 50)
[2026-06-24 06:00:09.284] [WorldPop] Player moved to grid (6,51) fast=False, spawnRadius=6, despawnRadius=10
[2026-06-24 06:00:09.284] [WorldPop] Cells to spawn: 113, already spawned: 32
[2026-06-24 06:00:09.287] [WorldPop] Removed 50 NPCs from 32 distant cells
[2026-06-24 06:00:09.330] [WorldPop] Player moved to grid (22,47) fast=False, spawnRadius=6, despawnRadius=10
[2026-06-24 06:00:09.330] [WorldPop] Cells to spawn: 113, already spawned: 0
[2026-06-24 06:00:09.338] [WorldPop] Spawned 50 new NPCs in 113 cells (total alive: 50)
[2026-06-24 06:00:09.376] [WorldPop] Player moved to grid (6,51) fast=False, spawnRadius=6, despawnRadius=10
[2026-06-24 06:00:09.376] [WorldPop] Cells to spawn: 113, already spawned: 32
[2026-06-24 06:00:09.379] [WorldPop] Removed 50 NPCs from 32 distant cells
[2026-06-24 06:00:09.414] [WorldPop] Player moved to grid (22,47) fast=False, spawnRadius=6, despawnRadius=10
[2026-06-24 06:00:09.415] [WorldPop] Cells to spawn: 113, already spawned: 0
[2026-06-24 06:00:09.424] [WorldPop] Spawned 50 new NPCs in 113 cells (total alive: 50)
[2026-06-24 06:00:09.457] [WorldPop] Player moved to grid (6,51) fast=False, spawnRadius=6, despawnRadius=10
[2026-06-24 06:00:09.457] [WorldPop] Cells to spawn: 113, already spawned: 32
[2026-06-24 06:00:09.460] [WorldPop] Removed 50 NPCs from 32 distant cells
[2026-06-24 06:00:09.511] [WorldPop] Player moved to grid (22,47) fast=False, spawnRadius=6, despawnRadius=10
[2026-06-24 06:00:09.512] [WorldPop] Cells to spawn: 113, already spawned: 0
[2026-06-24 06:00:09.518] [WorldPop] Spawned 50 new NPCs in 113 cells (total alive: 50)
[2026-06-24 06:00:09.549] [WorldPop] Player moved to grid (6,51) fast=False, spawnRadius=6, despawnRadius=10
[2026-06-24 06:00:09.549] [WorldPop] Cells to spawn: 113, already spawned: 32
[2026-06-24 06:00:09.552] [WorldPop] Removed 50 NPCs from 32 distant cells
[2026-06-24 06:00:09.571] [WorldPop] Player moved to grid (22,47) fast=False, spawnRadius=6, despawnRadius=10
[2026-06-24 06:00:09.572] [WorldPop] Cells to spawn: 113, already spawned: 0
[2026-06-24 06:00:09.580] [WorldPop] Spawned 50 new NPCs in 113 cells (total alive: 50)
[2026-06-24 06:00:09.626] [WorldPop] Player moved to grid (6,51) fast=False, spawnRadius=6, despawnRadius=10
[2026-06-24 06:00:09.626] [WorldPop] Cells to spawn: 113, already spawned: 32
[2026-06-24 06:00:09.629] [WorldPop] Removed 50 NPCs from 32 distant cells
[2026-06-24 06:00:09.652] [WorldPop] Player moved to grid (22,47) fast=False, spawnRadius=6, despawnRadius=10
[2026-06-24 06:00:09.653] [WorldPop] Cells to spawn: 113, already spawned: 0
[2026-06-24 06:00:09.660] [WorldPop] Spawned 50 new NPCs in 113 cells (total alive: 50)
[2026-06-24 06:00:09.683] [WorldPop] Player moved to grid (6,51) fast=False, spawnRadius=6, despawnRadius=10
[2026-06-24 06:00:09.684] [WorldPop] Cells to spawn: 113, already spawned: 32
[2026-06-24 06:00:09.686] [WorldPop] Removed 50 NPCs from 32 distant cells
[2026-06-24 06:00:09.724] [WorldPop] Player moved to grid (22,47) fast=False, spawnRadius=6, despawnRadius=10
[2026-06-24 06:00:09.724] [WorldPop] Cells to spawn: 113, already spawned: 0
[2026-06-24 06:00:09.749] [WorldPop] Spawned 50 new NPCs in 113 cells (total alive: 50)
[2026-06-24 06:00:09.772] [WorldPop] Player moved to grid (6,51) fast=False, spawnRadius=6, despawnRadius=10
[2026-06-24 06:00:09.772] [WorldPop] Cells to spawn: 113, already spawned: 32
[2026-06-24 06:00:09.775] [WorldPop] Removed 50 NPCs from 32 distant cells
[2026-06-24 06:00:09.798] [WorldPop] Player moved to grid (22,47) fast=False, spawnRadius=6, despawnRadius=10
[2026-06-24 06:00:09.798] [WorldPop] Cells to spawn: 113, already spawned: 0
[2026-06-24 06:00:09.805] [WorldPop] Spawned 50 new NPCs in 113 cells (total alive: 50)
[2026-06-24 06:00:09.844] [WorldPop] Player moved to grid (6,51) fast=False, spawnRadius=6, despawnRadius=10
[2026-06-24 06:00:09.844] [WorldPop] Cells to spawn: 113, already spawned: 32
[2026-06-24 06:00:09.847] [WorldPop] Removed 50 NPCs from 32 distant cells
[2026-06-24 06:00:09.903] [WorldPop] Player moved to grid (22,47) fast=False, spawnRadius=6, despawnRadius=10
[2026-06-24 06:00:09.903] [WorldPop] Cells to spawn: 113, already spawned: 0
[2026-06-24 06:00:09.911] [WorldPop] Spawned 50 new NPCs in 113 cells (total alive: 50)
[2026-06-24 06:00:09.938] [WorldPop] Player moved to grid (6,51) fast=False, spawnRadius=6, despawnRadius=10
[2026-06-24 06:00:09.938] [WorldPop] Cells to spawn: 113, already spawned: 32
[2026-06-24 06:00:09.941] [WorldPop] Removed 50 NPCs from 32 distant cells
[2026-06-24 06:00:09.969] [WorldPop] Player moved to grid (22,47) fast=False, spawnRadius=6, despawnRadius=10
[2026-06-24 06:00:09.969] [WorldPop] Cells to spawn: 113, already spawned: 0
[2026-06-24 06:00:09.977] [WorldPop] Spawned 50 new NPCs in 113 cells (total alive: 50)
[2026-06-24 06:00:10.019] [WorldPop] Player moved to grid (6,51) fast=False, spawnRadius=6, despawnRadius=10
[2026-06-24 06:00:10.020] [WorldPop] Cells to spawn: 113, already spawned: 32
[2026-06-24 06:00:10.022] [WorldPop] Removed 50 NPCs from 32 distant cells
[2026-06-24 06:00:10.044] [WorldPop] Player moved to grid (22,47) fast=False, spawnRadius=6, despawnRadius=10
[2026-06-24 06:00:10.044] [WorldPop] Cells to spawn: 113, already spawned: 0
[2026-06-24 06:00:10.051] [WorldPop] Spawned 50 new NPCs in 113 cells (total alive: 50)
[2026-06-24 06:00:10.080] [WorldPop] Player moved to grid (6,51) fast=False, spawnRadius=6, despawnRadius=10
[2026-06-24 06:00:10.080] [WorldPop] Cells to spawn: 113, already spawned: 32
[2026-06-24 06:00:10.083] [WorldPop] Removed 50 NPCs from 32 distant cells
[2026-06-24 06:00:10.115] [WorldPop] Player moved to grid (22,47) fast=False, spawnRadius=6, despawnRadius=10
[2026-06-24 06:00:10.116] [WorldPop] Cells to spawn: 113, already spawned: 0
[2026-06-24 06:00:10.139] [WorldPop] Spawned 50 new NPCs in 113 cells (total alive: 50)
[2026-06-24 06:00:10.164] [WorldPop] Player moved to grid (6,51) fast=False, spawnRadius=6, despawnRadius=10
[2026-06-24 06:00:10.164] [WorldPop] Cells to spawn: 113, already spawned: 32
[2026-06-24 06:00:10.168] [WorldPop] Removed 50 NPCs from 32 distant cells
[2026-06-24 06:00:10.194] [WorldPop] Player moved to grid (22,47) fast=False, spawnRadius=6, despawnRadius=10
[2026-06-24 06:00:10.195] [WorldPop] Cells to spawn: 113, already spawned: 0
[2026-06-24 06:00:10.203] [WorldPop] Spawned 50 new NPCs in 113 cells (total alive: 50)
[2026-06-24 06:00:10.255] [WorldPop] Player moved to grid (6,51) fast=False, spawnRadius=6, despawnRadius=10
[2026-06-24 06:00:10.256] [WorldPop] Cells to spawn: 113, already spawned: 32
[2026-06-24 06:00:10.258] [WorldPop] Removed 50 NPCs from 32 distant cells
[2026-06-24 06:00:10.297] [WorldPop] Player moved to grid (22,47) fast=False, spawnRadius=6, despawnRadius=10
[2026-06-24 06:00:10.297] [WorldPop] Cells to spawn: 113, already spawned: 0
[2026-06-24 06:00:10.304] [WorldPop] Spawned 50 new NPCs in 113 cells (total alive: 50)
[2026-06-24 06:00:10.327] [WorldPop] Player moved to grid (6,51) fast=False, spawnRadius=6, despawnRadius=10
[2026-06-24 06:00:10.328] [WorldPop] Cells to spawn: 113, already spawned: 32
[2026-06-24 06:00:10.330] [WorldPop] Removed 50 NPCs from 32 distant cells
[2026-06-24 06:00:10.362] [WorldPop] Player moved to grid (22,47) fast=False, spawnRadius=6, despawnRadius=10
[2026-06-24 06:00:10.363] [WorldPop] Cells to spawn: 113, already spawned: 0
[2026-06-24 06:00:10.371] [WorldPop] Spawned 50 new NPCs in 113 cells (total alive: 50)
[2026-06-24 06:00:10.421] [WorldPop] Player moved to grid (6,51) fast=False, spawnRadius=6, despawnRadius=10
[2026-06-24 06:00:10.421] [WorldPop] Cells to spawn: 113, already spawned: 32
[2026-06-24 06:00:10.424] [WorldPop] Removed 50 NPCs from 32 distant cells
[2026-06-24 06:00:10.449] [WorldPop] Player moved to grid (22,47) fast=False, spawnRadius=6, despawnRadius=10
[2026-06-24 06:00:10.449] [WorldPop] Cells to spawn: 113, already spawned: 0
[2026-06-24 06:00:10.456] [WorldPop] Spawned 50 new NPCs in 113 cells (total alive: 50)
[2026-06-24 06:00:10.482] [WorldPop] Player moved to grid (6,51) fast=False, spawnRadius=6, despawnRadius=10
[2026-06-24 06:00:10.482] [WorldPop] Cells to spawn: 113, already spawned: 32
[2026-06-24 06:00:10.484] [WorldPop] Removed 50 NPCs from 32 distant cells
[2026-06-24 06:00:10.515] [WorldPop] Player moved to grid (22,47) fast=False, spawnRadius=6, despawnRadius=10
[2026-06-24 06:00:10.515] [WorldPop] Cells to spawn: 113, already spawned: 0
[2026-06-24 06:00:10.527] [WorldPop] Spawned 50 new NPCs in 113 cells (total alive: 50)
[2026-06-24 06:00:10.566] [WorldPop] Player moved to grid (6,51) fast=False, spawnRadius=6, despawnRadius=10
[2026-06-24 06:00:10.567] [WorldPop] Cells to spawn: 113, already spawned: 32
[2026-06-24 06:00:10.569] [WorldPop] Removed 50 NPCs from 32 distant cells
[2026-06-24 06:00:10.602] [WorldPop] Player moved to grid (22,47) fast=False, spawnRadius=6, despawnRadius=10
[2026-06-24 06:00:10.602] [WorldPop] Cells to spawn: 113, already spawned: 0
[2026-06-24 06:00:10.610] [WorldPop] Spawned 50 new NPCs in 113 cells (total alive: 50)
[2026-06-24 06:00:10.636] [WorldPop] Player moved to grid (6,51) fast=False, spawnRadius=6, despawnRadius=10
[2026-06-24 06:00:10.636] [WorldPop] Cells to spawn: 113, already spawned: 32
[2026-06-24 06:00:10.639] [WorldPop] Removed 50 NPCs from 32 distant cells
[2026-06-24 06:00:10.713] [WorldPop] Player moved to grid (22,47) fast=False, spawnRadius=6, despawnRadius=10
[2026-06-24 06:00:10.713] [WorldPop] Cells to spawn: 113, already spawned: 0
[2026-06-24 06:00:10.722] [WorldPop] Spawned 50 new NPCs in 113 cells (total alive: 50)
[2026-06-24 06:00:10.744] [WorldPop] Player moved to grid (6,51) fast=False, spawnRadius=6, despawnRadius=10
[2026-06-24 06:00:10.745] [WorldPop] Cells to spawn: 113, already spawned: 32
[2026-06-24 06:00:10.747] [WorldPop] Removed 50 NPCs from 32 distant cells
[2026-06-24 06:00:10.771] [WorldPop] Player moved to grid (22,47) fast=False, spawnRadius=6, despawnRadius=10
[2026-06-24 06:00:10.772] [WorldPop] Cells to spawn: 113, already spawned: 0
[2026-06-24 06:00:10.781] [WorldPop] Spawned 50 new NPCs in 113 cells (total alive: 50)
[2026-06-24 06:00:10.825] [WorldPop] Player moved to grid (6,51) fast=False, spawnRadius=6, despawnRadius=10
[2026-06-24 06:00:10.826] [WorldPop] Cells to spawn: 113, already spawned: 32
[2026-06-24 06:00:10.828] [WorldPop] Removed 50 NPCs from 32 distant cells
[2026-06-24 06:00:10.851] [WorldPop] Player moved to grid (22,47) fast=False, spawnRadius=6, despawnRadius=10
[2026-06-24 06:00:10.851] [WorldPop] Cells to spawn: 113, already spawned: 0
[2026-06-24 06:00:10.861] [WorldPop] Spawned 50 new NPCs in 113 cells (total alive: 50)
[2026-06-24 06:00:10.886] [WorldPop] Player moved to grid (6,51) fast=False, spawnRadius=6, despawnRadius=10
[2026-06-24 06:00:10.886] [WorldPop] Cells to spawn: 113, already spawned: 32
[2026-06-24 06:00:10.889] [WorldPop] Removed 50 NPCs from 32 distant cells
[2026-06-24 06:00:10.926] [WorldPop] Player moved to grid (22,47) fast=False, spawnRadius=6, despawnRadius=10
[2026-06-24 06:00:10.926] [WorldPop] Cells to spawn: 113, already spawned: 0
[2026-06-24 06:00:10.951] [WorldPop] Spawned 50 new NPCs in 113 cells (total alive: 50)
[2026-06-24 06:00:10.978] [WorldPop] Player moved to grid (6,51) fast=False, spawnRadius=6, despawnRadius=10
[2026-06-24 06:00:10.978] [WorldPop] Cells to spawn: 113, already spawned: 32
[2026-06-24 06:00:10.981] [WorldPop] Removed 50 NPCs from 32 distant cells
[2026-06-24 06:00:11.003] [WorldPop] Player moved to grid (22,47) fast=False, spawnRadius=6, despawnRadius=10
[2026-06-24 06:00:11.003] [WorldPop] Cells to spawn: 113, already spawned: 0
[2026-06-24 06:00:11.016] [WorldPop] Spawned 50 new NPCs in 113 cells (total alive: 50)
[2026-06-24 06:00:11.039] [WorldPop] Player moved to grid (6,51) fast=False, spawnRadius=6, despawnRadius=10
[2026-06-24 06:00:11.040] [WorldPop] Cells to spawn: 113, already spawned: 32
[2026-06-24 06:00:11.042] [WorldPop] Removed 50 NPCs from 32 distant cells
[2026-06-24 06:00:11.105] [WorldPop] Player moved to grid (22,47) fast=False, spawnRadius=6, despawnRadius=10
[2026-06-24 06:00:11.105] [WorldPop] Cells to spawn: 113, already spawned: 0
[2026-06-24 06:00:11.112] [WorldPop] Spawned 50 new NPCs in 113 cells (total alive: 50)
[2026-06-24 06:00:11.136] [WorldPop] Player moved to grid (6,51) fast=False, spawnRadius=6, despawnRadius=10
[2026-06-24 06:00:11.137] [WorldPop] Cells to spawn: 113, already spawned: 32
[2026-06-24 06:00:11.139] [WorldPop] Removed 50 NPCs from 32 distant cells
[2026-06-24 06:00:11.160] [WorldPop] Player moved to grid (22,47) fast=False, spawnRadius=6, despawnRadius=10
[2026-06-24 06:00:11.160] [WorldPop] Cells to spawn: 113, already spawned: 0
[2026-06-24 06:00:11.171] [WorldPop] Spawned 50 new NPCs in 113 cells (total alive: 50)
[2026-06-24 06:00:11.215] [WorldPop] Player moved to grid (6,51) fast=False, spawnRadius=6, despawnRadius=10
[2026-06-24 06:00:11.215] [WorldPop] Cells to spawn: 113, already spawned: 32
[2026-06-24 06:00:11.218] [WorldPop] Removed 50 NPCs from 32 distant cells
[2026-06-24 06:00:11.245] [WorldPop] Player moved to grid (22,47) fast=False, spawnRadius=6, despawnRadius=10
[2026-06-24 06:00:11.245] [WorldPop] Cells to spawn: 113, already spawned: 0
[2026-06-24 06:00:11.251] [WorldPop] Spawned 50 new NPCs in 113 cells (total alive: 50)
[2026-06-24 06:00:11.274] [WorldPop] Player moved to grid (7,51) fast=False, spawnRadius=6, despawnRadius=10
[2026-06-24 06:00:11.275] [WorldPop] Cells to spawn: 113, already spawned: 32
[2026-06-24 06:00:11.277] [WorldPop] Removed 48 NPCs from 31 distant cells
[2026-06-24 06:00:11.321] [WorldPop] Player moved to grid (22,47) fast=False, spawnRadius=6, despawnRadius=10
[2026-06-24 06:00:11.321] [WorldPop] Cells to spawn: 112, already spawned: 1
[2026-06-24 06:00:11.340] [WorldPop] Spawned 48 new NPCs in 112 cells (total alive: 50)
[2026-06-24 06:00:11.360] [WorldPop] Player moved to grid (7,51) fast=False, spawnRadius=6, despawnRadius=10
[2026-06-24 06:00:11.361] [WorldPop] Cells to spawn: 113, already spawned: 32
[2026-06-24 06:00:11.363] [WorldPop] Removed 48 NPCs from 31 distant cells
[2026-06-24 06:00:11.391] [WorldPop] Player moved to grid (22,47) fast=False, spawnRadius=6, despawnRadius=10
[2026-06-24 06:00:11.391] [WorldPop] Cells to spawn: 112, already spawned: 1
[2026-06-24 06:00:11.400] [WorldPop] Spawned 48 new NPCs in 112 cells (total alive: 50)
[2026-06-24 06:00:11.443] [WorldPop] Player moved to grid (7,51) fast=False, spawnRadius=6, despawnRadius=10
[2026-06-24 06:00:11.444] [WorldPop] Cells to spawn: 113, already spawned: 32
[2026-06-24 06:00:11.447] [WorldPop] Removed 48 NPCs from 31 distant cells
[2026-06-24 06:00:11.488] [WorldPop] Player moved to grid (22,47) fast=False, spawnRadius=6, despawnRadius=10
[2026-06-24 06:00:11.488] [WorldPop] Cells to spawn: 112, already spawned: 1
[2026-06-24 06:00:11.496] [WorldPop] Spawned 48 new NPCs in 112 cells (total alive: 50)
[2026-06-24 06:00:11.525] [WorldPop] Player moved to grid (7,51) fast=False, spawnRadius=6, despawnRadius=10
[2026-06-24 06:00:11.525] [WorldPop] Cells to spawn: 113, already spawned: 32
[2026-06-24 06:00:11.527] [WorldPop] Removed 48 NPCs from 31 distant cells
[2026-06-24 06:00:11.558] [WorldPop] Player moved to grid (22,47) fast=False, spawnRadius=6, despawnRadius=10
[2026-06-24 06:00:11.558] [WorldPop] Cells to spawn: 112, already spawned: 1
[2026-06-24 06:00:11.565] [WorldPop] Spawned 48 new NPCs in 112 cells (total alive: 50)
[2026-06-24 06:00:11.604] [WorldPop] Player moved to grid (7,51) fast=False, spawnRadius=6, despawnRadius=10
[2026-06-24 06:00:11.604] [WorldPop] Cells to spawn: 113, already spawned: 32
[2026-06-24 06:00:11.606] [WorldPop] Removed 48 NPCs from 31 distant cells
[2026-06-24 06:00:11.639] [WorldPop] Player moved to grid (22,47) fast=False, spawnRadius=6, despawnRadius=10
[2026-06-24 06:00:11.640] [WorldPop] Cells to spawn: 112, already spawned: 1
[2026-06-24 06:00:11.647] [WorldPop] Spawned 48 new NPCs in 112 cells (total alive: 50)
[2026-06-24 06:00:11.674] [WorldPop] Player moved to grid (7,51) fast=False, spawnRadius=6, despawnRadius=10
[2026-06-24 06:00:11.674] [WorldPop] Cells to spawn: 113, already spawned: 32
[2026-06-24 06:00:11.678] [WorldPop] Removed 48 NPCs from 31 distant cells
[2026-06-24 06:00:11.723] [WorldPop] Player moved to grid (22,47) fast=False, spawnRadius=6, despawnRadius=10
[2026-06-24 06:00:11.723] [WorldPop] Cells to spawn: 112, already spawned: 1
[2026-06-24 06:00:11.731] [WorldPop] Spawned 48 new NPCs in 112 cells (total alive: 50)
[2026-06-24 06:00:11.771] [WorldPop] Player moved to grid (7,51) fast=False, spawnRadius=6, despawnRadius=10
[2026-06-24 06:00:11.772] [WorldPop] Cells to spawn: 113, already spawned: 32
[2026-06-24 06:00:11.774] [WorldPop] Removed 48 NPCs from 31 distant cells
[2026-06-24 06:00:11.797] [WorldPop] Player moved to grid (22,47) fast=False, spawnRadius=6, despawnRadius=10
[2026-06-24 06:00:11.798] [WorldPop] Cells to spawn: 112, already spawned: 1
[2026-06-24 06:00:11.805] [WorldPop] Spawned 48 new NPCs in 112 cells (total alive: 50)
[2026-06-24 06:00:11.839] [WorldPop] Player moved to grid (7,51) fast=False, spawnRadius=6, despawnRadius=10
[2026-06-24 06:00:11.839] [WorldPop] Cells to spawn: 113, already spawned: 32
[2026-06-24 06:00:11.842] [WorldPop] Removed 48 NPCs from 31 distant cells
[2026-06-24 06:00:11.884] [WorldPop] Player moved to grid (22,47) fast=False, spawnRadius=6, despawnRadius=10
[2026-06-24 06:00:11.885] [WorldPop] Cells to spawn: 112, already spawned: 1
[2026-06-24 06:00:11.893] [WorldPop] Spawned 48 new NPCs in 112 cells (total alive: 50)
[2026-06-24 06:00:11.922] [WorldPop] Player moved to grid (7,51) fast=False, spawnRadius=6, despawnRadius=10
[2026-06-24 06:00:11.922] [WorldPop] Cells to spawn: 113, already spawned: 32
[2026-06-24 06:00:11.924] [WorldPop] Removed 48 NPCs from 31 distant cells
[2026-06-24 06:00:11.961] [WorldPop] Player moved to grid (22,47) fast=False, spawnRadius=6, despawnRadius=10
[2026-06-24 06:00:11.961] [WorldPop] Cells to spawn: 112, already spawned: 1
[2026-06-24 06:00:11.968] [WorldPop] Spawned 48 new NPCs in 112 cells (total alive: 50)
[2026-06-24 06:00:11.992] [WorldPop] Player moved to grid (7,51) fast=False, spawnRadius=6, despawnRadius=10
[2026-06-24 06:00:11.992] [WorldPop] Cells to spawn: 113, already spawned: 32
[2026-06-24 06:00:11.995] [WorldPop] Removed 48 NPCs from 31 distant cells
[2026-06-24 06:00:12.050] [WorldPop] Player moved to grid (22,47) fast=False, spawnRadius=6, despawnRadius=10
[2026-06-24 06:00:12.050] [WorldPop] Cells to spawn: 112, already spawned: 1
[2026-06-24 06:00:12.057] [WorldPop] Spawned 48 new NPCs in 112 cells (total alive: 50)
[2026-06-24 06:00:12.077] [WorldPop] Player moved to grid (7,51) fast=False, spawnRadius=6, despawnRadius=10
[2026-06-24 06:00:12.078] [WorldPop] Cells to spawn: 113, already spawned: 32
[2026-06-24 06:00:12.081] [WorldPop] Removed 48 NPCs from 31 distant cells
[2026-06-24 06:00:12.122] [WorldPop] Player moved to grid (22,47) fast=False, spawnRadius=6, despawnRadius=10
[2026-06-24 06:00:12.122] [WorldPop] Cells to spawn: 112, already spawned: 1
[2026-06-24 06:00:12.130] [WorldPop] Spawned 48 new NPCs in 112 cells (total alive: 50)
[2026-06-24 06:00:12.179] [WorldPop] Player moved to grid (7,51) fast=False, spawnRadius=6, despawnRadius=10
[2026-06-24 06:00:12.179] [WorldPop] Cells to spawn: 113, already spawned: 32
[2026-06-24 06:00:12.182] [WorldPop] Removed 48 NPCs from 31 distant cells
[2026-06-24 06:00:12.201] [WorldPop] Player moved to grid (22,47) fast=False, spawnRadius=6, despawnRadius=10
[2026-06-24 06:00:12.201] [WorldPop] Cells to spawn: 112, already spawned: 1
[2026-06-24 06:00:12.209] [WorldPop] Spawned 48 new NPCs in 112 cells (total alive: 50)
[2026-06-24 06:00:12.256] [WorldPop] Player moved to grid (7,51) fast=False, spawnRadius=6, despawnRadius=10
[2026-06-24 06:00:12.256] [WorldPop] Cells to spawn: 113, already spawned: 32
[2026-06-24 06:00:12.259] [WorldPop] Removed 48 NPCs from 31 distant cells
[2026-06-24 06:00:12.306] [WorldPop] Player moved to grid (22,47) fast=False, spawnRadius=6, despawnRadius=10
[2026-06-24 06:00:12.307] [WorldPop] Cells to spawn: 112, already spawned: 1
[2026-06-24 06:00:12.329] [WorldPop] Spawned 48 new NPCs in 112 cells (total alive: 50)
[2026-06-24 06:00:12.350] [WorldPop] Player moved to grid (7,51) fast=False, spawnRadius=6, despawnRadius=10
[2026-06-24 06:00:12.350] [WorldPop] Cells to spawn: 113, already spawned: 32
[2026-06-24 06:00:12.353] [WorldPop] Removed 48 NPCs from 31 distant cells
[2026-06-24 06:00:12.378] [WorldPop] Player moved to grid (22,47) fast=False, spawnRadius=6, despawnRadius=10
[2026-06-24 06:00:12.378] [WorldPop] Cells to spawn: 112, already spawned: 1
[2026-06-24 06:00:12.386] [WorldPop] Spawned 48 new NPCs in 112 cells (total alive: 50)
[2026-06-24 06:00:12.413] [WorldPop] Player moved to grid (7,51) fast=False, spawnRadius=6, despawnRadius=10
[2026-06-24 06:00:12.413] [WorldPop] Cells to spawn: 113, already spawned: 32
[2026-06-24 06:00:12.416] [WorldPop] Removed 48 NPCs from 31 distant cells
[2026-06-24 06:00:12.456] [WorldPop] Player moved to grid (22,47) fast=False, spawnRadius=6, despawnRadius=10
[2026-06-24 06:00:12.457] [WorldPop] Cells to spawn: 112, already spawned: 1
[2026-06-24 06:00:12.464] [WorldPop] Spawned 48 new NPCs in 112 cells (total alive: 50)
[2026-06-24 06:00:12.487] [WorldPop] Player moved to grid (7,51) fast=False, spawnRadius=6, despawnRadius=10
[2026-06-24 06:00:12.487] [WorldPop] Cells to spawn: 113, already spawned: 32
[2026-06-24 06:00:12.490] [WorldPop] Removed 48 NPCs from 31 distant cells
[2026-06-24 06:00:12.512] [WorldPop] Player moved to grid (22,47) fast=False, spawnRadius=6, despawnRadius=10
[2026-06-24 06:00:12.512] [WorldPop] Cells to spawn: 112, already spawned: 1
[2026-06-24 06:00:12.521] [WorldPop] Spawned 48 new NPCs in 112 cells (total alive: 50)
[2026-06-24 06:00:12.584] [WorldPop] Player moved to grid (7,51) fast=False, spawnRadius=6, despawnRadius=10
[2026-06-24 06:00:12.584] [WorldPop] Cells to spawn: 113, already spawned: 32
[2026-06-24 06:00:12.587] [WorldPop] Removed 48 NPCs from 31 distant cells
[2026-06-24 06:00:12.606] [WorldPop] Player moved to grid (22,47) fast=False, spawnRadius=6, despawnRadius=10
[2026-06-24 06:00:12.607] [WorldPop] Cells to spawn: 112, already spawned: 1
[2026-06-24 06:00:12.618] [WorldPop] Spawned 48 new NPCs in 112 cells (total alive: 50)
[2026-06-24 06:00:12.659] [WorldPop] Player moved to grid (7,51) fast=False, spawnRadius=6, despawnRadius=10
[2026-06-24 06:00:12.659] [WorldPop] Cells to spawn: 113, already spawned: 32
[2026-06-24 06:00:12.662] [WorldPop] Removed 48 NPCs from 31 distant cells
[2026-06-24 06:00:12.684] [WorldPop] Player moved to grid (22,47) fast=False, spawnRadius=6, despawnRadius=10
[2026-06-24 06:00:12.684] [WorldPop] Cells to spawn: 112, already spawned: 1
[2026-06-24 06:00:12.693] [WorldPop] Spawned 48 new NPCs in 112 cells (total alive: 50)
[2026-06-24 06:00:12.751] [WorldPop] Player moved to grid (7,51) fast=False, spawnRadius=6, despawnRadius=10
[2026-06-24 06:00:12.752] [WorldPop] Cells to spawn: 113, already spawned: 32
[2026-06-24 06:00:12.754] [WorldPop] Removed 48 NPCs from 31 distant cells
[2026-06-24 06:00:12.775] [WorldPop] Player moved to grid (22,47) fast=False, spawnRadius=6, despawnRadius=10
[2026-06-24 06:00:12.775] [WorldPop] Cells to spawn: 112, already spawned: 1
[2026-06-24 06:00:12.785] [WorldPop] Spawned 48 new NPCs in 112 cells (total alive: 50)
[2026-06-24 06:00:12.811] [WorldPop] Player moved to grid (7,51) fast=False, spawnRadius=6, despawnRadius=10
[2026-06-24 06:00:12.811] [WorldPop] Cells to spawn: 113, already spawned: 32
[2026-06-24 06:00:12.814] [WorldPop] Removed 48 NPCs from 31 distant cells
[2026-06-24 06:00:12.864] [WorldPop] Player moved to grid (22,47) fast=False, spawnRadius=6, despawnRadius=10
[2026-06-24 06:00:12.864] [WorldPop] Cells to spawn: 112, already spawned: 1
[2026-06-24 06:00:12.871] [WorldPop] Spawned 48 new NPCs in 112 cells (total alive: 50)
[2026-06-24 06:00:12.893] [WorldPop] Player moved to grid (7,51) fast=False, spawnRadius=6, despawnRadius=10
[2026-06-24 06:00:12.895] [WorldPop] Cells to spawn: 113, already spawned: 32
[2026-06-24 06:00:12.898] [WorldPop] Removed 48 NPCs from 31 distant cells
[2026-06-24 06:00:12.921] [WorldPop] Player moved to grid (22,47) fast=False, spawnRadius=6, despawnRadius=10
[2026-06-24 06:00:12.921] [WorldPop] Cells to spawn: 112, already spawned: 1
[2026-06-24 06:00:12.930] [WorldPop] Spawned 48 new NPCs in 112 cells (total alive: 50)
[2026-06-24 06:00:12.964] [WorldPop] Player moved to grid (7,51) fast=False, spawnRadius=6, despawnRadius=10
[2026-06-24 06:00:12.965] [WorldPop] Cells to spawn: 113, already spawned: 32
[2026-06-24 06:00:12.968] [WorldPop] Removed 48 NPCs from 31 distant cells
[2026-06-24 06:00:13.016] [WorldPop] Player moved to grid (22,47) fast=False, spawnRadius=6, despawnRadius=10
[2026-06-24 06:00:13.016] [WorldPop] Cells to spawn: 112, already spawned: 1
[2026-06-24 06:00:13.022] [WorldPop] Spawned 48 new NPCs in 112 cells (total alive: 50)
[2026-06-24 06:00:13.042] [WorldPop] Player moved to grid (8,51) fast=False, spawnRadius=6, despawnRadius=10
[2026-06-24 06:00:13.042] [WorldPop] Cells to spawn: 113, already spawned: 32
[2026-06-24 06:00:13.046] [WorldPop] Removed 41 NPCs from 26 distant cells
[2026-06-24 06:00:13.078] [WorldPop] Player moved to grid (22,47) fast=False, spawnRadius=6, despawnRadius=10
[2026-06-24 06:00:13.078] [WorldPop] Cells to spawn: 107, already spawned: 6
[2026-06-24 06:00:13.084] [WorldPop] Spawned 41 new NPCs in 107 cells (total alive: 50)
[2026-06-24 06:00:13.143] [WorldPop] Player moved to grid (8,51) fast=False, spawnRadius=6, despawnRadius=10
[2026-06-24 06:00:13.143] [WorldPop] Cells to spawn: 113, already spawned: 32
[2026-06-24 06:00:13.145] [WorldPop] Removed 41 NPCs from 26 distant cells
[2026-06-24 06:00:13.166] [WorldPop] Player moved to grid (22,47) fast=False, spawnRadius=6, despawnRadius=10
[2026-06-24 06:00:13.167] [WorldPop] Cells to spawn: 107, already spawned: 6
[2026-06-24 06:00:13.173] [WorldPop] Spawned 41 new NPCs in 107 cells (total alive: 50)
[2026-06-24 06:00:13.196] [WorldPop] Player moved to grid (8,51) fast=False, spawnRadius=6, despawnRadius=10
[2026-06-24 06:00:13.197] [WorldPop] Cells to spawn: 113, already spawned: 32
[2026-06-24 06:00:13.200] [WorldPop] Removed 41 NPCs from 26 distant cells
[2026-06-24 06:00:13.250] [WorldPop] Player moved to grid (22,47) fast=False, spawnRadius=6, despawnRadius=10
[2026-06-24 06:00:13.251] [WorldPop] Cells to spawn: 107, already spawned: 6
[2026-06-24 06:00:13.256] [WorldPop] Spawned 41 new NPCs in 107 cells (total alive: 50)
[2026-06-24 06:00:13.291] [WorldPop] Player moved to grid (8,51) fast=False, spawnRadius=6, despawnRadius=10
[2026-06-24 06:00:13.292] [WorldPop] Cells to spawn: 113, already spawned: 32
[2026-06-24 06:00:13.295] [WorldPop] Removed 41 NPCs from 26 distant cells
[2026-06-24 06:00:13.316] [WorldPop] Player moved to grid (22,47) fast=False, spawnRadius=6, despawnRadius=10
[2026-06-24 06:00:13.317] [WorldPop] Cells to spawn: 107, already spawned: 6
[2026-06-24 06:00:13.323] [WorldPop] Spawned 41 new NPCs in 107 cells (total alive: 50)
[2026-06-24 06:00:13.356] [WorldPop] Player moved to grid (8,51) fast=False, spawnRadius=6, despawnRadius=10
[2026-06-24 06:00:13.356] [WorldPop] Cells to spawn: 113, already spawned: 32
[2026-06-24 06:00:13.358] [WorldPop] Removed 41 NPCs from 26 distant cells
[2026-06-24 06:00:13.402] [WorldPop] Player moved to grid (22,47) fast=False, spawnRadius=6, despawnRadius=10
[2026-06-24 06:00:13.402] [WorldPop] Cells to spawn: 107, already spawned: 6
[2026-06-24 06:00:13.419] [WorldPop] Spawned 41 new NPCs in 107 cells (total alive: 50)
[2026-06-24 06:00:13.442] [WorldPop] Player moved to grid (8,51) fast=False, spawnRadius=6, despawnRadius=10
[2026-06-24 06:00:13.442] [WorldPop] Cells to spawn: 113, already spawned: 32
[2026-06-24 06:00:13.445] [WorldPop] Removed 41 NPCs from 26 distant cells
[2026-06-24 06:00:13.475] [WorldPop] Player moved to grid (22,47) fast=False, spawnRadius=6, despawnRadius=10
[2026-06-24 06:00:13.475] [WorldPop] Cells to spawn: 107, already spawned: 6
[2026-06-24 06:00:13.481] [WorldPop] Spawned 41 new NPCs in 107 cells (total alive: 50)
[2026-06-24 06:00:13.518] [WorldPop] Player moved to grid (8,51) fast=False, spawnRadius=6, despawnRadius=10
[2026-06-24 06:00:13.518] [WorldPop] Cells to spawn: 113, already spawned: 32
[2026-06-24 06:00:13.520] [WorldPop] Removed 41 NPCs from 26 distant cells
[2026-06-24 06:00:13.573] [WorldPop] Player moved to grid (22,47) fast=False, spawnRadius=6, despawnRadius=10
[2026-06-24 06:00:13.573] [WorldPop] Cells to spawn: 107, already spawned: 6
[2026-06-24 06:00:13.579] [WorldPop] Spawned 41 new NPCs in 107 cells (total alive: 50)
[2026-06-24 06:00:13.605] [WorldPop] Player moved to grid (8,51) fast=False, spawnRadius=6, despawnRadius=10
[2026-06-24 06:00:13.605] [WorldPop] Cells to spawn: 113, already spawned: 32
[2026-06-24 06:00:13.608] [WorldPop] Removed 41 NPCs from 26 distant cells
[2026-06-24 06:00:13.637] [WorldPop] Player moved to grid (22,47) fast=False, spawnRadius=6, despawnRadius=10
[2026-06-24 06:00:13.637] [WorldPop] Cells to spawn: 107, already spawned: 6
[2026-06-24 06:00:13.643] [WorldPop] Spawned 41 new NPCs in 107 cells (total alive: 50)
[2026-06-24 06:00:13.672] [WorldPop] Player moved to grid (8,51) fast=False, spawnRadius=6, despawnRadius=10
[2026-06-24 06:00:13.673] [WorldPop] Cells to spawn: 113, already spawned: 32
[2026-06-24 06:00:13.675] [WorldPop] Removed 41 NPCs from 26 distant cells
[2026-06-24 06:00:13.720] [WorldPop] Player moved to grid (22,47) fast=False, spawnRadius=6, despawnRadius=10
[2026-06-24 06:00:13.721] [WorldPop] Cells to spawn: 107, already spawned: 6
[2026-06-24 06:00:13.726] [WorldPop] Spawned 41 new NPCs in 107 cells (total alive: 50)
[2026-06-24 06:00:13.752] [WorldPop] Player moved to grid (8,51) fast=False, spawnRadius=6, despawnRadius=10
[2026-06-24 06:00:13.752] [WorldPop] Cells to spawn: 113, already spawned: 32
[2026-06-24 06:00:13.755] [WorldPop] Removed 41 NPCs from 26 distant cells
[2026-06-24 06:00:13.803] [WorldPop] Player moved to grid (22,47) fast=False, spawnRadius=6, despawnRadius=10
[2026-06-24 06:00:13.803] [WorldPop] Cells to spawn: 107, already spawned: 6
[2026-06-24 06:00:13.810] [WorldPop] Spawned 41 new NPCs in 107 cells (total alive: 50)
[2026-06-24 06:00:13.855] [WorldPop] Player moved to grid (8,51) fast=False, spawnRadius=6, despawnRadius=10
[2026-06-24 06:00:13.856] [WorldPop] Cells to spawn: 113, already spawned: 32
[2026-06-24 06:00:13.858] [WorldPop] Removed 41 NPCs from 26 distant cells
[2026-06-24 06:00:13.878] [WorldPop] Player moved to grid (22,47) fast=False, spawnRadius=6, despawnRadius=10
[2026-06-24 06:00:13.878] [WorldPop] Cells to spawn: 107, already spawned: 6
[2026-06-24 06:00:13.886] [WorldPop] Spawned 41 new NPCs in 107 cells (total alive: 50)
[2026-06-24 06:00:13.920] [WorldPop] Player moved to grid (8,51) fast=False, spawnRadius=6, despawnRadius=10
[2026-06-24 06:00:13.920] [WorldPop] Cells to spawn: 113, already spawned: 32
[2026-06-24 06:00:13.923] [WorldPop] Removed 41 NPCs from 26 distant cells
[2026-06-24 06:00:13.967] [WorldPop] Player moved to grid (22,47) fast=False, spawnRadius=6, despawnRadius=10
[2026-06-24 06:00:13.967] [WorldPop] Cells to spawn: 107, already spawned: 6
[2026-06-24 06:00:13.973] [WorldPop] Spawned 41 new NPCs in 107 cells (total alive: 50)
[2026-06-24 06:00:14.002] [WorldPop] Player moved to grid (8,51) fast=False, spawnRadius=6, despawnRadius=10
[2026-06-24 06:00:14.002] [WorldPop] Cells to spawn: 113, already spawned: 32
[2026-06-24 06:00:14.005] [WorldPop] Removed 41 NPCs from 26 distant cells
[2026-06-24 06:00:14.037] [WorldPop] Player moved to grid (22,47) fast=False, spawnRadius=6, despawnRadius=10
[2026-06-24 06:00:14.037] [WorldPop] Cells to spawn: 107, already spawned: 6
[2026-06-24 06:00:14.044] [WorldPop] Spawned 41 new NPCs in 107 cells (total alive: 50)
[2026-06-24 06:00:14.073] [WorldPop] Player moved to grid (8,51) fast=False, spawnRadius=6, despawnRadius=10
[2026-06-24 06:00:14.073] [WorldPop] Cells to spawn: 113, already spawned: 32
[2026-06-24 06:00:14.075] [WorldPop] Removed 41 NPCs from 26 distant cells
[2026-06-24 06:00:14.131] [WorldPop] Player moved to grid (22,47) fast=False, spawnRadius=6, despawnRadius=10
[2026-06-24 06:00:14.131] [WorldPop] Cells to spawn: 107, already spawned: 6
[2026-06-24 06:00:14.141] [WorldPop] Spawned 41 new NPCs in 107 cells (total alive: 50)
[2026-06-24 06:00:14.160] [WorldPop] Player moved to grid (8,51) fast=False, spawnRadius=6, despawnRadius=10
[2026-06-24 06:00:14.161] [WorldPop] Cells to spawn: 113, already spawned: 32
[2026-06-24 06:00:14.165] [WorldPop] Removed 41 NPCs from 26 distant cells
[2026-06-24 06:00:14.205] [WorldPop] Player moved to grid (22,47) fast=False, spawnRadius=6, despawnRadius=10
[2026-06-24 06:00:14.205] [WorldPop] Cells to spawn: 107, already spawned: 6
[2026-06-24 06:00:14.212] [WorldPop] Spawned 41 new NPCs in 107 cells (total alive: 50)
[2026-06-24 06:00:14.249] [WorldPop] Player moved to grid (8,51) fast=False, spawnRadius=6, despawnRadius=10
[2026-06-24 06:00:14.250] [WorldPop] Cells to spawn: 113, already spawned: 32
[2026-06-24 06:00:14.252] [WorldPop] Removed 41 NPCs from 26 distant cells
[2026-06-24 06:00:14.275] [WorldPop] Player moved to grid (22,47) fast=False, spawnRadius=6, despawnRadius=10
[2026-06-24 06:00:14.275] [WorldPop] Cells to spawn: 107, already spawned: 6
[2026-06-24 06:00:14.281] [WorldPop] Spawned 41 new NPCs in 107 cells (total alive: 50)
[2026-06-24 06:00:14.320] [WorldPop] Player moved to grid (8,51) fast=False, spawnRadius=6, despawnRadius=10
[2026-06-24 06:00:14.320] [WorldPop] Cells to spawn: 113, already spawned: 32
[2026-06-24 06:00:14.323] [WorldPop] Removed 41 NPCs from 26 distant cells
[2026-06-24 06:00:14.351] [WorldPop] Player moved to grid (22,47) fast=False, spawnRadius=6, despawnRadius=10
[2026-06-24 06:00:14.351] [WorldPop] Cells to spawn: 107, already spawned: 6
[2026-06-24 06:00:14.371] [WorldPop] Spawned 41 new NPCs in 107 cells (total alive: 50)
[2026-06-24 06:00:14.402] [WorldPop] Player moved to grid (8,51) fast=False, spawnRadius=6, despawnRadius=10
[2026-06-24 06:00:14.402] [WorldPop] Cells to spawn: 113, already spawned: 32
[2026-06-24 06:00:14.404] [WorldPop] Removed 41 NPCs from 26 distant cells
[2026-06-24 06:00:14.437] [WorldPop] Player moved to grid (22,47) fast=False, spawnRadius=6, despawnRadius=10
[2026-06-24 06:00:14.437] [WorldPop] Cells to spawn: 107, already spawned: 6
[2026-06-24 06:00:14.443] [WorldPop] Spawned 41 new NPCs in 107 cells (total alive: 50)
[2026-06-24 06:00:14.473] [WorldPop] Player moved to grid (8,51) fast=False, spawnRadius=6, despawnRadius=10
[2026-06-24 06:00:14.473] [WorldPop] Cells to spawn: 113, already spawned: 32
[2026-06-24 06:00:14.476] [WorldPop] Removed 41 NPCs from 26 distant cells
[2026-06-24 06:00:14.555] [WorldPop] Player moved to grid (22,47) fast=False, spawnRadius=6, despawnRadius=10
[2026-06-24 06:00:14.555] [WorldPop] Cells to spawn: 107, already spawned: 6
[2026-06-24 06:00:14.562] [WorldPop] Spawned 41 new NPCs in 107 cells (total alive: 50)
[2026-06-24 06:00:14.584] [WorldPop] Player moved to grid (8,51) fast=False, spawnRadius=6, despawnRadius=10
[2026-06-24 06:00:14.585] [WorldPop] Cells to spawn: 113, already spawned: 32
[2026-06-24 06:00:14.588] [WorldPop] Removed 41 NPCs from 26 distant cells
[2026-06-24 06:00:14.617] [WorldPop] Player moved to grid (22,47) fast=False, spawnRadius=6, despawnRadius=10
[2026-06-24 06:00:14.617] [WorldPop] Cells to spawn: 107, already spawned: 6
[2026-06-24 06:00:14.624] [WorldPop] Spawned 41 new NPCs in 107 cells (total alive: 50)
[2026-06-24 06:00:14.646] [WorldPop] Player moved to grid (8,51) fast=False, spawnRadius=6, despawnRadius=10
[2026-06-24 06:00:14.646] [WorldPop] Cells to spawn: 113, already spawned: 32
[2026-06-24 06:00:14.650] [WorldPop] Removed 41 NPCs from 26 distant cells
[2026-06-24 06:00:14.684] [WorldPop] Player moved to grid (22,47) fast=False, spawnRadius=6, despawnRadius=10
[2026-06-24 06:00:14.684] [WorldPop] Cells to spawn: 107, already spawned: 6
[2026-06-24 06:00:14.689] [WorldPop] Spawned 41 new NPCs in 107 cells (total alive: 50)
[2026-06-24 06:00:14.716] [WorldPop] Player moved to grid (8,51) fast=False, spawnRadius=6, despawnRadius=10
[2026-06-24 06:00:14.716] [WorldPop] Cells to spawn: 113, already spawned: 32
[2026-06-24 06:00:14.719] [WorldPop] Removed 41 NPCs from 26 distant cells
[2026-06-24 06:00:14.766] [WorldPop] Player moved to grid (22,47) fast=False, spawnRadius=6, despawnRadius=10
[2026-06-24 06:00:14.766] [WorldPop] Cells to spawn: 107, already spawned: 6
[2026-06-24 06:00:14.773] [WorldPop] Spawned 41 new NPCs in 107 cells (total alive: 50)
[2026-06-24 06:00:14.821] [WorldPop] Player moved to grid (8,51) fast=False, spawnRadius=6, despawnRadius=10
[2026-06-24 06:00:14.821] [WorldPop] Cells to spawn: 113, already spawned: 32
[2026-06-24 06:00:14.824] [WorldPop] Removed 41 NPCs from 26 distant cells
[2026-06-24 06:00:14.847] [WorldPop] Player moved to grid (22,47) fast=False, spawnRadius=6, despawnRadius=10
[2026-06-24 06:00:14.847] [WorldPop] Cells to spawn: 107, already spawned: 6
[2026-06-24 06:00:14.855] [WorldPop] Spawned 41 new NPCs in 107 cells (total alive: 50)
[2026-06-24 06:00:14.884] [WorldPop] Player moved to grid (8,51) fast=False, spawnRadius=6, despawnRadius=10
[2026-06-24 06:00:14.884] [WorldPop] Cells to spawn: 113, already spawned: 32
[2026-06-24 06:00:14.887] [WorldPop] Removed 41 NPCs from 26 distant cells
[2026-06-24 06:00:14.921] [WorldPop] Player moved to grid (22,47) fast=False, spawnRadius=6, despawnRadius=10
[2026-06-24 06:00:14.921] [WorldPop] Cells to spawn: 107, already spawned: 6
[2026-06-24 06:00:14.947] [WorldPop] Spawned 41 new NPCs in 107 cells (total alive: 50)
[2026-06-24 06:00:14.970] [WorldPop] Player moved to grid (9,51) fast=False, spawnRadius=6, despawnRadius=10
[2026-06-24 06:00:14.971] [WorldPop] Cells to spawn: 113, already spawned: 32
[2026-06-24 06:00:14.972] [WorldPop] Removed 31 NPCs from 19 distant cells
[2026-06-24 06:00:15.002] [WorldPop] Player moved to grid (22,47) fast=False, spawnRadius=6, despawnRadius=10
[2026-06-24 06:00:15.003] [WorldPop] Cells to spawn: 100, already spawned: 13
[2026-06-24 06:00:15.009] [WorldPop] Spawned 31 new NPCs in 100 cells (total alive: 50)
[2026-06-24 06:00:15.036] [WorldPop] Player moved to grid (9,51) fast=False, spawnRadius=6, despawnRadius=10
[2026-06-24 06:00:15.036] [WorldPop] Cells to spawn: 113, already spawned: 32
[2026-06-24 06:00:15.040] [WorldPop] Removed 31 NPCs from 19 distant cells
[2026-06-24 06:00:15.100] [WorldPop] Player moved to grid (22,47) fast=False, spawnRadius=6, despawnRadius=10
[2026-06-24 06:00:15.100] [WorldPop] Cells to spawn: 100, already spawned: 13
[2026-06-24 06:00:15.106] [WorldPop] Spawned 31 new NPCs in 100 cells (total alive: 50)
[2026-06-24 06:00:15.127] [WorldPop] Player moved to grid (9,51) fast=False, spawnRadius=6, despawnRadius=10
[2026-06-24 06:00:15.127] [WorldPop] Cells to spawn: 113, already spawned: 32
[2026-06-24 06:00:15.129] [WorldPop] Removed 31 NPCs from 19 distant cells
[2026-06-24 06:00:15.160] [WorldPop] Player moved to grid (22,47) fast=False, spawnRadius=6, despawnRadius=10
[2026-06-24 06:00:15.161] [WorldPop] Cells to spawn: 100, already spawned: 13
[2026-06-24 06:00:15.167] [WorldPop] Spawned 31 new NPCs in 100 cells (total alive: 50)
[2026-06-24 06:00:15.189] [WorldPop] Player moved to grid (9,51) fast=False, spawnRadius=6, despawnRadius=10
[2026-06-24 06:00:15.190] [WorldPop] Cells to spawn: 113, already spawned: 32
[2026-06-24 06:00:15.193] [WorldPop] Removed 31 NPCs from 19 distant cells
[2026-06-24 06:00:15.244] [WorldPop] Player moved to grid (22,47) fast=False, spawnRadius=6, despawnRadius=10
[2026-06-24 06:00:15.244] [WorldPop] Cells to spawn: 100, already spawned: 13
[2026-06-24 06:00:15.248] [WorldPop] Spawned 31 new NPCs in 100 cells (total alive: 50)
[2026-06-24 06:00:15.290] [WorldPop] Player moved to grid (9,51) fast=False, spawnRadius=6, despawnRadius=10
[2026-06-24 06:00:15.291] [WorldPop] Cells to spawn: 113, already spawned: 32
[2026-06-24 06:00:15.292] [WorldPop] Removed 31 NPCs from 19 distant cells
[2026-06-24 06:00:15.318] [WorldPop] Player moved to grid (22,47) fast=False, spawnRadius=6, despawnRadius=10
[2026-06-24 06:00:15.319] [WorldPop] Cells to spawn: 100, already spawned: 13
[2026-06-24 06:00:15.323] [WorldPop] Spawned 31 new NPCs in 100 cells (total alive: 50)
[2026-06-24 06:00:15.379] [WorldPop] Player moved to grid (9,51) fast=False, spawnRadius=6, despawnRadius=10
[2026-06-24 06:00:15.379] [WorldPop] Cells to spawn: 113, already spawned: 32
[2026-06-24 06:00:15.381] [WorldPop] Removed 31 NPCs from 19 distant cells
[2026-06-24 06:00:15.404] [WorldPop] Player moved to grid (22,47) fast=False, spawnRadius=6, despawnRadius=10
[2026-06-24 06:00:15.404] [WorldPop] Cells to spawn: 100, already spawned: 13
[2026-06-24 06:00:15.412] [WorldPop] Spawned 31 new NPCs in 100 cells (total alive: 50)
[2026-06-24 06:00:15.438] [WorldPop] Player moved to grid (9,51) fast=False, spawnRadius=6, despawnRadius=10
[2026-06-24 06:00:15.439] [WorldPop] Cells to spawn: 113, already spawned: 32
[2026-06-24 06:00:15.441] [WorldPop] Removed 31 NPCs from 19 distant cells
[2026-06-24 06:00:15.477] [WorldPop] Player moved to grid (22,47) fast=False, spawnRadius=6, despawnRadius=10
[2026-06-24 06:00:15.478] [WorldPop] Cells to spawn: 100, already spawned: 13
[2026-06-24 06:00:15.491] [WorldPop] Spawned 31 new NPCs in 100 cells (total alive: 50)
[2026-06-24 06:00:15.513] [WorldPop] Player moved to grid (9,51) fast=False, spawnRadius=6, despawnRadius=10
[2026-06-24 06:00:15.513] [WorldPop] Cells to spawn: 113, already spawned: 32
[2026-06-24 06:00:15.515] [WorldPop] Removed 31 NPCs from 19 distant cells
[2026-06-24 06:00:15.565] [WorldPop] Player moved to grid (22,47) fast=False, spawnRadius=6, despawnRadius=10
[2026-06-24 06:00:15.566] [WorldPop] Cells to spawn: 100, already spawned: 13
[2026-06-24 06:00:15.571] [WorldPop] Spawned 31 new NPCs in 100 cells (total alive: 50)
[2026-06-24 06:00:15.602] [WorldPop] Player moved to grid (9,51) fast=False, spawnRadius=6, despawnRadius=10
[2026-06-24 06:00:15.603] [WorldPop] Cells to spawn: 113, already spawned: 32
[2026-06-24 06:00:15.604] [WorldPop] Removed 31 NPCs from 19 distant cells
[2026-06-24 06:00:15.658] [WorldPop] Player moved to grid (22,47) fast=False, spawnRadius=6, despawnRadius=10
[2026-06-24 06:00:15.658] [WorldPop] Cells to spawn: 100, already spawned: 13
[2026-06-24 06:00:15.664] [WorldPop] Spawned 31 new NPCs in 100 cells (total alive: 50)
[2026-06-24 06:00:15.687] [WorldPop] Player moved to grid (9,51) fast=False, spawnRadius=6, despawnRadius=10
[2026-06-24 06:00:15.687] [WorldPop] Cells to spawn: 113, already spawned: 32
[2026-06-24 06:00:15.689] [WorldPop] Removed 31 NPCs from 19 distant cells
[2026-06-24 06:00:15.724] [WorldPop] Player moved to grid (22,47) fast=False, spawnRadius=6, despawnRadius=10
[2026-06-24 06:00:15.725] [WorldPop] Cells to spawn: 100, already spawned: 13
[2026-06-24 06:00:15.730] [WorldPop] Spawned 31 new NPCs in 100 cells (total alive: 50)
[2026-06-24 06:00:15.764] [WorldPop] Player moved to grid (9,51) fast=False, spawnRadius=6, despawnRadius=10
[2026-06-24 06:00:15.765] [WorldPop] Cells to spawn: 113, already spawned: 32
[2026-06-24 06:00:15.766] [WorldPop] Removed 31 NPCs from 19 distant cells
[2026-06-24 06:00:15.799] [WorldPop] Player moved to grid (22,47) fast=False, spawnRadius=6, despawnRadius=10
[2026-06-24 06:00:15.799] [WorldPop] Cells to spawn: 100, already spawned: 13
[2026-06-24 06:00:15.804] [WorldPop] Spawned 31 new NPCs in 100 cells (total alive: 50)
[2026-06-24 06:00:15.829] [WorldPop] Player moved to grid (9,51) fast=False, spawnRadius=6, despawnRadius=10
[2026-06-24 06:00:15.830] [WorldPop] Cells to spawn: 113, already spawned: 32
[2026-06-24 06:00:15.832] [WorldPop] Removed 31 NPCs from 19 distant cells
[2026-06-24 06:00:15.883] [WorldPop] Player moved to grid (22,47) fast=False, spawnRadius=6, despawnRadius=10
[2026-06-24 06:00:15.883] [WorldPop] Cells to spawn: 100, already spawned: 13
[2026-06-24 06:00:15.888] [WorldPop] Spawned 31 new NPCs in 100 cells (total alive: 50)
[2026-06-24 06:00:15.942] [WorldPop] Player moved to grid (9,51) fast=False, spawnRadius=6, despawnRadius=10
[2026-06-24 06:00:15.943] [WorldPop] Cells to spawn: 113, already spawned: 32
[2026-06-24 06:00:15.944] [WorldPop] Removed 31 NPCs from 19 distant cells
[2026-06-24 06:00:15.963] [WorldPop] Player moved to grid (22,47) fast=False, spawnRadius=6, despawnRadius=10
[2026-06-24 06:00:15.963] [WorldPop] Cells to spawn: 100, already spawned: 13
[2026-06-24 06:00:15.968] [WorldPop] Spawned 31 new NPCs in 100 cells (total alive: 50)
[2026-06-24 06:00:16.006] [WorldPop] Player moved to grid (9,51) fast=False, spawnRadius=6, despawnRadius=10
[2026-06-24 06:00:16.006] [WorldPop] Cells to spawn: 113, already spawned: 32
[2026-06-24 06:00:16.008] [WorldPop] Removed 31 NPCs from 19 distant cells
[2026-06-24 06:00:16.038] [WorldPop] Player moved to grid (22,47) fast=False, spawnRadius=6, despawnRadius=10
[2026-06-24 06:00:16.038] [WorldPop] Cells to spawn: 100, already spawned: 13
[2026-06-24 06:00:16.051] [WorldPop] Spawned 31 new NPCs in 100 cells (total alive: 50)
[2026-06-24 06:00:16.078] [WorldPop] Player moved to grid (9,51) fast=False, spawnRadius=6, despawnRadius=10
[2026-06-24 06:00:16.078] [WorldPop] Cells to spawn: 113, already spawned: 32
[2026-06-24 06:00:16.080] [WorldPop] Removed 31 NPCs from 19 distant cells
[2026-06-24 06:00:16.112] [WorldPop] Player moved to grid (22,47) fast=False, spawnRadius=6, despawnRadius=10
[2026-06-24 06:00:16.112] [WorldPop] Cells to spawn: 100, already spawned: 13
[2026-06-24 06:00:16.116] [WorldPop] Spawned 31 new NPCs in 100 cells (total alive: 50)
[2026-06-24 06:00:16.156] [WorldPop] Player moved to grid (9,51) fast=False, spawnRadius=6, despawnRadius=10
[2026-06-24 06:00:16.156] [WorldPop] Cells to spawn: 113, already spawned: 32
[2026-06-24 06:00:16.159] [WorldPop] Removed 31 NPCs from 19 distant cells
[2026-06-24 06:00:16.218] [WorldPop] Player moved to grid (22,47) fast=False, spawnRadius=6, despawnRadius=10
[2026-06-24 06:00:16.219] [WorldPop] Cells to spawn: 100, already spawned: 13
[2026-06-24 06:00:16.224] [WorldPop] Spawned 31 new NPCs in 100 cells (total alive: 50)
[2026-06-24 06:00:16.245] [WorldPop] Player moved to grid (9,51) fast=False, spawnRadius=6, despawnRadius=10
[2026-06-24 06:00:16.245] [WorldPop] Cells to spawn: 113, already spawned: 32
[2026-06-24 06:00:16.247] [WorldPop] Removed 31 NPCs from 19 distant cells
[2026-06-24 06:00:16.275] [WorldPop] Player moved to grid (22,47) fast=False, spawnRadius=6, despawnRadius=10
[2026-06-24 06:00:16.276] [WorldPop] Cells to spawn: 100, already spawned: 13
[2026-06-24 06:00:16.280] [WorldPop] Spawned 31 new NPCs in 100 cells (total alive: 50)
[2026-06-24 06:00:16.311] [WorldPop] Player moved to grid (9,51) fast=False, spawnRadius=6, despawnRadius=10
[2026-06-24 06:00:16.311] [WorldPop] Cells to spawn: 113, already spawned: 32
[2026-06-24 06:00:16.313] [WorldPop] Removed 31 NPCs from 19 distant cells
[2026-06-24 06:00:16.360] [WorldPop] Player moved to grid (22,47) fast=False, spawnRadius=6, despawnRadius=10
[2026-06-24 06:00:16.360] [WorldPop] Cells to spawn: 100, already spawned: 13
[2026-06-24 06:00:16.366] [WorldPop] Spawned 31 new NPCs in 100 cells (total alive: 50)
[2026-06-24 06:00:16.390] [WorldPop] Player moved to grid (10,51) fast=False, spawnRadius=6, despawnRadius=10
[2026-06-24 06:00:16.390] [WorldPop] Cells to spawn: 113, already spawned: 32
[2026-06-24 06:00:16.391] [WorldPop] Removed 17 NPCs from 11 distant cells
[2026-06-24 06:00:16.443] [WorldPop] Player moved to grid (22,47) fast=False, spawnRadius=6, despawnRadius=10
[2026-06-24 06:00:16.443] [WorldPop] Cells to spawn: 92, already spawned: 21
[2026-06-24 06:00:16.446] [WorldPop] Spawned 17 new NPCs in 92 cells (total alive: 50)
[2026-06-24 06:00:16.499] [WorldPop] Player moved to grid (10,51) fast=False, spawnRadius=6, despawnRadius=10
[2026-06-24 06:00:16.499] [WorldPop] Cells to spawn: 113, already spawned: 32
[2026-06-24 06:00:16.500] [WorldPop] Removed 17 NPCs from 11 distant cells
[2026-06-24 06:00:16.520] [WorldPop] Player moved to grid (22,47) fast=False, spawnRadius=6, despawnRadius=10
[2026-06-24 06:00:16.521] [WorldPop] Cells to spawn: 92, already spawned: 21
[2026-06-24 06:00:16.523] [WorldPop] Spawned 17 new NPCs in 92 cells (total alive: 50)
[2026-06-24 06:00:16.562] [WorldPop] Player moved to grid (10,51) fast=False, spawnRadius=6, despawnRadius=10
[2026-06-24 06:00:16.562] [WorldPop] Cells to spawn: 113, already spawned: 32
[2026-06-24 06:00:16.565] [WorldPop] Removed 17 NPCs from 11 distant cells
[2026-06-24 06:00:16.591] [WorldPop] Player moved to grid (22,47) fast=False, spawnRadius=6, despawnRadius=10
[2026-06-24 06:00:16.592] [WorldPop] Cells to spawn: 92, already spawned: 21
[2026-06-24 06:00:16.594] [WorldPop] Spawned 17 new NPCs in 92 cells (total alive: 50)
[2026-06-24 06:00:16.656] [WorldPop] Player moved to grid (10,51) fast=False, spawnRadius=6, despawnRadius=10
[2026-06-24 06:00:16.657] [WorldPop] Cells to spawn: 113, already spawned: 32
[2026-06-24 06:00:16.659] [WorldPop] Removed 17 NPCs from 11 distant cells
[2026-06-24 06:00:16.680] [WorldPop] Player moved to grid (22,47) fast=False, spawnRadius=6, despawnRadius=10
[2026-06-24 06:00:16.680] [WorldPop] Cells to spawn: 92, already spawned: 21
[2026-06-24 06:00:16.683] [WorldPop] Spawned 17 new NPCs in 92 cells (total alive: 50)
[2026-06-24 06:00:16.708] [WorldPop] Player moved to grid (10,51) fast=False, spawnRadius=6, despawnRadius=10
[2026-06-24 06:00:16.709] [WorldPop] Cells to spawn: 113, already spawned: 32
[2026-06-24 06:00:16.710] [WorldPop] Removed 17 NPCs from 11 distant cells
[2026-06-24 06:00:16.757] [WorldPop] Player moved to grid (22,47) fast=False, spawnRadius=6, despawnRadius=10
[2026-06-24 06:00:16.757] [WorldPop] Cells to spawn: 92, already spawned: 21
[2026-06-24 06:00:16.760] [WorldPop] Spawned 17 new NPCs in 92 cells (total alive: 50)
[2026-06-24 06:00:16.812] [WorldPop] Player moved to grid (10,51) fast=False, spawnRadius=6, despawnRadius=10
[2026-06-24 06:00:16.812] [WorldPop] Cells to spawn: 113, already spawned: 32
[2026-06-24 06:00:16.813] [WorldPop] Removed 17 NPCs from 11 distant cells
[2026-06-24 06:00:16.843] [WorldPop] Player moved to grid (22,47) fast=False, spawnRadius=6, despawnRadius=10
[2026-06-24 06:00:16.843] [WorldPop] Cells to spawn: 92, already spawned: 21
[2026-06-24 06:00:16.847] [WorldPop] Spawned 17 new NPCs in 92 cells (total alive: 50)
[2026-06-24 06:00:16.875] [WorldPop] Player moved to grid (10,51) fast=False, spawnRadius=6, despawnRadius=10
[2026-06-24 06:00:16.876] [WorldPop] Cells to spawn: 113, already spawned: 32
[2026-06-24 06:00:16.878] [WorldPop] Removed 17 NPCs from 11 distant cells
[2026-06-24 06:00:16.911] [WorldPop] Player moved to grid (22,47) fast=False, spawnRadius=6, despawnRadius=10
[2026-06-24 06:00:16.912] [WorldPop] Cells to spawn: 92, already spawned: 21
[2026-06-24 06:00:16.914] [WorldPop] Spawned 17 new NPCs in 92 cells (total alive: 50)
[2026-06-24 06:00:16.985] [WorldPop] Player moved to grid (10,51) fast=False, spawnRadius=6, despawnRadius=10
[2026-06-24 06:00:16.985] [WorldPop] Cells to spawn: 113, already spawned: 32
[2026-06-24 06:00:16.986] [WorldPop] Removed 17 NPCs from 11 distant cells
[2026-06-24 06:00:17.007] [WorldPop] Player moved to grid (22,47) fast=False, spawnRadius=6, despawnRadius=10
[2026-06-24 06:00:17.007] [WorldPop] Cells to spawn: 92, already spawned: 21
[2026-06-24 06:00:17.009] [WorldPop] Spawned 17 new NPCs in 92 cells (total alive: 50)
[2026-06-24 06:00:17.041] [WorldPop] Player moved to grid (10,51) fast=False, spawnRadius=6, despawnRadius=10
[2026-06-24 06:00:17.041] [WorldPop] Cells to spawn: 113, already spawned: 32
[2026-06-24 06:00:17.042] [WorldPop] Removed 17 NPCs from 11 distant cells
[2026-06-24 06:00:17.077] [WorldPop] Player moved to grid (22,47) fast=False, spawnRadius=6, despawnRadius=10
[2026-06-24 06:00:17.078] [WorldPop] Cells to spawn: 92, already spawned: 21
[2026-06-24 06:00:17.082] [WorldPop] Spawned 17 new NPCs in 92 cells (total alive: 50)
[2026-06-24 06:00:17.111] [WorldPop] Player moved to grid (10,51) fast=False, spawnRadius=6, despawnRadius=10
[2026-06-24 06:00:17.111] [WorldPop] Cells to spawn: 113, already spawned: 32
[2026-06-24 06:00:17.113] [WorldPop] Removed 17 NPCs from 11 distant cells
[2026-06-24 06:00:17.156] [WorldPop] Player moved to grid (22,47) fast=False, spawnRadius=6, despawnRadius=10
[2026-06-24 06:00:17.157] [WorldPop] Cells to spawn: 92, already spawned: 21
[2026-06-24 06:00:17.160] [WorldPop] Spawned 17 new NPCs in 92 cells (total alive: 50)
[2026-06-24 06:00:17.192] [WorldPop] Player moved to grid (10,51) fast=False, spawnRadius=6, despawnRadius=10
[2026-06-24 06:00:17.193] [WorldPop] Cells to spawn: 113, already spawned: 32
[2026-06-24 06:00:17.193] [WorldPop] Removed 17 NPCs from 11 distant cells
[2026-06-24 06:00:17.257] [WorldPop] Player moved to grid (22,47) fast=False, spawnRadius=6, despawnRadius=10
[2026-06-24 06:00:17.257] [WorldPop] Cells to spawn: 92, already spawned: 21
[2026-06-24 06:00:17.260] [WorldPop] Spawned 17 new NPCs in 92 cells (total alive: 50)
[2026-06-24 06:00:17.280] [WorldPop] Player moved to grid (10,51) fast=False, spawnRadius=6, despawnRadius=10
[2026-06-24 06:00:17.280] [WorldPop] Cells to spawn: 113, already spawned: 32
[2026-06-24 06:00:17.282] [WorldPop] Removed 17 NPCs from 11 distant cells
[2026-06-24 06:00:17.312] [WorldPop] Player moved to grid (22,47) fast=False, spawnRadius=6, despawnRadius=10
[2026-06-24 06:00:17.312] [WorldPop] Cells to spawn: 92, already spawned: 21
[2026-06-24 06:00:17.315] [WorldPop] Spawned 17 new NPCs in 92 cells (total alive: 50)
[2026-06-24 06:00:17.357] [WorldPop] Player moved to grid (10,51) fast=False, spawnRadius=6, despawnRadius=10
[2026-06-24 06:00:17.358] [WorldPop] Cells to spawn: 113, already spawned: 32
[2026-06-24 06:00:17.359] [WorldPop] Removed 17 NPCs from 11 distant cells
[2026-06-24 06:00:17.426] [WorldPop] Player moved to grid (22,47) fast=False, spawnRadius=6, despawnRadius=10
[2026-06-24 06:00:17.426] [WorldPop] Cells to spawn: 92, already spawned: 21
[2026-06-24 06:00:17.433] [WorldPop] Spawned 17 new NPCs in 92 cells (total alive: 50)
[2026-06-24 06:00:17.452] [WorldPop] Player moved to grid (10,51) fast=False, spawnRadius=6, despawnRadius=10
[2026-06-24 06:00:17.452] [WorldPop] Cells to spawn: 113, already spawned: 32
[2026-06-24 06:00:17.454] [WorldPop] Removed 17 NPCs from 11 distant cells
[2026-06-24 06:00:17.485] [WorldPop] Player moved to grid (22,47) fast=False, spawnRadius=6, despawnRadius=10
[2026-06-24 06:00:17.485] [WorldPop] Cells to spawn: 92, already spawned: 21
[2026-06-24 06:00:17.488] [WorldPop] Spawned 17 new NPCs in 92 cells (total alive: 50)
[2026-06-24 06:00:17.522] [WorldPop] Player moved to grid (10,51) fast=False, spawnRadius=6, despawnRadius=10
[2026-06-24 06:00:17.522] [WorldPop] Cells to spawn: 113, already spawned: 32
[2026-06-24 06:00:17.523] [WorldPop] Removed 17 NPCs from 11 distant cells
[2026-06-24 06:00:17.560] [WorldPop] Player moved to grid (22,47) fast=False, spawnRadius=6, despawnRadius=10
[2026-06-24 06:00:17.560] [WorldPop] Cells to spawn: 92, already spawned: 21
[2026-06-24 06:00:17.562] [WorldPop] Spawned 17 new NPCs in 92 cells (total alive: 50)
[2026-06-24 06:00:17.593] [WorldPop] Player moved to grid (10,51) fast=False, spawnRadius=6, despawnRadius=10
[2026-06-24 06:00:17.593] [WorldPop] Cells to spawn: 113, already spawned: 32
[2026-06-24 06:00:17.594] [WorldPop] Removed 17 NPCs from 11 distant cells
[2026-06-24 06:00:17.639] [WorldPop] Player moved to grid (22,47) fast=False, spawnRadius=6, despawnRadius=10
[2026-06-24 06:00:17.640] [WorldPop] Cells to spawn: 92, already spawned: 21
[2026-06-24 06:00:17.642] [WorldPop] Spawned 17 new NPCs in 92 cells (total alive: 50)
[2026-06-24 06:00:17.689] [WorldPop] Player moved to grid (10,51) fast=False, spawnRadius=6, despawnRadius=10
[2026-06-24 06:00:17.690] [WorldPop] Cells to spawn: 113, already spawned: 32
[2026-06-24 06:00:17.692] [WorldPop] Removed 17 NPCs from 11 distant cells
[2026-06-24 06:00:17.721] [WorldPop] Player moved to grid (22,47) fast=False, spawnRadius=6, despawnRadius=10
[2026-06-24 06:00:17.721] [WorldPop] Cells to spawn: 92, already spawned: 21
[2026-06-24 06:00:17.725] [WorldPop] Spawned 17 new NPCs in 92 cells (total alive: 50)
[2026-06-24 06:00:17.765] [WorldPop] Player moved to grid (10,51) fast=False, spawnRadius=6, despawnRadius=10
[2026-06-24 06:00:17.765] [WorldPop] Cells to spawn: 113, already spawned: 32
[2026-06-24 06:00:17.766] [WorldPop] Removed 17 NPCs from 11 distant cells
[2026-06-24 06:00:17.809] [WorldPop] Player moved to grid (22,47) fast=False, spawnRadius=6, despawnRadius=10
[2026-06-24 06:00:17.810] [WorldPop] Cells to spawn: 92, already spawned: 21
[2026-06-24 06:00:17.814] [WorldPop] Spawned 17 new NPCs in 92 cells (total alive: 50)
[2026-06-24 06:00:17.877] [WorldPop] Player moved to grid (10,51) fast=False, spawnRadius=6, despawnRadius=10
[2026-06-24 06:00:17.878] [WorldPop] Cells to spawn: 113, already spawned: 32
[2026-06-24 06:00:17.879] [WorldPop] Removed 17 NPCs from 11 distant cells
[2026-06-24 06:00:17.899] [WorldPop] Player moved to grid (22,47) fast=False, spawnRadius=6, despawnRadius=10
[2026-06-24 06:00:17.899] [WorldPop] Cells to spawn: 92, already spawned: 21
[2026-06-24 06:00:17.902] [WorldPop] Spawned 17 new NPCs in 92 cells (total alive: 50)
[2026-06-24 06:00:17.930] [WorldPop] Player moved to grid (10,51) fast=False, spawnRadius=6, despawnRadius=10
[2026-06-24 06:00:17.930] [WorldPop] Cells to spawn: 113, already spawned: 32
[2026-06-24 06:00:17.932] [WorldPop] Removed 17 NPCs from 11 distant cells
[2026-06-24 06:00:17.963] [WorldPop] Player moved to grid (22,47) fast=False, spawnRadius=6, despawnRadius=10
[2026-06-24 06:00:17.963] [WorldPop] Cells to spawn: 92, already spawned: 21
[2026-06-24 06:00:17.966] [WorldPop] Spawned 17 new NPCs in 92 cells (total alive: 50)
[2026-06-24 06:00:18.017] [WorldPop] Player moved to grid (10,51) fast=False, spawnRadius=6, despawnRadius=10
[2026-06-24 06:00:18.017] [WorldPop] Cells to spawn: 113, already spawned: 32
[2026-06-24 06:00:18.018] [WorldPop] Removed 17 NPCs from 11 distant cells
[2026-06-24 06:00:18.046] [WorldPop] Player moved to grid (22,47) fast=False, spawnRadius=6, despawnRadius=10
[2026-06-24 06:00:18.046] [WorldPop] Cells to spawn: 92, already spawned: 21
[2026-06-24 06:00:18.048] [WorldPop] Spawned 17 new NPCs in 92 cells (total alive: 50)
[2026-06-24 06:00:18.083] [WorldPop] Player moved to grid (10,51) fast=False, spawnRadius=6, despawnRadius=10
[2026-06-24 06:00:18.083] [WorldPop] Cells to spawn: 113, already spawned: 32
[2026-06-24 06:00:18.085] [WorldPop] Removed 17 NPCs from 11 distant cells
[2026-06-24 06:00:18.108] [WorldPop] Player moved to grid (22,47) fast=False, spawnRadius=6, despawnRadius=10
[2026-06-24 06:00:18.108] [WorldPop] Cells to spawn: 92, already spawned: 21
[2026-06-24 06:00:18.112] [WorldPop] Spawned 17 new NPCs in 92 cells (total alive: 50)
[2026-06-24 06:00:18.187] [WorldPop] Player moved to grid (11,51) fast=False, spawnRadius=6, despawnRadius=10
[2026-06-24 06:00:18.188] [WorldPop] Cells to spawn: 113, already spawned: 32
[2026-06-24 06:00:18.188] [WorldPop] Removed 12 NPCs from 8 distant cells
[2026-06-24 06:00:18.206] [WorldPop] Player moved to grid (22,47) fast=False, spawnRadius=6, despawnRadius=10
[2026-06-24 06:00:18.206] [WorldPop] Cells to spawn: 89, already spawned: 24
[2026-06-24 06:00:18.208] [WorldPop] Spawned 12 new NPCs in 89 cells (total alive: 50)
[2026-06-24 06:00:18.259] [WorldPop] Player moved to grid (11,51) fast=False, spawnRadius=6, despawnRadius=10
[2026-06-24 06:00:18.259] [WorldPop] Cells to spawn: 113, already spawned: 32
[2026-06-24 06:00:18.260] [WorldPop] Removed 12 NPCs from 8 distant cells
[2026-06-24 06:00:18.279] [WorldPop] Player moved to grid (22,47) fast=False, spawnRadius=6, despawnRadius=10
[2026-06-24 06:00:18.279] [WorldPop] Cells to spawn: 89, already spawned: 24
[2026-06-24 06:00:18.282] [WorldPop] Spawned 12 new NPCs in 89 cells (total alive: 50)
[2026-06-24 06:00:18.345] [WorldPop] Player moved to grid (11,51) fast=False, spawnRadius=6, despawnRadius=10
[2026-06-24 06:00:18.345] [WorldPop] Cells to spawn: 113, already spawned: 32
[2026-06-24 06:00:18.348] [WorldPop] Removed 12 NPCs from 8 distant cells
[2026-06-24 06:00:18.368] [WorldPop] Player moved to grid (22,47) fast=False, spawnRadius=6, despawnRadius=10
[2026-06-24 06:00:18.368] [WorldPop] Cells to spawn: 89, already spawned: 24
[2026-06-24 06:00:18.371] [WorldPop] Spawned 12 new NPCs in 89 cells (total alive: 50)
[2026-06-24 06:00:18.392] [WorldPop] Player moved to grid (11,51) fast=False, spawnRadius=6, despawnRadius=10
[2026-06-24 06:00:18.393] [WorldPop] Cells to spawn: 113, already spawned: 32
[2026-06-24 06:00:18.394] [WorldPop] Removed 12 NPCs from 8 distant cells
[2026-06-24 06:00:18.441] [WorldPop] Player moved to grid (22,47) fast=False, spawnRadius=6, despawnRadius=10
[2026-06-24 06:00:18.441] [WorldPop] Cells to spawn: 89, already spawned: 24
[2026-06-24 06:00:18.443] [WorldPop] Spawned 12 new NPCs in 89 cells (total alive: 50)
[2026-06-24 06:00:18.496] [WorldPop] Player moved to grid (11,51) fast=False, spawnRadius=6, despawnRadius=10
[2026-06-24 06:00:18.496] [WorldPop] Cells to spawn: 113, already spawned: 32
[2026-06-24 06:00:18.497] [WorldPop] Removed 12 NPCs from 8 distant cells
[2026-06-24 06:00:18.520] [WorldPop] Player moved to grid (22,47) fast=False, spawnRadius=6, despawnRadius=10
[2026-06-24 06:00:18.520] [WorldPop] Cells to spawn: 89, already spawned: 24
[2026-06-24 06:00:18.522] [WorldPop] Spawned 12 new NPCs in 89 cells (total alive: 50)
[2026-06-24 06:00:18.557] [WorldPop] Player moved to grid (11,51) fast=False, spawnRadius=6, despawnRadius=10
[2026-06-24 06:00:18.557] [WorldPop] Cells to spawn: 113, already spawned: 32
[2026-06-24 06:00:18.558] [WorldPop] Removed 12 NPCs from 8 distant cells
[2026-06-24 06:00:18.592] [WorldPop] Player moved to grid (22,47) fast=False, spawnRadius=6, despawnRadius=10
[2026-06-24 06:00:18.592] [WorldPop] Cells to spawn: 89, already spawned: 24
[2026-06-24 06:00:18.596] [WorldPop] Spawned 12 new NPCs in 89 cells (total alive: 50)
[2026-06-24 06:00:18.655] [WorldPop] Player moved to grid (11,51) fast=False, spawnRadius=6, despawnRadius=10
[2026-06-24 06:00:18.656] [WorldPop] Cells to spawn: 113, already spawned: 32
[2026-06-24 06:00:18.657] [WorldPop] Removed 12 NPCs from 8 distant cells
[2026-06-24 06:00:18.680] [WorldPop] Player moved to grid (22,47) fast=False, spawnRadius=6, despawnRadius=10
[2026-06-24 06:00:18.680] [WorldPop] Cells to spawn: 89, already spawned: 24
[2026-06-24 06:00:18.683] [WorldPop] Spawned 12 new NPCs in 89 cells (total alive: 50)
[2026-06-24 06:00:18.710] [WorldPop] Player moved to grid (11,51) fast=False, spawnRadius=6, despawnRadius=10
[2026-06-24 06:00:18.710] [WorldPop] Cells to spawn: 113, already spawned: 32
[2026-06-24 06:00:18.711] [WorldPop] Removed 12 NPCs from 8 distant cells
[2026-06-24 06:00:18.761] [WorldPop] Player moved to grid (22,47) fast=False, spawnRadius=6, despawnRadius=10
[2026-06-24 06:00:18.762] [WorldPop] Cells to spawn: 89, already spawned: 24
[2026-06-24 06:00:18.763] [WorldPop] Spawned 12 new NPCs in 89 cells (total alive: 50)
[2026-06-24 06:00:18.808] [WorldPop] Player moved to grid (11,51) fast=False, spawnRadius=6, despawnRadius=10
[2026-06-24 06:00:18.809] [WorldPop] Cells to spawn: 113, already spawned: 32
[2026-06-24 06:00:18.809] [WorldPop] Removed 12 NPCs from 8 distant cells
[2026-06-24 06:00:18.847] [WorldPop] Player moved to grid (22,47) fast=False, spawnRadius=6, despawnRadius=10
[2026-06-24 06:00:18.848] [WorldPop] Cells to spawn: 89, already spawned: 24
[2026-06-24 06:00:18.850] [WorldPop] Spawned 12 new NPCs in 89 cells (total alive: 50)
[2026-06-24 06:00:18.882] [WorldPop] Player moved to grid (11,51) fast=False, spawnRadius=6, despawnRadius=10
[2026-06-24 06:00:18.882] [WorldPop] Cells to spawn: 113, already spawned: 32
[2026-06-24 06:00:18.883] [WorldPop] Removed 12 NPCs from 8 distant cells
[2026-06-24 06:00:18.914] [WorldPop] Player moved to grid (22,47) fast=False, spawnRadius=6, despawnRadius=10
[2026-06-24 06:00:18.915] [WorldPop] Cells to spawn: 89, already spawned: 24
[2026-06-24 06:00:18.917] [WorldPop] Spawned 12 new NPCs in 89 cells (total alive: 50)
[2026-06-24 06:00:18.985] [WorldPop] Player moved to grid (11,51) fast=False, spawnRadius=6, despawnRadius=10
[2026-06-24 06:00:18.985] [WorldPop] Cells to spawn: 113, already spawned: 32
[2026-06-24 06:00:18.986] [WorldPop] Removed 12 NPCs from 8 distant cells
[2026-06-24 06:00:19.006] [WorldPop] Player moved to grid (22,47) fast=False, spawnRadius=6, despawnRadius=10
[2026-06-24 06:00:19.006] [WorldPop] Cells to spawn: 89, already spawned: 24
[2026-06-24 06:00:19.008] [WorldPop] Spawned 12 new NPCs in 89 cells (total alive: 50)
[2026-06-24 06:00:19.030] [WorldPop] Player moved to grid (11,51) fast=False, spawnRadius=6, despawnRadius=10
[2026-06-24 06:00:19.030] [WorldPop] Cells to spawn: 113, already spawned: 32
[2026-06-24 06:00:19.031] [WorldPop] Removed 12 NPCs from 8 distant cells
[2026-06-24 06:00:19.078] [WorldPop] Player moved to grid (22,47) fast=False, spawnRadius=6, despawnRadius=10
[2026-06-24 06:00:19.078] [WorldPop] Cells to spawn: 89, already spawned: 24
[2026-06-24 06:00:19.080] [WorldPop] Spawned 12 new NPCs in 89 cells (total alive: 50)
[2026-06-24 06:00:19.134] [WorldPop] Player moved to grid (11,51) fast=False, spawnRadius=6, despawnRadius=10
[2026-06-24 06:00:19.135] [WorldPop] Cells to spawn: 113, already spawned: 32
[2026-06-24 06:00:19.136] [WorldPop] Removed 12 NPCs from 8 distant cells
[2026-06-24 06:00:19.154] [WorldPop] Player moved to grid (22,47) fast=False, spawnRadius=6, despawnRadius=10
[2026-06-24 06:00:19.154] [WorldPop] Cells to spawn: 89, already spawned: 24
[2026-06-24 06:00:19.156] [WorldPop] Spawned 12 new NPCs in 89 cells (total alive: 50)
[2026-06-24 06:00:19.198] [WorldPop] Player moved to grid (11,51) fast=False, spawnRadius=6, despawnRadius=10
[2026-06-24 06:00:19.198] [WorldPop] Cells to spawn: 113, already spawned: 32
[2026-06-24 06:00:19.199] [WorldPop] Removed 12 NPCs from 8 distant cells
[2026-06-24 06:00:19.228] [WorldPop] Player moved to grid (22,47) fast=False, spawnRadius=6, despawnRadius=10
[2026-06-24 06:00:19.228] [WorldPop] Cells to spawn: 89, already spawned: 24
[2026-06-24 06:00:19.230] [WorldPop] Spawned 12 new NPCs in 89 cells (total alive: 50)
[2026-06-24 06:00:19.305] [WorldPop] Player moved to grid (11,51) fast=False, spawnRadius=6, despawnRadius=10
[2026-06-24 06:00:19.306] [WorldPop] Cells to spawn: 113, already spawned: 32
[2026-06-24 06:00:19.306] [WorldPop] Removed 12 NPCs from 8 distant cells
[2026-06-24 06:00:19.325] [WorldPop] Player moved to grid (22,47) fast=False, spawnRadius=6, despawnRadius=10
[2026-06-24 06:00:19.325] [WorldPop] Cells to spawn: 89, already spawned: 24
[2026-06-24 06:00:19.327] [WorldPop] Spawned 12 new NPCs in 89 cells (total alive: 50)
[2026-06-24 06:00:19.348] [WorldPop] Player moved to grid (11,51) fast=False, spawnRadius=6, despawnRadius=10
[2026-06-24 06:00:19.348] [WorldPop] Cells to spawn: 113, already spawned: 32
[2026-06-24 06:00:19.349] [WorldPop] Removed 12 NPCs from 8 distant cells
[2026-06-24 06:00:19.394] [WorldPop] Player moved to grid (22,47) fast=False, spawnRadius=6, despawnRadius=10
[2026-06-24 06:00:19.394] [WorldPop] Cells to spawn: 89, already spawned: 24
[2026-06-24 06:00:19.396] [WorldPop] Spawned 12 new NPCs in 89 cells (total alive: 50)
[2026-06-24 06:00:19.446] [WorldPop] Player moved to grid (11,51) fast=False, spawnRadius=6, despawnRadius=10
[2026-06-24 06:00:19.446] [WorldPop] Cells to spawn: 113, already spawned: 32
[2026-06-24 06:00:19.447] [WorldPop] Removed 12 NPCs from 8 distant cells
[2026-06-24 06:00:19.479] [WorldPop] Player moved to grid (22,47) fast=False, spawnRadius=6, despawnRadius=10
[2026-06-24 06:00:19.479] [WorldPop] Cells to spawn: 89, already spawned: 24
[2026-06-24 06:00:19.482] [WorldPop] Spawned 12 new NPCs in 89 cells (total alive: 50)
[2026-06-24 06:00:19.512] [WorldPop] Player moved to grid (11,51) fast=False, spawnRadius=6, despawnRadius=10
[2026-06-24 06:00:19.513] [WorldPop] Cells to spawn: 113, already spawned: 32
[2026-06-24 06:00:19.513] [WorldPop] Removed 12 NPCs from 8 distant cells
[2026-06-24 06:00:19.546] [WorldPop] Player moved to grid (22,47) fast=False, spawnRadius=6, despawnRadius=10
[2026-06-24 06:00:19.546] [WorldPop] Cells to spawn: 89, already spawned: 24
[2026-06-24 06:00:19.548] [WorldPop] Spawned 12 new NPCs in 89 cells (total alive: 50)
[2026-06-24 06:00:19.616] [WorldPop] Player moved to grid (11,51) fast=False, spawnRadius=6, despawnRadius=10
[2026-06-24 06:00:19.616] [WorldPop] Cells to spawn: 113, already spawned: 32
[2026-06-24 06:00:19.617] [WorldPop] Removed 12 NPCs from 8 distant cells
[2026-06-24 06:00:19.635] [WorldPop] Player moved to grid (22,47) fast=False, spawnRadius=6, despawnRadius=10
[2026-06-24 06:00:19.635] [WorldPop] Cells to spawn: 89, already spawned: 24
[2026-06-24 06:00:19.639] [WorldPop] Spawned 12 new NPCs in 89 cells (total alive: 50)
[2026-06-24 06:00:19.677] [WorldPop] Player moved to grid (11,51) fast=False, spawnRadius=6, despawnRadius=10
[2026-06-24 06:00:19.678] [WorldPop] Cells to spawn: 113, already spawned: 32
[2026-06-24 06:00:19.679] [WorldPop] Removed 12 NPCs from 8 distant cells
[2026-06-24 06:00:19.714] [WorldPop] Player moved to grid (22,47) fast=False, spawnRadius=6, despawnRadius=10
[2026-06-24 06:00:19.714] [WorldPop] Cells to spawn: 89, already spawned: 24
[2026-06-24 06:00:19.716] [WorldPop] Spawned 12 new NPCs in 89 cells (total alive: 50)
[2026-06-24 06:00:19.772] [WorldPop] Player moved to grid (11,51) fast=False, spawnRadius=6, despawnRadius=10
[2026-06-24 06:00:19.772] [WorldPop] Cells to spawn: 113, already spawned: 32
[2026-06-24 06:00:19.773] [WorldPop] Removed 12 NPCs from 8 distant cells
[2026-06-24 06:00:19.797] [WorldPop] Player moved to grid (22,47) fast=False, spawnRadius=6, despawnRadius=10
[2026-06-24 06:00:19.797] [WorldPop] Cells to spawn: 89, already spawned: 24
[2026-06-24 06:00:19.799] [WorldPop] Spawned 12 new NPCs in 89 cells (total alive: 50)
[2026-06-24 06:00:19.827] [WorldPop] Player moved to grid (11,51) fast=False, spawnRadius=6, despawnRadius=10
[2026-06-24 06:00:19.827] [WorldPop] Cells to spawn: 113, already spawned: 32
[2026-06-24 06:00:19.828] [WorldPop] Removed 12 NPCs from 8 distant cells
[2026-06-24 06:00:19.880] [WorldPop] Player moved to grid (22,47) fast=False, spawnRadius=6, despawnRadius=10
[2026-06-24 06:00:19.880] [WorldPop] Cells to spawn: 89, already spawned: 24
[2026-06-24 06:00:19.882] [WorldPop] Spawned 12 new NPCs in 89 cells (total alive: 50)
[2026-06-24 06:00:19.929] [WorldPop] Player moved to grid (11,51) fast=False, spawnRadius=6, despawnRadius=10
[2026-06-24 06:00:19.930] [WorldPop] Cells to spawn: 113, already spawned: 32
[2026-06-24 06:00:19.931] [WorldPop] Removed 12 NPCs from 8 distant cells
[2026-06-24 06:00:19.951] [WorldPop] Player moved to grid (22,47) fast=False, spawnRadius=6, despawnRadius=10
[2026-06-24 06:00:19.952] [WorldPop] Cells to spawn: 89, already spawned: 24
[2026-06-24 06:00:19.953] [WorldPop] Spawned 12 new NPCs in 89 cells (total alive: 50)
[2026-06-24 06:00:19.996] [WorldPop] Player moved to grid (11,51) fast=False, spawnRadius=6, despawnRadius=10
[2026-06-24 06:00:19.996] [WorldPop] Cells to spawn: 113, already spawned: 32
[2026-06-24 06:00:19.997] [WorldPop] Removed 12 NPCs from 8 distant cells
[2026-06-24 06:00:20.027] [WorldPop] Player moved to grid (22,47) fast=False, spawnRadius=6, despawnRadius=10
[2026-06-24 06:00:20.027] [WorldPop] Cells to spawn: 89, already spawned: 24
[2026-06-24 06:00:20.029] [WorldPop] Spawned 12 new NPCs in 89 cells (total alive: 50)
[2026-06-24 06:00:20.100] [WorldPop] Player moved to grid (11,51) fast=False, spawnRadius=6, despawnRadius=10
[2026-06-24 06:00:20.101] [WorldPop] Cells to spawn: 113, already spawned: 32
[2026-06-24 06:00:20.101] [WorldPop] Removed 12 NPCs from 8 distant cells
[2026-06-24 06:00:20.119] [WorldPop] Player moved to grid (22,47) fast=False, spawnRadius=6, despawnRadius=10
[2026-06-24 06:00:20.119] [WorldPop] Cells to spawn: 89, already spawned: 24
[2026-06-24 06:00:20.121] [WorldPop] Spawned 12 new NPCs in 89 cells (total alive: 50)
[2026-06-24 06:00:20.146] [WorldPop] Player moved to grid (11,51) fast=False, spawnRadius=6, despawnRadius=10
[2026-06-24 06:00:20.146] [WorldPop] Cells to spawn: 113, already spawned: 32
[2026-06-24 06:00:20.147] [WorldPop] Removed 12 NPCs from 8 distant cells
[2026-06-24 06:00:20.202] [WorldPop] Player moved to grid (22,47) fast=False, spawnRadius=6, despawnRadius=10
[2026-06-24 06:00:20.203] [WorldPop] Cells to spawn: 89, already spawned: 24
[2026-06-24 06:00:20.204] [WorldPop] Spawned 12 new NPCs in 89 cells (total alive: 50)
[2026-06-24 06:00:20.272] [WorldPop] Player moved to grid (11,51) fast=False, spawnRadius=6, despawnRadius=10
[2026-06-24 06:00:20.272] [WorldPop] Cells to spawn: 113, already spawned: 32
[2026-06-24 06:00:20.273] [WorldPop] Removed 12 NPCs from 8 distant cells
[2026-06-24 06:00:20.291] [WorldPop] Player moved to grid (22,47) fast=False, spawnRadius=6, despawnRadius=10
[2026-06-24 06:00:20.291] [WorldPop] Cells to spawn: 89, already spawned: 24
[2026-06-24 06:00:20.293] [WorldPop] Spawned 12 new NPCs in 89 cells (total alive: 50)
[2026-06-24 06:00:20.327] [WorldPop] Player moved to grid (11,51) fast=False, spawnRadius=6, despawnRadius=10
[2026-06-24 06:00:20.328] [WorldPop] Cells to spawn: 113, already spawned: 32
[2026-06-24 06:00:20.328] [WorldPop] Removed 12 NPCs from 8 distant cells
[2026-06-24 06:00:20.361] [WorldPop] Player moved to grid (22,47) fast=False, spawnRadius=6, despawnRadius=10
[2026-06-24 06:00:20.361] [WorldPop] Cells to spawn: 89, already spawned: 24
[2026-06-24 06:00:20.363] [WorldPop] Spawned 12 new NPCs in 89 cells (total alive: 50)
[2026-06-24 06:00:20.411] [WorldPop] Player moved to grid (11,51) fast=False, spawnRadius=6, despawnRadius=10
[2026-06-24 06:00:20.412] [WorldPop] Cells to spawn: 113, already spawned: 32
[2026-06-24 06:00:20.412] [WorldPop] Removed 12 NPCs from 8 distant cells
[2026-06-24 06:00:20.440] [WorldPop] Player moved to grid (22,47) fast=False, spawnRadius=6, despawnRadius=10
[2026-06-24 06:00:20.441] [WorldPop] Cells to spawn: 89, already spawned: 24
[2026-06-24 06:00:20.444] [WorldPop] Spawned 12 new NPCs in 89 cells (total alive: 50)
[2026-06-24 06:00:20.479] [WorldPop] Player moved to grid (11,51) fast=False, spawnRadius=6, despawnRadius=10
[2026-06-24 06:00:20.479] [WorldPop] Cells to spawn: 113, already spawned: 32
[2026-06-24 06:00:20.479] [WorldPop] Removed 12 NPCs from 8 distant cells
[2026-06-24 06:00:20.517] [WorldPop] Player moved to grid (22,47) fast=False, spawnRadius=6, despawnRadius=10
[2026-06-24 06:00:20.517] [WorldPop] Cells to spawn: 89, already spawned: 24
[2026-06-24 06:00:20.519] [WorldPop] Spawned 12 new NPCs in 89 cells (total alive: 50)
[2026-06-24 06:00:20.581] [WorldPop] Player moved to grid (11,51) fast=False, spawnRadius=6, despawnRadius=10
[2026-06-24 06:00:20.581] [WorldPop] Cells to spawn: 113, already spawned: 32
[2026-06-24 06:00:20.582] [WorldPop] Removed 12 NPCs from 8 distant cells
[2026-06-24 06:00:20.603] [WorldPop] Player moved to grid (22,47) fast=False, spawnRadius=6, despawnRadius=10
[2026-06-24 06:00:20.604] [WorldPop] Cells to spawn: 89, already spawned: 24
[2026-06-24 06:00:20.606] [WorldPop] Spawned 12 new NPCs in 89 cells (total alive: 50)
[2026-06-24 06:00:20.631] [WorldPop] Player moved to grid (11,51) fast=False, spawnRadius=6, despawnRadius=10
[2026-06-24 06:00:20.631] [WorldPop] Cells to spawn: 113, already spawned: 32
[2026-06-24 06:00:20.632] [WorldPop] Removed 12 NPCs from 8 distant cells
[2026-06-24 06:00:20.679] [WorldPop] Player moved to grid (22,47) fast=False, spawnRadius=6, despawnRadius=10
[2026-06-24 06:00:20.680] [WorldPop] Cells to spawn: 89, already spawned: 24
[2026-06-24 06:00:20.682] [WorldPop] Spawned 12 new NPCs in 89 cells (total alive: 50)
[2026-06-24 06:00:20.736] [WorldPop] Player moved to grid (11,51) fast=False, spawnRadius=6, despawnRadius=10
[2026-06-24 06:00:20.736] [WorldPop] Cells to spawn: 113, already spawned: 32
[2026-06-24 06:00:20.737] [WorldPop] Removed 12 NPCs from 8 distant cells
[2026-06-24 06:00:20.766] [WorldPop] Player moved to grid (22,47) fast=False, spawnRadius=6, despawnRadius=10
[2026-06-24 06:00:20.766] [WorldPop] Cells to spawn: 89, already spawned: 24
[2026-06-24 06:00:20.768] [WorldPop] Spawned 12 new NPCs in 89 cells (total alive: 50)
[2026-06-24 06:00:20.798] [WorldPop] Player moved to grid (11,51) fast=False, spawnRadius=6, despawnRadius=10
[2026-06-24 06:00:20.798] [WorldPop] Cells to spawn: 113, already spawned: 32
[2026-06-24 06:00:20.799] [WorldPop] Removed 12 NPCs from 8 distant cells
[2026-06-24 06:00:20.839] [WorldPop] Player moved to grid (22,47) fast=False, spawnRadius=6, despawnRadius=10
[2026-06-24 06:00:20.839] [WorldPop] Cells to spawn: 89, already spawned: 24
[2026-06-24 06:00:20.841] [WorldPop] Spawned 12 new NPCs in 89 cells (total alive: 50)
[2026-06-24 06:00:20.892] [WorldPop] Player moved to grid (11,51) fast=False, spawnRadius=6, despawnRadius=10
[2026-06-24 06:00:20.893] [WorldPop] Cells to spawn: 113, already spawned: 32
[2026-06-24 06:00:20.895] [WorldPop] Removed 12 NPCs from 8 distant cells
[2026-06-24 06:00:20.931] [WorldPop] Player moved to grid (22,47) fast=False, spawnRadius=6, despawnRadius=10
[2026-06-24 06:00:20.931] [WorldPop] Cells to spawn: 89, already spawned: 24
[2026-06-24 06:00:20.933] [WorldPop] Spawned 12 new NPCs in 89 cells (total alive: 50)
[2026-06-24 06:00:20.960] [WorldPop] Player moved to grid (12,51) fast=False, spawnRadius=6, despawnRadius=10
[2026-06-24 06:00:20.961] [WorldPop] Cells to spawn: 108, already spawned: 32
[2026-06-24 06:00:20.962] [WorldPop] Removed 8 NPCs from 5 distant cells
[2026-06-24 06:00:21.008] [WorldPop] Player moved to grid (22,47) fast=False, spawnRadius=6, despawnRadius=10
[2026-06-24 06:00:21.008] [WorldPop] Cells to spawn: 86, already spawned: 27
[2026-06-24 06:00:21.010] [WorldPop] Spawned 8 new NPCs in 86 cells (total alive: 50)
[2026-06-24 06:00:21.077] [WorldPop] Player moved to grid (12,51) fast=False, spawnRadius=6, despawnRadius=10
[2026-06-24 06:00:21.077] [WorldPop] Cells to spawn: 108, already spawned: 32
[2026-06-24 06:00:21.077] [WorldPop] Removed 8 NPCs from 5 distant cells
[2026-06-24 06:00:21.097] [WorldPop] Player moved to grid (22,47) fast=False, spawnRadius=6, despawnRadius=10
[2026-06-24 06:00:21.097] [WorldPop] Cells to spawn: 86, already spawned: 27
[2026-06-24 06:00:21.099] [WorldPop] Spawned 8 new NPCs in 86 cells (total alive: 50)
[2026-06-24 06:00:21.121] [WorldPop] Player moved to grid (12,51) fast=False, spawnRadius=6, despawnRadius=10
[2026-06-24 06:00:21.121] [WorldPop] Cells to spawn: 108, already spawned: 32
[2026-06-24 06:00:21.121] [WorldPop] Removed 8 NPCs from 5 distant cells
[2026-06-24 06:00:21.154] [WorldPop] Player moved to grid (22,47) fast=False, spawnRadius=6, despawnRadius=10
[2026-06-24 06:00:21.154] [WorldPop] Cells to spawn: 86, already spawned: 27
[2026-06-24 06:00:21.156] [WorldPop] Spawned 8 new NPCs in 86 cells (total alive: 50)
[2026-06-24 06:00:21.219] [WorldPop] Player moved to grid (12,51) fast=False, spawnRadius=6, despawnRadius=10
[2026-06-24 06:00:21.220] [WorldPop] Cells to spawn: 108, already spawned: 32
[2026-06-24 06:00:21.221] [WorldPop] Removed 8 NPCs from 5 distant cells
[2026-06-24 06:00:21.245] [WorldPop] Player moved to grid (22,47) fast=False, spawnRadius=6, despawnRadius=10
[2026-06-24 06:00:21.245] [WorldPop] Cells to spawn: 86, already spawned: 27
[2026-06-24 06:00:21.247] [WorldPop] Spawned 8 new NPCs in 86 cells (total alive: 50)
[2026-06-24 06:00:21.285] [WorldPop] Player moved to grid (12,51) fast=False, spawnRadius=6, despawnRadius=10
[2026-06-24 06:00:21.285] [WorldPop] Cells to spawn: 108, already spawned: 32
[2026-06-24 06:00:21.286] [WorldPop] Removed 8 NPCs from 5 distant cells
[2026-06-24 06:00:21.317] [WorldPop] Player moved to grid (22,47) fast=False, spawnRadius=6, despawnRadius=10
[2026-06-24 06:00:21.317] [WorldPop] Cells to spawn: 86, already spawned: 27
[2026-06-24 06:00:21.318] [WorldPop] Spawned 8 new NPCs in 86 cells (total alive: 50)
[2026-06-24 06:00:21.376] [WorldPop] Player moved to grid (12,51) fast=False, spawnRadius=6, despawnRadius=10
[2026-06-24 06:00:21.377] [WorldPop] Cells to spawn: 108, already spawned: 32
[2026-06-24 06:00:21.377] [WorldPop] Removed 8 NPCs from 5 distant cells
[2026-06-24 06:00:21.397] [WorldPop] Player moved to grid (22,47) fast=False, spawnRadius=6, despawnRadius=10
[2026-06-24 06:00:21.397] [WorldPop] Cells to spawn: 86, already spawned: 27
[2026-06-24 06:00:21.399] [WorldPop] Spawned 8 new NPCs in 86 cells (total alive: 50)
[2026-06-24 06:00:21.441] [WorldPop] Player moved to grid (12,51) fast=False, spawnRadius=6, despawnRadius=10
[2026-06-24 06:00:21.441] [WorldPop] Cells to spawn: 108, already spawned: 32
[2026-06-24 06:00:21.442] [WorldPop] Removed 8 NPCs from 5 distant cells
[2026-06-24 06:00:21.475] [WorldPop] Player moved to grid (22,47) fast=False, spawnRadius=6, despawnRadius=10
[2026-06-24 06:00:21.476] [WorldPop] Cells to spawn: 86, already spawned: 27
[2026-06-24 06:00:21.477] [WorldPop] Spawned 8 new NPCs in 86 cells (total alive: 50)
[2026-06-24 06:00:21.528] [WorldPop] Player moved to grid (12,51) fast=False, spawnRadius=6, despawnRadius=10
[2026-06-24 06:00:21.528] [WorldPop] Cells to spawn: 108, already spawned: 32
[2026-06-24 06:00:21.529] [WorldPop] Removed 8 NPCs from 5 distant cells
[2026-06-24 06:00:21.550] [WorldPop] Player moved to grid (22,47) fast=False, spawnRadius=6, despawnRadius=10
[2026-06-24 06:00:21.550] [WorldPop] Cells to spawn: 86, already spawned: 27
[2026-06-24 06:00:21.552] [WorldPop] Spawned 8 new NPCs in 86 cells (total alive: 50)
[2026-06-24 06:00:21.603] [WorldPop] Player moved to grid (12,51) fast=False, spawnRadius=6, despawnRadius=10
[2026-06-24 06:00:21.604] [WorldPop] Cells to spawn: 108, already spawned: 32
[2026-06-24 06:00:21.604] [WorldPop] Removed 8 NPCs from 5 distant cells
[2026-06-24 06:00:21.640] [WorldPop] Player moved to grid (22,47) fast=False, spawnRadius=6, despawnRadius=10
[2026-06-24 06:00:21.641] [WorldPop] Cells to spawn: 86, already spawned: 27
[2026-06-24 06:00:21.642] [WorldPop] Spawned 8 new NPCs in 86 cells (total alive: 50)
[2026-06-24 06:00:21.700] [WorldPop] Player moved to grid (12,51) fast=False, spawnRadius=6, despawnRadius=10
[2026-06-24 06:00:21.700] [WorldPop] Cells to spawn: 108, already spawned: 32
[2026-06-24 06:00:21.702] [WorldPop] Removed 8 NPCs from 5 distant cells
[2026-06-24 06:00:21.719] [WorldPop] Player moved to grid (22,47) fast=False, spawnRadius=6, despawnRadius=10
[2026-06-24 06:00:21.719] [WorldPop] Cells to spawn: 86, already spawned: 27
[2026-06-24 06:00:21.721] [WorldPop] Spawned 8 new NPCs in 86 cells (total alive: 50)
[2026-06-24 06:00:21.751] [WorldPop] Player moved to grid (12,51) fast=False, spawnRadius=6, despawnRadius=10
[2026-06-24 06:00:21.751] [WorldPop] Cells to spawn: 108, already spawned: 32
[2026-06-24 06:00:21.752] [WorldPop] Removed 8 NPCs from 5 distant cells
[2026-06-24 06:00:21.789] [WorldPop] Player moved to grid (22,47) fast=False, spawnRadius=6, despawnRadius=10
[2026-06-24 06:00:21.789] [WorldPop] Cells to spawn: 86, already spawned: 27
[2026-06-24 06:00:21.790] [WorldPop] Spawned 8 new NPCs in 86 cells (total alive: 50)
[2026-06-24 06:00:21.839] [WorldPop] Player moved to grid (12,51) fast=False, spawnRadius=6, despawnRadius=10
[2026-06-24 06:00:21.840] [WorldPop] Cells to spawn: 108, already spawned: 32
[2026-06-24 06:00:21.840] [WorldPop] Removed 8 NPCs from 5 distant cells
[2026-06-24 06:00:21.882] [WorldPop] Player moved to grid (22,47) fast=False, spawnRadius=6, despawnRadius=10
[2026-06-24 06:00:21.883] [WorldPop] Cells to spawn: 86, already spawned: 27
[2026-06-24 06:00:21.884] [WorldPop] Spawned 8 new NPCs in 86 cells (total alive: 50)
[2026-06-24 06:00:21.936] [WorldPop] Player moved to grid (12,51) fast=False, spawnRadius=6, despawnRadius=10
[2026-06-24 06:00:21.936] [WorldPop] Cells to spawn: 108, already spawned: 32
[2026-06-24 06:00:21.937] [WorldPop] Removed 8 NPCs from 5 distant cells
[2026-06-24 06:00:21.955] [WorldPop] Player moved to grid (22,47) fast=False, spawnRadius=6, despawnRadius=10
[2026-06-24 06:00:21.956] [WorldPop] Cells to spawn: 86, already spawned: 27
[2026-06-24 06:00:21.957] [WorldPop] Spawned 8 new NPCs in 86 cells (total alive: 50)
[2026-06-24 06:00:22.025] [WorldPop] Player moved to grid (12,51) fast=False, spawnRadius=6, despawnRadius=10
[2026-06-24 06:00:22.025] [WorldPop] Cells to spawn: 108, already spawned: 32
[2026-06-24 06:00:22.025] [WorldPop] Removed 8 NPCs from 5 distant cells
[2026-06-24 06:00:22.045] [WorldPop] Player moved to grid (22,47) fast=False, spawnRadius=6, despawnRadius=10
[2026-06-24 06:00:22.045] [WorldPop] Cells to spawn: 86, already spawned: 27
[2026-06-24 06:00:22.047] [WorldPop] Spawned 8 new NPCs in 86 cells (total alive: 50)
[2026-06-24 06:00:22.072] [WorldPop] Player moved to grid (12,51) fast=False, spawnRadius=6, despawnRadius=10
[2026-06-24 06:00:22.072] [WorldPop] Cells to spawn: 108, already spawned: 32
[2026-06-24 06:00:22.073] [WorldPop] Removed 8 NPCs from 5 distant cells
[2026-06-24 06:00:22.109] [WorldPop] Player moved to grid (22,47) fast=False, spawnRadius=6, despawnRadius=10
[2026-06-24 06:00:22.109] [WorldPop] Cells to spawn: 86, already spawned: 27
[2026-06-24 06:00:22.110] [WorldPop] Spawned 8 new NPCs in 86 cells (total alive: 50)
[2026-06-24 06:00:22.182] [WorldPop] Player moved to grid (12,51) fast=False, spawnRadius=6, despawnRadius=10
[2026-06-24 06:00:22.182] [WorldPop] Cells to spawn: 108, already spawned: 32
[2026-06-24 06:00:22.184] [WorldPop] Removed 8 NPCs from 5 distant cells
[2026-06-24 06:00:22.204] [WorldPop] Player moved to grid (22,47) fast=False, spawnRadius=6, despawnRadius=10
[2026-06-24 06:00:22.205] [WorldPop] Cells to spawn: 86, already spawned: 27
[2026-06-24 06:00:22.206] [WorldPop] Spawned 8 new NPCs in 86 cells (total alive: 50)
[2026-06-24 06:00:22.235] [WorldPop] Player moved to grid (12,51) fast=False, spawnRadius=6, despawnRadius=10
[2026-06-24 06:00:22.235] [WorldPop] Cells to spawn: 108, already spawned: 32
[2026-06-24 06:00:22.235] [WorldPop] Removed 8 NPCs from 5 distant cells
[2026-06-24 06:00:22.269] [WorldPop] Player moved to grid (22,47) fast=False, spawnRadius=6, despawnRadius=10
[2026-06-24 06:00:22.269] [WorldPop] Cells to spawn: 86, already spawned: 27
[2026-06-24 06:00:22.271] [WorldPop] Spawned 8 new NPCs in 86 cells (total alive: 50)
[2026-06-24 06:00:22.337] [WorldPop] Player moved to grid (12,51) fast=False, spawnRadius=6, despawnRadius=10
[2026-06-24 06:00:22.337] [WorldPop] Cells to spawn: 108, already spawned: 32
[2026-06-24 06:00:22.338] [WorldPop] Removed 8 NPCs from 5 distant cells
[2026-06-24 06:00:22.355] [WorldPop] Player moved to grid (22,47) fast=False, spawnRadius=6, despawnRadius=10
[2026-06-24 06:00:22.355] [WorldPop] Cells to spawn: 86, already spawned: 27
[2026-06-24 06:00:22.357] [WorldPop] Spawned 8 new NPCs in 86 cells (total alive: 50)
[2026-06-24 06:00:22.390] [WorldPop] Player moved to grid (12,51) fast=False, spawnRadius=6, despawnRadius=10
[2026-06-24 06:00:22.390] [WorldPop] Cells to spawn: 108, already spawned: 32
[2026-06-24 06:00:22.391] [WorldPop] Removed 8 NPCs from 5 distant cells
[2026-06-24 06:00:22.440] [WorldPop] Player moved to grid (22,47) fast=False, spawnRadius=6, despawnRadius=10
[2026-06-24 06:00:22.440] [WorldPop] Cells to spawn: 86, already spawned: 27
[2026-06-24 06:00:22.441] [WorldPop] Spawned 8 new NPCs in 86 cells (total alive: 50)
[2026-06-24 06:00:22.492] [WorldPop] Player moved to grid (12,51) fast=False, spawnRadius=6, despawnRadius=10
[2026-06-24 06:00:22.492] [WorldPop] Cells to spawn: 108, already spawned: 32
[2026-06-24 06:00:22.494] [WorldPop] Removed 8 NPCs from 5 distant cells
[2026-06-24 06:00:22.512] [WorldPop] Player moved to grid (22,47) fast=False, spawnRadius=6, despawnRadius=10
[2026-06-24 06:00:22.512] [WorldPop] Cells to spawn: 86, already spawned: 27
[2026-06-24 06:00:22.514] [WorldPop] Spawned 8 new NPCs in 86 cells (total alive: 50)
[2026-06-24 06:00:22.577] [WorldPop] Player moved to grid (12,51) fast=False, spawnRadius=6, despawnRadius=10
[2026-06-24 06:00:22.577] [WorldPop] Cells to spawn: 108, already spawned: 32
[2026-06-24 06:00:22.579] [WorldPop] Removed 8 NPCs from 5 distant cells
[2026-06-24 06:00:22.621] [WorldPop] Player moved to grid (22,47) fast=False, spawnRadius=6, despawnRadius=10
[2026-06-24 06:00:22.621] [WorldPop] Cells to spawn: 86, already spawned: 27
[2026-06-24 06:00:22.624] [WorldPop] Spawned 8 new NPCs in 86 cells (total alive: 50)
[2026-06-24 06:00:22.667] [WorldPop] Player moved to grid (13,51) fast=False, spawnRadius=6, despawnRadius=10
[2026-06-24 06:00:22.667] [WorldPop] Cells to spawn: 103, already spawned: 32
[2026-06-24 06:00:22.668] [WorldPop] Removed 4 NPCs from 3 distant cells
[2026-06-24 06:00:22.687] [WorldPop] Player moved to grid (22,47) fast=False, spawnRadius=6, despawnRadius=10
[2026-06-24 06:00:22.688] [WorldPop] Cells to spawn: 84, already spawned: 29
[2026-06-24 06:00:22.689] [WorldPop] Spawned 4 new NPCs in 84 cells (total alive: 50)
[2026-06-24 06:00:22.724] [WorldPop] Player moved to grid (13,51) fast=False, spawnRadius=6, despawnRadius=10
[2026-06-24 06:00:22.725] [WorldPop] Cells to spawn: 103, already spawned: 32
[2026-06-24 06:00:22.726] [WorldPop] Removed 4 NPCs from 3 distant cells
[2026-06-24 06:00:22.761] [WorldPop] Player moved to grid (22,47) fast=False, spawnRadius=6, despawnRadius=10
[2026-06-24 06:00:22.762] [WorldPop] Cells to spawn: 84, already spawned: 29
[2026-06-24 06:00:22.763] [WorldPop] Spawned 4 new NPCs in 84 cells (total alive: 50)
[2026-06-24 06:00:22.814] [WorldPop] Player moved to grid (13,51) fast=False, spawnRadius=6, despawnRadius=10
[2026-06-24 06:00:22.814] [WorldPop] Cells to spawn: 103, already spawned: 32
[2026-06-24 06:00:22.814] [WorldPop] Removed 4 NPCs from 3 distant cells
[2026-06-24 06:00:22.832] [WorldPop] Player moved to grid (22,47) fast=False, spawnRadius=6, despawnRadius=10
[2026-06-24 06:00:22.832] [WorldPop] Cells to spawn: 84, already spawned: 29
[2026-06-24 06:00:22.833] [WorldPop] Spawned 4 new NPCs in 84 cells (total alive: 50)
[2026-06-24 06:00:22.878] [WorldPop] Player moved to grid (13,51) fast=False, spawnRadius=6, despawnRadius=10
[2026-06-24 06:00:22.878] [WorldPop] Cells to spawn: 103, already spawned: 32
[2026-06-24 06:00:22.879] [WorldPop] Removed 4 NPCs from 3 distant cells
[2026-06-24 06:00:22.907] [WorldPop] Player moved to grid (22,47) fast=False, spawnRadius=6, despawnRadius=10
[2026-06-24 06:00:22.907] [WorldPop] Cells to spawn: 84, already spawned: 29
[2026-06-24 06:00:22.908] [WorldPop] Spawned 4 new NPCs in 84 cells (total alive: 50)
[2026-06-24 06:00:22.985] [WorldPop] Player moved to grid (13,51) fast=False, spawnRadius=6, despawnRadius=10
[2026-06-24 06:00:22.985] [WorldPop] Cells to spawn: 103, already spawned: 32
[2026-06-24 06:00:22.986] [WorldPop] Removed 4 NPCs from 3 distant cells
[2026-06-24 06:00:23.004] [WorldPop] Player moved to grid (22,47) fast=False, spawnRadius=6, despawnRadius=10
[2026-06-24 06:00:23.004] [WorldPop] Cells to spawn: 84, already spawned: 29
[2026-06-24 06:00:23.006] [WorldPop] Spawned 4 new NPCs in 84 cells (total alive: 50)
[2026-06-24 06:00:23.025] [WorldPop] Player moved to grid (13,51) fast=False, spawnRadius=6, despawnRadius=10
[2026-06-24 06:00:23.026] [WorldPop] Cells to spawn: 103, already spawned: 32
[2026-06-24 06:00:23.026] [WorldPop] Removed 4 NPCs from 3 distant cells
[2026-06-24 06:00:23.077] [WorldPop] Player moved to grid (22,47) fast=False, spawnRadius=6, despawnRadius=10
[2026-06-24 06:00:23.077] [WorldPop] Cells to spawn: 84, already spawned: 29
[2026-06-24 06:00:23.078] [WorldPop] Spawned 4 new NPCs in 84 cells (total alive: 50)
[2026-06-24 06:00:23.126] [WorldPop] Player moved to grid (13,51) fast=False, spawnRadius=6, despawnRadius=10
[2026-06-24 06:00:23.126] [WorldPop] Cells to spawn: 103, already spawned: 32
[2026-06-24 06:00:23.126] [WorldPop] Removed 4 NPCs from 3 distant cells
[2026-06-24 06:00:23.163] [WorldPop] Player moved to grid (22,47) fast=False, spawnRadius=6, despawnRadius=10
[2026-06-24 06:00:23.163] [WorldPop] Cells to spawn: 84, already spawned: 29
[2026-06-24 06:00:23.164] [WorldPop] Spawned 4 new NPCs in 84 cells (total alive: 50)
[2026-06-24 06:00:23.200] [WorldPop] Player moved to grid (13,51) fast=False, spawnRadius=6, despawnRadius=10
[2026-06-24 06:00:23.204] [WorldPop] Cells to spawn: 103, already spawned: 32
[2026-06-24 06:00:23.204] [WorldPop] Removed 4 NPCs from 3 distant cells
[2026-06-24 06:00:23.243] [WorldPop] Player moved to grid (22,47) fast=False, spawnRadius=6, despawnRadius=10
[2026-06-24 06:00:23.243] [WorldPop] Cells to spawn: 84, already spawned: 29
[2026-06-24 06:00:23.244] [WorldPop] Spawned 4 new NPCs in 84 cells (total alive: 50)
[2026-06-24 06:00:23.299] [WorldPop] Player moved to grid (13,51) fast=False, spawnRadius=6, despawnRadius=10
[2026-06-24 06:00:23.300] [WorldPop] Cells to spawn: 103, already spawned: 32
[2026-06-24 06:00:23.300] [WorldPop] Removed 4 NPCs from 3 distant cells
[2026-06-24 06:00:23.329] [WorldPop] Player moved to grid (22,47) fast=False, spawnRadius=6, despawnRadius=10
[2026-06-24 06:00:23.329] [WorldPop] Cells to spawn: 84, already spawned: 29
[2026-06-24 06:00:23.330] [WorldPop] Spawned 4 new NPCs in 84 cells (total alive: 50)
[2026-06-24 06:00:23.375] [WorldPop] Player moved to grid (13,51) fast=False, spawnRadius=6, despawnRadius=10
[2026-06-24 06:00:23.375] [WorldPop] Cells to spawn: 103, already spawned: 32
[2026-06-24 06:00:23.375] [WorldPop] Removed 4 NPCs from 3 distant cells
[2026-06-24 06:00:23.393] [WorldPop] Player moved to grid (22,47) fast=False, spawnRadius=6, despawnRadius=10
[2026-06-24 06:00:23.393] [WorldPop] Cells to spawn: 84, already spawned: 29
[2026-06-24 06:00:23.393] [WorldPop] Spawned 4 new NPCs in 84 cells (total alive: 50)
[2026-06-24 06:00:23.455] [WorldPop] Player moved to grid (13,51) fast=False, spawnRadius=6, despawnRadius=10
[2026-06-24 06:00:23.456] [WorldPop] Cells to spawn: 103, already spawned: 32
[2026-06-24 06:00:23.456] [WorldPop] Removed 4 NPCs from 3 distant cells
[2026-06-24 06:00:23.479] [WorldPop] Player moved to grid (22,47) fast=False, spawnRadius=6, despawnRadius=10
[2026-06-24 06:00:23.479] [WorldPop] Cells to spawn: 84, already spawned: 29
[2026-06-24 06:00:23.481] [WorldPop] Spawned 4 new NPCs in 84 cells (total alive: 50)
[2026-06-24 06:00:23.515] [WorldPop] Player moved to grid (13,51) fast=False, spawnRadius=6, despawnRadius=10
[2026-06-24 06:00:23.515] [WorldPop] Cells to spawn: 103, already spawned: 32
[2026-06-24 06:00:23.516] [WorldPop] Removed 4 NPCs from 3 distant cells
[2026-06-24 06:00:23.558] [WorldPop] Player moved to grid (22,47) fast=False, spawnRadius=6, despawnRadius=10
[2026-06-24 06:00:23.558] [WorldPop] Cells to spawn: 84, already spawned: 29
[2026-06-24 06:00:23.561] [WorldPop] Spawned 4 new NPCs in 84 cells (total alive: 50)
[2026-06-24 06:00:23.631] [WorldPop] Player moved to grid (13,51) fast=False, spawnRadius=6, despawnRadius=10
[2026-06-24 06:00:23.631] [WorldPop] Cells to spawn: 103, already spawned: 32
[2026-06-24 06:00:23.631] [WorldPop] Removed 4 NPCs from 3 distant cells
[2026-06-24 06:00:23.649] [WorldPop] Player moved to grid (22,47) fast=False, spawnRadius=6, despawnRadius=10
[2026-06-24 06:00:23.650] [WorldPop] Cells to spawn: 84, already spawned: 29
[2026-06-24 06:00:23.650] [WorldPop] Spawned 4 new NPCs in 84 cells (total alive: 50)
[2026-06-24 06:00:23.671] [WorldPop] Player moved to grid (13,51) fast=False, spawnRadius=6, despawnRadius=10
[2026-06-24 06:00:23.671] [WorldPop] Cells to spawn: 103, already spawned: 32
[2026-06-24 06:00:23.672] [WorldPop] Removed 4 NPCs from 3 distant cells
[2026-06-24 06:00:23.707] [WorldPop] Player moved to grid (22,47) fast=False, spawnRadius=6, despawnRadius=10
[2026-06-24 06:00:23.707] [WorldPop] Cells to spawn: 84, already spawned: 29
[2026-06-24 06:00:23.708] [WorldPop] Spawned 4 new NPCs in 84 cells (total alive: 50)
[2026-06-24 06:00:23.786] [WorldPop] Player moved to grid (13,51) fast=False, spawnRadius=6, despawnRadius=10
[2026-06-24 06:00:23.786] [WorldPop] Cells to spawn: 103, already spawned: 32
[2026-06-24 06:00:23.786] [WorldPop] Removed 4 NPCs from 3 distant cells
[2026-06-24 06:00:23.805] [WorldPop] Player moved to grid (22,47) fast=False, spawnRadius=6, despawnRadius=10
[2026-06-24 06:00:23.805] [WorldPop] Cells to spawn: 84, already spawned: 29
[2026-06-24 06:00:23.806] [WorldPop] Spawned 4 new NPCs in 84 cells (total alive: 50)
[2026-06-24 06:00:23.838] [WorldPop] Player moved to grid (13,51) fast=False, spawnRadius=6, despawnRadius=10
[2026-06-24 06:00:23.839] [WorldPop] Cells to spawn: 103, already spawned: 32
[2026-06-24 06:00:23.839] [WorldPop] Removed 4 NPCs from 3 distant cells
[2026-06-24 06:00:23.869] [WorldPop] Player moved to grid (22,47) fast=False, spawnRadius=6, despawnRadius=10
[2026-06-24 06:00:23.869] [WorldPop] Cells to spawn: 84, already spawned: 29
[2026-06-24 06:00:23.870] [WorldPop] Spawned 4 new NPCs in 84 cells (total alive: 50)
[2026-06-24 06:00:23.943] [WorldPop] Player moved to grid (13,51) fast=False, spawnRadius=6, despawnRadius=10
[2026-06-24 06:00:23.943] [WorldPop] Cells to spawn: 103, already spawned: 32
[2026-06-24 06:00:23.943] [WorldPop] Removed 4 NPCs from 3 distant cells
[2026-06-24 06:00:23.962] [WorldPop] Player moved to grid (22,47) fast=False, spawnRadius=6, despawnRadius=10
[2026-06-24 06:00:23.963] [WorldPop] Cells to spawn: 84, already spawned: 29
[2026-06-24 06:00:23.964] [WorldPop] Spawned 4 new NPCs in 84 cells (total alive: 50)
[2026-06-24 06:00:24.003] [WorldPop] Player moved to grid (13,51) fast=False, spawnRadius=6, despawnRadius=10
[2026-06-24 06:00:24.003] [WorldPop] Cells to spawn: 103, already spawned: 32
[2026-06-24 06:00:24.003] [WorldPop] Removed 4 NPCs from 3 distant cells
[2026-06-24 06:00:24.051] [WorldPop] Player moved to grid (22,47) fast=False, spawnRadius=6, despawnRadius=10
[2026-06-24 06:00:24.051] [WorldPop] Cells to spawn: 84, already spawned: 29
[2026-06-24 06:00:24.052] [WorldPop] Spawned 4 new NPCs in 84 cells (total alive: 50)
[2026-06-24 06:00:24.094] [WorldPop] Player moved to grid (13,51) fast=False, spawnRadius=6, despawnRadius=10
[2026-06-24 06:00:24.095] [WorldPop] Cells to spawn: 103, already spawned: 32
[2026-06-24 06:00:24.095] [WorldPop] Removed 4 NPCs from 3 distant cells
[2026-06-24 06:00:24.148] [WorldPop] Player moved to grid (22,47) fast=False, spawnRadius=6, despawnRadius=10
[2026-06-24 06:00:24.148] [WorldPop] Cells to spawn: 84, already spawned: 29
[2026-06-24 06:00:24.149] [WorldPop] Spawned 4 new NPCs in 84 cells (total alive: 50)
[2026-06-24 06:00:24.167] [WorldPop] Player moved to grid (13,51) fast=False, spawnRadius=6, despawnRadius=10
[2026-06-24 06:00:24.167] [WorldPop] Cells to spawn: 103, already spawned: 32
[2026-06-24 06:00:24.167] [WorldPop] Removed 4 NPCs from 3 distant cells
[2026-06-24 06:00:24.196] [WorldPop] Player moved to grid (22,47) fast=False, spawnRadius=6, despawnRadius=10
[2026-06-24 06:00:24.196] [WorldPop] Cells to spawn: 84, already spawned: 29
[2026-06-24 06:00:24.197] [WorldPop] Spawned 4 new NPCs in 84 cells (total alive: 50)
[2026-06-24 06:00:24.250] [WorldPop] Player moved to grid (13,51) fast=False, spawnRadius=6, despawnRadius=10
[2026-06-24 06:00:24.250] [WorldPop] Cells to spawn: 103, already spawned: 32
[2026-06-24 06:00:24.251] [WorldPop] Removed 4 NPCs from 3 distant cells
[2026-06-24 06:00:24.281] [WorldPop] Player moved to grid (22,47) fast=False, spawnRadius=6, despawnRadius=10
[2026-06-24 06:00:24.281] [WorldPop] Cells to spawn: 84, already spawned: 29
[2026-06-24 06:00:24.282] [WorldPop] Spawned 4 new NPCs in 84 cells (total alive: 50)
[2026-06-24 06:00:24.313] [WorldPop] Player moved to grid (13,51) fast=False, spawnRadius=6, despawnRadius=10
[2026-06-24 06:00:24.313] [WorldPop] Cells to spawn: 103, already spawned: 32
[2026-06-24 06:00:24.314] [WorldPop] Removed 4 NPCs from 3 distant cells
[2026-06-24 06:00:24.354] [WorldPop] Player moved to grid (22,47) fast=False, spawnRadius=6, despawnRadius=10
[2026-06-24 06:00:24.354] [WorldPop] Cells to spawn: 84, already spawned: 29
[2026-06-24 06:00:24.355] [WorldPop] Spawned 4 new NPCs in 84 cells (total alive: 50)
[2026-06-24 06:00:24.405] [WorldPop] Player moved to grid (13,51) fast=False, spawnRadius=6, despawnRadius=10
[2026-06-24 06:00:24.405] [WorldPop] Cells to spawn: 103, already spawned: 32
[2026-06-24 06:00:24.405] [WorldPop] Removed 4 NPCs from 3 distant cells
[2026-06-24 06:00:24.449] [WorldPop] Player moved to grid (22,47) fast=False, spawnRadius=6, despawnRadius=10
[2026-06-24 06:00:24.449] [WorldPop] Cells to spawn: 84, already spawned: 29
[2026-06-24 06:00:24.450] [WorldPop] Spawned 4 new NPCs in 84 cells (total alive: 50)
[2026-06-24 06:00:24.484] [WorldPop] Player moved to grid (13,51) fast=False, spawnRadius=6, despawnRadius=10
[2026-06-24 06:00:24.484] [WorldPop] Cells to spawn: 103, already spawned: 32
[2026-06-24 06:00:24.485] [WorldPop] Removed 4 NPCs from 3 distant cells
[2026-06-24 06:00:24.526] [WorldPop] Player moved to grid (22,47) fast=False, spawnRadius=6, despawnRadius=10
[2026-06-24 06:00:24.527] [WorldPop] Cells to spawn: 84, already spawned: 29
[2026-06-24 06:00:24.527] [WorldPop] Spawned 4 new NPCs in 84 cells (total alive: 50)
[2026-06-24 06:00:24.590] [WorldPop] Player moved to grid (14,51) fast=False, spawnRadius=6, despawnRadius=10
[2026-06-24 06:00:24.590] [WorldPop] Cells to spawn: 97, already spawned: 32
[2026-06-24 06:00:24.590] [WorldPop] Removed 3 NPCs from 2 distant cells
[2026-06-24 06:00:24.611] [WorldPop] Player moved to grid (22,47) fast=False, spawnRadius=6, despawnRadius=10
[2026-06-24 06:00:24.611] [WorldPop] Cells to spawn: 83, already spawned: 30
[2026-06-24 06:00:24.612] [WorldPop] Spawned 3 new NPCs in 83 cells (total alive: 50)
[2026-06-24 06:00:24.637] [WorldPop] Player moved to grid (14,51) fast=False, spawnRadius=6, despawnRadius=10
[2026-06-24 06:00:24.637] [WorldPop] Cells to spawn: 97, already spawned: 32
[2026-06-24 06:00:24.638] [WorldPop] Removed 3 NPCs from 2 distant cells
[2026-06-24 06:00:24.672] [WorldPop] Player moved to grid (22,47) fast=False, spawnRadius=6, despawnRadius=10
[2026-06-24 06:00:24.672] [WorldPop] Cells to spawn: 83, already spawned: 30
[2026-06-24 06:00:24.675] [WorldPop] Spawned 3 new NPCs in 83 cells (total alive: 50)
[2026-06-24 06:00:24.730] [WorldPop] Player moved to grid (14,51) fast=False, spawnRadius=6, despawnRadius=10
[2026-06-24 06:00:24.731] [WorldPop] Cells to spawn: 97, already spawned: 32
[2026-06-24 06:00:24.731] [WorldPop] Removed 3 NPCs from 2 distant cells
[2026-06-24 06:00:24.758] [WorldPop] Player moved to grid (22,47) fast=False, spawnRadius=6, despawnRadius=10
[2026-06-24 06:00:24.758] [WorldPop] Cells to spawn: 83, already spawned: 30
[2026-06-24 06:00:24.759] [WorldPop] Spawned 3 new NPCs in 83 cells (total alive: 50)
[2026-06-24 06:00:24.804] [WorldPop] Player moved to grid (14,51) fast=False, spawnRadius=6, despawnRadius=10
[2026-06-24 06:00:24.804] [WorldPop] Cells to spawn: 97, already spawned: 32
[2026-06-24 06:00:24.805] [WorldPop] Removed 3 NPCs from 2 distant cells
[2026-06-24 06:00:24.836] [WorldPop] Player moved to grid (22,47) fast=False, spawnRadius=6, despawnRadius=10
[2026-06-24 06:00:24.837] [WorldPop] Cells to spawn: 83, already spawned: 30
[2026-06-24 06:00:24.837] [WorldPop] Spawned 3 new NPCs in 83 cells (total alive: 50)
[2026-06-24 06:00:24.892] [WorldPop] Player moved to grid (14,51) fast=False, spawnRadius=6, despawnRadius=10
[2026-06-24 06:00:24.892] [WorldPop] Cells to spawn: 97, already spawned: 32
[2026-06-24 06:00:24.893] [WorldPop] Removed 3 NPCs from 2 distant cells
[2026-06-24 06:00:24.924] [WorldPop] Player moved to grid (22,47) fast=False, spawnRadius=6, despawnRadius=10
[2026-06-24 06:00:24.924] [WorldPop] Cells to spawn: 83, already spawned: 30
[2026-06-24 06:00:24.924] [WorldPop] Spawned 3 new NPCs in 83 cells (total alive: 50)
[2026-06-24 06:00:24.960] [WorldPop] Player moved to grid (14,51) fast=False, spawnRadius=6, despawnRadius=10
[2026-06-24 06:00:24.961] [WorldPop] Cells to spawn: 97, already spawned: 32
[2026-06-24 06:00:24.961] [WorldPop] Removed 3 NPCs from 2 distant cells
[2026-06-24 06:00:24.991] [WorldPop] Player moved to grid (22,47) fast=False, spawnRadius=6, despawnRadius=10
[2026-06-24 06:00:24.992] [WorldPop] Cells to spawn: 83, already spawned: 30
[2026-06-24 06:00:24.992] [WorldPop] Spawned 3 new NPCs in 83 cells (total alive: 50)
[2026-06-24 06:00:25.042] [WorldPop] Player moved to grid (14,51) fast=False, spawnRadius=6, despawnRadius=10
[2026-06-24 06:00:25.042] [WorldPop] Cells to spawn: 97, already spawned: 32
[2026-06-24 06:00:25.043] [WorldPop] Removed 3 NPCs from 2 distant cells
[2026-06-24 06:00:25.075] [WorldPop] Player moved to grid (22,47) fast=False, spawnRadius=6, despawnRadius=10
[2026-06-24 06:00:25.075] [WorldPop] Cells to spawn: 83, already spawned: 30
[2026-06-24 06:00:25.076] [WorldPop] Spawned 3 new NPCs in 83 cells (total alive: 50)
[2026-06-24 06:00:25.105] [WorldPop] Player moved to grid (14,51) fast=False, spawnRadius=6, despawnRadius=10
[2026-06-24 06:00:25.106] [WorldPop] Cells to spawn: 97, already spawned: 32
[2026-06-24 06:00:25.106] [WorldPop] Removed 3 NPCs from 2 distant cells
[2026-06-24 06:00:25.160] [WorldPop] Player moved to grid (22,47) fast=False, spawnRadius=6, despawnRadius=10
[2026-06-24 06:00:25.160] [WorldPop] Cells to spawn: 83, already spawned: 30
[2026-06-24 06:00:25.161] [WorldPop] Spawned 3 new NPCs in 83 cells (total alive: 50)
[2026-06-24 06:00:25.212] [WorldPop] Player moved to grid (14,51) fast=False, spawnRadius=6, despawnRadius=10
[2026-06-24 06:00:25.212] [WorldPop] Cells to spawn: 97, already spawned: 32
[2026-06-24 06:00:25.213] [WorldPop] Removed 3 NPCs from 2 distant cells
[2026-06-24 06:00:25.229] [WorldPop] Player moved to grid (22,47) fast=False, spawnRadius=6, despawnRadius=10
[2026-06-24 06:00:25.229] [WorldPop] Cells to spawn: 83, already spawned: 30
[2026-06-24 06:00:25.230] [WorldPop] Spawned 3 new NPCs in 83 cells (total alive: 50)
[2026-06-24 06:00:25.272] [WorldPop] Player moved to grid (14,51) fast=False, spawnRadius=6, despawnRadius=10
[2026-06-24 06:00:25.272] [WorldPop] Cells to spawn: 97, already spawned: 32
[2026-06-24 06:00:25.273] [WorldPop] Removed 3 NPCs from 2 distant cells
[2026-06-24 06:00:25.305] [WorldPop] Player moved to grid (22,47) fast=False, spawnRadius=6, despawnRadius=10
[2026-06-24 06:00:25.305] [WorldPop] Cells to spawn: 83, already spawned: 30
[2026-06-24 06:00:25.306] [WorldPop] Spawned 3 new NPCs in 83 cells (total alive: 50)
[2026-06-24 06:00:25.367] [WorldPop] Player moved to grid (14,51) fast=False, spawnRadius=6, despawnRadius=10
[2026-06-24 06:00:25.368] [WorldPop] Cells to spawn: 97, already spawned: 32
[2026-06-24 06:00:25.368] [WorldPop] Removed 3 NPCs from 2 distant cells
[2026-06-24 06:00:25.389] [WorldPop] Player moved to grid (22,47) fast=False, spawnRadius=6, despawnRadius=10
[2026-06-24 06:00:25.389] [WorldPop] Cells to spawn: 83, already spawned: 30
[2026-06-24 06:00:25.391] [WorldPop] Spawned 3 new NPCs in 83 cells (total alive: 50)
[2026-06-24 06:00:25.427] [WorldPop] Player moved to grid (14,51) fast=False, spawnRadius=6, despawnRadius=10
[2026-06-24 06:00:25.427] [WorldPop] Cells to spawn: 97, already spawned: 32
[2026-06-24 06:00:25.428] [WorldPop] Removed 3 NPCs from 2 distant cells
[2026-06-24 06:00:25.473] [WorldPop] Player moved to grid (22,47) fast=False, spawnRadius=6, despawnRadius=10
[2026-06-24 06:00:25.473] [WorldPop] Cells to spawn: 83, already spawned: 30
[2026-06-24 06:00:25.473] [WorldPop] Spawned 3 new NPCs in 83 cells (total alive: 50)
[2026-06-24 06:00:25.526] [WorldPop] Player moved to grid (14,51) fast=False, spawnRadius=6, despawnRadius=10
[2026-06-24 06:00:25.527] [WorldPop] Cells to spawn: 97, already spawned: 32
[2026-06-24 06:00:25.527] [WorldPop] Removed 3 NPCs from 2 distant cells
[2026-06-24 06:00:25.555] [WorldPop] Player moved to grid (22,47) fast=False, spawnRadius=6, despawnRadius=10
[2026-06-24 06:00:25.556] [WorldPop] Cells to spawn: 83, already spawned: 30
[2026-06-24 06:00:25.556] [WorldPop] Spawned 3 new NPCs in 83 cells (total alive: 50)
[2026-06-24 06:00:25.590] [WorldPop] Player moved to grid (14,51) fast=False, spawnRadius=6, despawnRadius=10
[2026-06-24 06:00:25.591] [WorldPop] Cells to spawn: 97, already spawned: 32
[2026-06-24 06:00:25.591] [WorldPop] Removed 3 NPCs from 2 distant cells
[2026-06-24 06:00:25.624] [WorldPop] Player moved to grid (22,47) fast=False, spawnRadius=6, despawnRadius=10
[2026-06-24 06:00:25.624] [WorldPop] Cells to spawn: 83, already spawned: 30
[2026-06-24 06:00:25.625] [WorldPop] Spawned 3 new NPCs in 83 cells (total alive: 50)
[2026-06-24 06:00:25.695] [WorldPop] Player moved to grid (14,51) fast=False, spawnRadius=6, despawnRadius=10
[2026-06-24 06:00:25.695] [WorldPop] Cells to spawn: 97, already spawned: 32
[2026-06-24 06:00:25.696] [WorldPop] Removed 3 NPCs from 2 distant cells
[2026-06-24 06:00:25.713] [WorldPop] Player moved to grid (22,47) fast=False, spawnRadius=6, despawnRadius=10
[2026-06-24 06:00:25.714] [WorldPop] Cells to spawn: 83, already spawned: 30
[2026-06-24 06:00:25.714] [WorldPop] Spawned 3 new NPCs in 83 cells (total alive: 50)
[2026-06-24 06:00:25.755] [WorldPop] Player moved to grid (14,51) fast=False, spawnRadius=6, despawnRadius=10
[2026-06-24 06:00:25.755] [WorldPop] Cells to spawn: 97, already spawned: 32
[2026-06-24 06:00:25.755] [WorldPop] Removed 3 NPCs from 2 distant cells
[2026-06-24 06:00:25.791] [WorldPop] Player moved to grid (22,47) fast=False, spawnRadius=6, despawnRadius=10
[2026-06-24 06:00:25.791] [WorldPop] Cells to spawn: 83, already spawned: 30
[2026-06-24 06:00:25.792] [WorldPop] Spawned 3 new NPCs in 83 cells (total alive: 50)
[2026-06-24 06:00:25.836] [WorldPop] Player moved to grid (14,51) fast=False, spawnRadius=6, despawnRadius=10
[2026-06-24 06:00:25.836] [WorldPop] Cells to spawn: 97, already spawned: 32
[2026-06-24 06:00:25.837] [WorldPop] Removed 3 NPCs from 2 distant cells
[2026-06-24 06:00:25.875] [WorldPop] Player moved to grid (22,47) fast=False, spawnRadius=6, despawnRadius=10
[2026-06-24 06:00:25.875] [WorldPop] Cells to spawn: 83, already spawned: 30
[2026-06-24 06:00:25.876] [WorldPop] Spawned 3 new NPCs in 83 cells (total alive: 50)
[2026-06-24 06:00:25.908] [WorldPop] Player moved to grid (14,51) fast=False, spawnRadius=6, despawnRadius=10
[2026-06-24 06:00:25.909] [WorldPop] Cells to spawn: 97, already spawned: 32
[2026-06-24 06:00:25.909] [WorldPop] Removed 3 NPCs from 2 distant cells
[2026-06-24 06:00:25.958] [WorldPop] Player moved to grid (22,47) fast=False, spawnRadius=6, despawnRadius=10
[2026-06-24 06:00:25.958] [WorldPop] Cells to spawn: 83, already spawned: 30
[2026-06-24 06:00:25.959] [WorldPop] Spawned 3 new NPCs in 83 cells (total alive: 50)
[2026-06-24 06:00:26.006] [WorldPop] Player moved to grid (14,51) fast=False, spawnRadius=6, despawnRadius=10
[2026-06-24 06:00:26.007] [WorldPop] Cells to spawn: 97, already spawned: 32
[2026-06-24 06:00:26.007] [WorldPop] Removed 3 NPCs from 2 distant cells
[2026-06-24 06:00:26.025] [WorldPop] Player moved to grid (22,47) fast=False, spawnRadius=6, despawnRadius=10
[2026-06-24 06:00:26.025] [WorldPop] Cells to spawn: 83, already spawned: 30
[2026-06-24 06:00:26.026] [WorldPop] Spawned 3 new NPCs in 83 cells (total alive: 50)
[2026-06-24 06:00:26.076] [WorldPop] Player moved to grid (14,51) fast=False, spawnRadius=6, despawnRadius=10
[2026-06-24 06:00:26.076] [WorldPop] Cells to spawn: 97, already spawned: 32
[2026-06-24 06:00:26.077] [WorldPop] Removed 3 NPCs from 2 distant cells
[2026-06-24 06:00:26.108] [WorldPop] Player moved to grid (22,47) fast=False, spawnRadius=6, despawnRadius=10
[2026-06-24 06:00:26.108] [WorldPop] Cells to spawn: 83, already spawned: 30
[2026-06-24 06:00:26.109] [WorldPop] Spawned 3 new NPCs in 83 cells (total alive: 50)
[2026-06-24 06:00:26.179] [WorldPop] Player moved to grid (14,51) fast=False, spawnRadius=6, despawnRadius=10
[2026-06-24 06:00:26.179] [WorldPop] Cells to spawn: 97, already spawned: 32
[2026-06-24 06:00:26.179] [WorldPop] Removed 3 NPCs from 2 distant cells
[2026-06-24 06:00:26.193] [WorldPop] Player moved to grid (22,47) fast=False, spawnRadius=6, despawnRadius=10
[2026-06-24 06:00:26.194] [WorldPop] Cells to spawn: 83, already spawned: 30
[2026-06-24 06:00:26.194] [WorldPop] Spawned 3 new NPCs in 83 cells (total alive: 50)
[2026-06-24 06:00:26.238] [WorldPop] Player moved to grid (14,51) fast=False, spawnRadius=6, despawnRadius=10
[2026-06-24 06:00:26.239] [WorldPop] Cells to spawn: 97, already spawned: 32
[2026-06-24 06:00:26.239] [WorldPop] Removed 3 NPCs from 2 distant cells
[2026-06-24 06:00:26.281] [WorldPop] Player moved to grid (22,47) fast=False, spawnRadius=6, despawnRadius=10
[2026-06-24 06:00:26.281] [WorldPop] Cells to spawn: 83, already spawned: 30
[2026-06-24 06:00:26.281] [WorldPop] Spawned 3 new NPCs in 83 cells (total alive: 50)
[2026-06-24 06:00:26.350] [WorldPop] Player moved to grid (14,51) fast=False, spawnRadius=6, despawnRadius=10
[2026-06-24 06:00:26.350] [WorldPop] Cells to spawn: 97, already spawned: 32
[2026-06-24 06:00:26.351] [WorldPop] Removed 3 NPCs from 2 distant cells
[2026-06-24 06:00:26.367] [WorldPop] Player moved to grid (22,47) fast=False, spawnRadius=6, despawnRadius=10
[2026-06-24 06:00:26.368] [WorldPop] Cells to spawn: 83, already spawned: 30
[2026-06-24 06:00:26.368] [WorldPop] Spawned 3 new NPCs in 83 cells (total alive: 50)
[2026-06-24 06:00:26.390] [WorldPop] Player moved to grid (14,51) fast=False, spawnRadius=6, despawnRadius=10
[2026-06-24 06:00:26.390] [WorldPop] Cells to spawn: 97, already spawned: 32
[2026-06-24 06:00:26.390] [WorldPop] Removed 3 NPCs from 2 distant cells
[2026-06-24 06:00:26.442] [WorldPop] Player moved to grid (22,47) fast=False, spawnRadius=6, despawnRadius=10
[2026-06-24 06:00:26.442] [WorldPop] Cells to spawn: 83, already spawned: 30
[2026-06-24 06:00:26.443] [WorldPop] Spawned 3 new NPCs in 83 cells (total alive: 50)
[2026-06-24 06:00:26.488] [WorldPop] Player moved to grid (14,51) fast=False, spawnRadius=6, despawnRadius=10
[2026-06-24 06:00:26.488] [WorldPop] Cells to spawn: 97, already spawned: 32
[2026-06-24 06:00:26.488] [WorldPop] Removed 3 NPCs from 2 distant cells
[2026-06-24 06:00:26.506] [WorldPop] Player moved to grid (22,47) fast=False, spawnRadius=6, despawnRadius=10
[2026-06-24 06:00:26.506] [WorldPop] Cells to spawn: 83, already spawned: 30
[2026-06-24 06:00:26.507] [WorldPop] Spawned 3 new NPCs in 83 cells (total alive: 50)
[2026-06-24 06:00:26.562] [WorldPop] Player moved to grid (14,51) fast=False, spawnRadius=6, despawnRadius=10
[2026-06-24 06:00:26.562] [WorldPop] Cells to spawn: 97, already spawned: 32
[2026-06-24 06:00:26.563] [WorldPop] Removed 3 NPCs from 2 distant cells
[2026-06-24 06:00:26.596] [WorldPop] Player moved to grid (22,47) fast=False, spawnRadius=6, despawnRadius=10
[2026-06-24 06:00:26.597] [WorldPop] Cells to spawn: 83, already spawned: 30
[2026-06-24 06:00:26.597] [WorldPop] Spawned 3 new NPCs in 83 cells (total alive: 50)
[2026-06-24 06:00:26.662] [WorldPop] Player moved to grid (14,51) fast=False, spawnRadius=6, despawnRadius=10
[2026-06-24 06:00:26.663] [WorldPop] Cells to spawn: 97, already spawned: 32
[2026-06-24 06:00:26.663] [WorldPop] Removed 3 NPCs from 2 distant cells
[2026-06-24 06:00:26.678] [WorldPop] Player moved to grid (22,47) fast=False, spawnRadius=6, despawnRadius=10
[2026-06-24 06:00:26.679] [WorldPop] Cells to spawn: 83, already spawned: 30
[2026-06-24 06:00:26.679] [WorldPop] Spawned 3 new NPCs in 83 cells (total alive: 50)
[2026-06-24 06:00:26.708] [WorldPop] Player moved to grid (14,51) fast=False, spawnRadius=6, despawnRadius=10
[2026-06-24 06:00:26.709] [WorldPop] Cells to spawn: 97, already spawned: 32
[2026-06-24 06:00:26.709] [WorldPop] Removed 3 NPCs from 2 distant cells
[2026-06-24 06:00:26.761] [WorldPop] Player moved to grid (22,47) fast=False, spawnRadius=6, despawnRadius=10
[2026-06-24 06:00:26.761] [WorldPop] Cells to spawn: 83, already spawned: 30
[2026-06-24 06:00:26.762] [WorldPop] Spawned 3 new NPCs in 83 cells (total alive: 50)
[2026-06-24 06:00:26.818] [WorldPop] Player moved to grid (14,51) fast=False, spawnRadius=6, despawnRadius=10
[2026-06-24 06:00:26.819] [WorldPop] Cells to spawn: 97, already spawned: 32
[2026-06-24 06:00:26.819] [WorldPop] Removed 3 NPCs from 2 distant cells
[2026-06-24 06:00:26.835] [WorldPop] Player moved to grid (22,47) fast=False, spawnRadius=6, despawnRadius=10
[2026-06-24 06:00:26.835] [WorldPop] Cells to spawn: 83, already spawned: 30
[2026-06-24 06:00:26.836] [WorldPop] Spawned 3 new NPCs in 83 cells (total alive: 50)
[2026-06-24 06:00:26.871] [WorldPop] Player moved to grid (14,51) fast=False, spawnRadius=6, despawnRadius=10
[2026-06-24 06:00:26.872] [WorldPop] Cells to spawn: 97, already spawned: 32
[2026-06-24 06:00:26.873] [WorldPop] Removed 3 NPCs from 2 distant cells
[2026-06-24 06:00:26.907] [WorldPop] Player moved to grid (22,47) fast=False, spawnRadius=6, despawnRadius=10
[2026-06-24 06:00:26.907] [WorldPop] Cells to spawn: 83, already spawned: 30
[2026-06-24 06:00:26.908] [WorldPop] Spawned 3 new NPCs in 83 cells (total alive: 50)
[2026-06-24 06:00:26.987] [WorldPop] Player moved to grid (14,51) fast=False, spawnRadius=6, despawnRadius=10
[2026-06-24 06:00:26.987] [WorldPop] Cells to spawn: 97, already spawned: 32
[2026-06-24 06:00:26.988] [WorldPop] Removed 3 NPCs from 2 distant cells
[2026-06-24 06:00:27.004] [WorldPop] Player moved to grid (22,47) fast=False, spawnRadius=6, despawnRadius=10
[2026-06-24 06:00:27.005] [WorldPop] Cells to spawn: 83, already spawned: 30
[2026-06-24 06:00:27.005] [WorldPop] Spawned 3 new NPCs in 83 cells (total alive: 50)
[2026-06-24 06:00:27.035] [WorldPop] Player moved to grid (14,51) fast=False, spawnRadius=6, despawnRadius=10
[2026-06-24 06:00:27.035] [WorldPop] Cells to spawn: 97, already spawned: 32
[2026-06-24 06:00:27.036] [WorldPop] Removed 3 NPCs from 2 distant cells
[2026-06-24 06:00:27.077] [WorldPop] Player moved to grid (22,47) fast=False, spawnRadius=6, despawnRadius=10
[2026-06-24 06:00:27.078] [WorldPop] Cells to spawn: 83, already spawned: 30
[2026-06-24 06:00:27.078] [WorldPop] Spawned 3 new NPCs in 83 cells (total alive: 50)
[2026-06-24 06:00:27.127] [WorldPop] Player moved to grid (14,51) fast=False, spawnRadius=6, despawnRadius=10
[2026-06-24 06:00:27.128] [WorldPop] Cells to spawn: 97, already spawned: 32
[2026-06-24 06:00:27.128] [WorldPop] Removed 3 NPCs from 2 distant cells
[2026-06-24 06:00:27.166] [WorldPop] Player moved to grid (22,47) fast=False, spawnRadius=6, despawnRadius=10
[2026-06-24 06:00:27.166] [WorldPop] Cells to spawn: 83, already spawned: 30
[2026-06-24 06:00:27.166] [WorldPop] Spawned 3 new NPCs in 83 cells (total alive: 50)
[2026-06-24 06:00:27.211] [WorldPop] Player moved to grid (14,51) fast=False, spawnRadius=6, despawnRadius=10
[2026-06-24 06:00:27.211] [WorldPop] Cells to spawn: 97, already spawned: 32
[2026-06-24 06:00:27.212] [WorldPop] Removed 3 NPCs from 2 distant cells
[2026-06-24 06:00:27.234] [WorldPop] Player moved to grid (22,47) fast=False, spawnRadius=6, despawnRadius=10
[2026-06-24 06:00:27.235] [WorldPop] Cells to spawn: 83, already spawned: 30
[2026-06-24 06:00:27.235] [WorldPop] Spawned 3 new NPCs in 83 cells (total alive: 50)
[2026-06-24 06:00:27.296] [WorldPop] Player moved to grid (14,51) fast=False, spawnRadius=6, despawnRadius=10
[2026-06-24 06:00:27.296] [WorldPop] Cells to spawn: 97, already spawned: 32
[2026-06-24 06:00:27.297] [WorldPop] Removed 3 NPCs from 2 distant cells
[2026-06-24 06:00:27.341] [WorldPop] Player moved to grid (22,47) fast=False, spawnRadius=6, despawnRadius=10
[2026-06-24 06:00:27.341] [WorldPop] Cells to spawn: 83, already spawned: 30
[2026-06-24 06:00:27.342] [WorldPop] Spawned 3 new NPCs in 83 cells (total alive: 50)
[2026-06-24 06:00:27.359] [WorldPop] Player moved to grid (14,51) fast=False, spawnRadius=6, despawnRadius=10
[2026-06-24 06:00:27.359] [WorldPop] Cells to spawn: 97, already spawned: 32
[2026-06-24 06:00:27.360] [WorldPop] Removed 3 NPCs from 2 distant cells
[2026-06-24 06:00:27.389] [WorldPop] Player moved to grid (22,47) fast=False, spawnRadius=6, despawnRadius=10
[2026-06-24 06:00:27.389] [WorldPop] Cells to spawn: 83, already spawned: 30
[2026-06-24 06:00:27.390] [WorldPop] Spawned 3 new NPCs in 83 cells (total alive: 50)
[2026-06-24 06:00:27.440] [WorldPop] Player moved to grid (14,51) fast=False, spawnRadius=6, despawnRadius=10
[2026-06-24 06:00:27.440] [WorldPop] Cells to spawn: 97, already spawned: 32
[2026-06-24 06:00:27.441] [WorldPop] Removed 3 NPCs from 2 distant cells
[2026-06-24 06:00:27.477] [WorldPop] Player moved to grid (22,47) fast=False, spawnRadius=6, despawnRadius=10
[2026-06-24 06:00:27.477] [WorldPop] Cells to spawn: 83, already spawned: 30
[2026-06-24 06:00:27.478] [WorldPop] Spawned 3 new NPCs in 83 cells (total alive: 50)
[2026-06-24 06:00:27.515] [WorldPop] Player moved to grid (15,51) fast=False, spawnRadius=6, despawnRadius=10
[2026-06-24 06:00:27.516] [WorldPop] Cells to spawn: 95, already spawned: 32
[2026-06-24 06:00:27.516] [WorldPop] Removed 1 NPCs from 1 distant cells
[2026-06-24 06:00:27.555] [WorldPop] Player moved to grid (22,47) fast=False, spawnRadius=6, despawnRadius=10
[2026-06-24 06:00:27.555] [WorldPop] Cells to spawn: 82, already spawned: 31
[2026-06-24 06:00:27.555] [WorldPop] Spawned 1 new NPCs in 82 cells (total alive: 50)
[2026-06-24 06:00:27.608] [WorldPop] Player moved to grid (15,51) fast=False, spawnRadius=6, despawnRadius=10
[2026-06-24 06:00:27.608] [WorldPop] Cells to spawn: 95, already spawned: 32
[2026-06-24 06:00:27.608] [WorldPop] Removed 1 NPCs from 1 distant cells
[2026-06-24 06:00:27.630] [WorldPop] Player moved to grid (22,47) fast=False, spawnRadius=6, despawnRadius=10
[2026-06-24 06:00:27.631] [WorldPop] Cells to spawn: 82, already spawned: 31
[2026-06-24 06:00:27.631] [WorldPop] Spawned 1 new NPCs in 82 cells (total alive: 50)
[2026-06-24 06:00:27.665] [WorldPop] Player moved to grid (15,51) fast=False, spawnRadius=6, despawnRadius=10
[2026-06-24 06:00:27.665] [WorldPop] Cells to spawn: 95, already spawned: 32
[2026-06-24 06:00:27.665] [WorldPop] Removed 1 NPCs from 1 distant cells
[2026-06-24 06:00:27.703] [WorldPop] Player moved to grid (22,47) fast=False, spawnRadius=6, despawnRadius=10
[2026-06-24 06:00:27.703] [WorldPop] Cells to spawn: 82, already spawned: 31
[2026-06-24 06:00:27.703] [WorldPop] Spawned 1 new NPCs in 82 cells (total alive: 50)
[2026-06-24 06:00:27.780] [WorldPop] Player moved to grid (15,51) fast=False, spawnRadius=6, despawnRadius=10
[2026-06-24 06:00:27.780] [WorldPop] Cells to spawn: 95, already spawned: 32
[2026-06-24 06:00:27.780] [WorldPop] Removed 1 NPCs from 1 distant cells
[2026-06-24 06:00:27.796] [WorldPop] Player moved to grid (22,47) fast=False, spawnRadius=6, despawnRadius=10
[2026-06-24 06:00:27.797] [WorldPop] Cells to spawn: 82, already spawned: 31
[2026-06-24 06:00:27.797] [WorldPop] Spawned 1 new NPCs in 82 cells (total alive: 50)
[2026-06-24 06:00:27.827] [WorldPop] Player moved to grid (15,51) fast=False, spawnRadius=6, despawnRadius=10
[2026-06-24 06:00:27.828] [WorldPop] Cells to spawn: 95, already spawned: 32
[2026-06-24 06:00:27.828] [WorldPop] Removed 1 NPCs from 1 distant cells
[2026-06-24 06:00:27.877] [WorldPop] Player moved to grid (22,47) fast=False, spawnRadius=6, despawnRadius=10
[2026-06-24 06:00:27.877] [WorldPop] Cells to spawn: 82, already spawned: 31
[2026-06-24 06:00:27.877] [WorldPop] Spawned 1 new NPCs in 82 cells (total alive: 50)
[2026-06-24 06:00:27.935] [WorldPop] Player moved to grid (15,51) fast=False, spawnRadius=6, despawnRadius=10
[2026-06-24 06:00:27.935] [WorldPop] Cells to spawn: 95, already spawned: 32
[2026-06-24 06:00:27.936] [WorldPop] Removed 1 NPCs from 1 distant cells
[2026-06-24 06:00:27.957] [WorldPop] Player moved to grid (22,47) fast=False, spawnRadius=6, despawnRadius=10
[2026-06-24 06:00:27.958] [WorldPop] Cells to spawn: 82, already spawned: 31
[2026-06-24 06:00:27.958] [WorldPop] Spawned 1 new NPCs in 82 cells (total alive: 50)
[2026-06-24 06:00:27.996] [WorldPop] Player moved to grid (15,51) fast=False, spawnRadius=6, despawnRadius=10
[2026-06-24 06:00:27.996] [WorldPop] Cells to spawn: 95, already spawned: 32
[2026-06-24 06:00:27.996] [WorldPop] Removed 1 NPCs from 1 distant cells
[2026-06-24 06:00:28.037] [WorldPop] Player moved to grid (22,47) fast=False, spawnRadius=6, despawnRadius=10
[2026-06-24 06:00:28.037] [WorldPop] Cells to spawn: 82, already spawned: 31
[2026-06-24 06:00:28.037] [WorldPop] Spawned 1 new NPCs in 82 cells (total alive: 50)
[2026-06-24 06:00:28.091] [WorldPop] Player moved to grid (15,51) fast=False, spawnRadius=6, despawnRadius=10
[2026-06-24 06:00:28.091] [WorldPop] Cells to spawn: 95, already spawned: 32
[2026-06-24 06:00:28.091] [WorldPop] Removed 1 NPCs from 1 distant cells
[2026-06-24 06:00:28.113] [WorldPop] Player moved to grid (22,47) fast=False, spawnRadius=6, despawnRadius=10
[2026-06-24 06:00:28.114] [WorldPop] Cells to spawn: 82, already spawned: 31
[2026-06-24 06:00:28.114] [WorldPop] Spawned 1 new NPCs in 82 cells (total alive: 50)
[2026-06-24 06:00:28.153] [WorldPop] Player moved to grid (15,51) fast=False, spawnRadius=6, despawnRadius=10
[2026-06-24 06:00:28.153] [WorldPop] Cells to spawn: 95, already spawned: 32
[2026-06-24 06:00:28.153] [WorldPop] Removed 1 NPCs from 1 distant cells
[2026-06-24 06:00:28.191] [WorldPop] Player moved to grid (22,47) fast=False, spawnRadius=6, despawnRadius=10
[2026-06-24 06:00:28.191] [WorldPop] Cells to spawn: 82, already spawned: 31
[2026-06-24 06:00:28.191] [WorldPop] Spawned 1 new NPCs in 82 cells (total alive: 50)
[2026-06-24 06:00:28.250] [WorldPop] Player moved to grid (15,51) fast=False, spawnRadius=6, despawnRadius=10
[2026-06-24 06:00:28.250] [WorldPop] Cells to spawn: 95, already spawned: 32
[2026-06-24 06:00:28.250] [WorldPop] Removed 1 NPCs from 1 distant cells
[2026-06-24 06:00:28.269] [WorldPop] Player moved to grid (22,47) fast=False, spawnRadius=6, despawnRadius=10
[2026-06-24 06:00:28.269] [WorldPop] Cells to spawn: 82, already spawned: 31
[2026-06-24 06:00:28.269] [WorldPop] Spawned 1 new NPCs in 82 cells (total alive: 50)
[2026-06-24 06:00:28.305] [WorldPop] Player moved to grid (15,51) fast=False, spawnRadius=6, despawnRadius=10
[2026-06-24 06:00:28.305] [WorldPop] Cells to spawn: 95, already spawned: 32
[2026-06-24 06:00:28.305] [WorldPop] Removed 1 NPCs from 1 distant cells
[2026-06-24 06:00:28.364] [WorldPop] Player moved to grid (22,47) fast=False, spawnRadius=6, despawnRadius=10
[2026-06-24 06:00:28.364] [WorldPop] Cells to spawn: 82, already spawned: 31
[2026-06-24 06:00:28.364] [WorldPop] Spawned 1 new NPCs in 82 cells (total alive: 50)
[2026-06-24 06:00:28.416] [WorldPop] Player moved to grid (15,51) fast=False, spawnRadius=6, despawnRadius=10
[2026-06-24 06:00:28.416] [WorldPop] Cells to spawn: 95, already spawned: 32
[2026-06-24 06:00:28.416] [WorldPop] Removed 1 NPCs from 1 distant cells
[2026-06-24 06:00:28.433] [WorldPop] Player moved to grid (22,47) fast=False, spawnRadius=6, despawnRadius=10
[2026-06-24 06:00:28.433] [WorldPop] Cells to spawn: 82, already spawned: 31
[2026-06-24 06:00:28.433] [WorldPop] Spawned 1 new NPCs in 82 cells (total alive: 50)
[2026-06-24 06:00:28.461] [WorldPop] Player moved to grid (15,51) fast=False, spawnRadius=6, despawnRadius=10
[2026-06-24 06:00:28.461] [WorldPop] Cells to spawn: 95, already spawned: 32
[2026-06-24 06:00:28.462] [WorldPop] Removed 1 NPCs from 1 distant cells
[2026-06-24 06:00:28.514] [WorldPop] Player moved to grid (22,47) fast=False, spawnRadius=6, despawnRadius=10
[2026-06-24 06:00:28.514] [WorldPop] Cells to spawn: 82, already spawned: 31
[2026-06-24 06:00:28.516] [WorldPop] Spawned 1 new NPCs in 82 cells (total alive: 50)
[2026-06-24 06:00:28.571] [WorldPop] Player moved to grid (15,51) fast=False, spawnRadius=6, despawnRadius=10
[2026-06-24 06:00:28.572] [WorldPop] Cells to spawn: 95, already spawned: 32
[2026-06-24 06:00:28.572] [WorldPop] Removed 1 NPCs from 1 distant cells
[2026-06-24 06:00:28.589] [WorldPop] Player moved to grid (22,47) fast=False, spawnRadius=6, despawnRadius=10
[2026-06-24 06:00:28.590] [WorldPop] Cells to spawn: 82, already spawned: 31
[2026-06-24 06:00:28.590] [WorldPop] Spawned 1 new NPCs in 82 cells (total alive: 50)
[2026-06-24 06:00:28.641] [WorldPop] Player moved to grid (15,51) fast=False, spawnRadius=6, despawnRadius=10
[2026-06-24 06:00:28.642] [WorldPop] Cells to spawn: 95, already spawned: 32
[2026-06-24 06:00:28.642] [WorldPop] Removed 1 NPCs from 1 distant cells
[2026-06-24 06:00:28.675] [WorldPop] Player moved to grid (22,47) fast=False, spawnRadius=6, despawnRadius=10
[2026-06-24 06:00:28.676] [WorldPop] Cells to spawn: 82, already spawned: 31
[2026-06-24 06:00:28.676] [WorldPop] Spawned 1 new NPCs in 82 cells (total alive: 50)
[2026-06-24 06:00:28.726] [WorldPop] Player moved to grid (15,51) fast=False, spawnRadius=6, despawnRadius=10
[2026-06-24 06:00:28.726] [WorldPop] Cells to spawn: 95, already spawned: 32
[2026-06-24 06:00:28.726] [WorldPop] Removed 1 NPCs from 1 distant cells
[2026-06-24 06:00:28.758] [WorldPop] Player moved to grid (22,47) fast=False, spawnRadius=6, despawnRadius=10
[2026-06-24 06:00:28.758] [WorldPop] Cells to spawn: 82, already spawned: 31
[2026-06-24 06:00:28.759] [WorldPop] Spawned 1 new NPCs in 82 cells (total alive: 50)
[2026-06-24 06:00:28.788] [WorldPop] Player moved to grid (15,51) fast=False, spawnRadius=6, despawnRadius=10
[2026-06-24 06:00:28.788] [WorldPop] Cells to spawn: 95, already spawned: 32
[2026-06-24 06:00:28.789] [WorldPop] Removed 1 NPCs from 1 distant cells
[2026-06-24 06:00:28.836] [WorldPop] Player moved to grid (22,47) fast=False, spawnRadius=6, despawnRadius=10
[2026-06-24 06:00:28.836] [WorldPop] Cells to spawn: 82, already spawned: 31
[2026-06-24 06:00:28.836] [WorldPop] Spawned 1 new NPCs in 82 cells (total alive: 50)
[2026-06-24 06:00:28.896] [WorldPop] Player moved to grid (15,51) fast=False, spawnRadius=6, despawnRadius=10
[2026-06-24 06:00:28.897] [WorldPop] Cells to spawn: 95, already spawned: 32
[2026-06-24 06:00:28.897] [WorldPop] Removed 1 NPCs from 1 distant cells
[2026-06-24 06:00:28.913] [WorldPop] Player moved to grid (22,47) fast=False, spawnRadius=6, despawnRadius=10
[2026-06-24 06:00:28.913] [WorldPop] Cells to spawn: 82, already spawned: 31
[2026-06-24 06:00:28.913] [WorldPop] Spawned 1 new NPCs in 82 cells (total alive: 50)
[2026-06-24 06:00:28.948] [WorldPop] Player moved to grid (15,51) fast=False, spawnRadius=6, despawnRadius=10
[2026-06-24 06:00:28.948] [WorldPop] Cells to spawn: 95, already spawned: 32
[2026-06-24 06:00:28.949] [WorldPop] Removed 1 NPCs from 1 distant cells
[2026-06-24 06:00:29.001] [WorldPop] Player moved to grid (22,47) fast=False, spawnRadius=6, despawnRadius=10
[2026-06-24 06:00:29.002] [WorldPop] Cells to spawn: 82, already spawned: 31
[2026-06-24 06:00:29.002] [WorldPop] Spawned 1 new NPCs in 82 cells (total alive: 50)
[2026-06-24 06:00:29.068] [WorldPop] Player moved to grid (15,51) fast=False, spawnRadius=6, despawnRadius=10
[2026-06-24 06:00:29.068] [WorldPop] Cells to spawn: 95, already spawned: 32
[2026-06-24 06:00:29.068] [WorldPop] Removed 1 NPCs from 1 distant cells
[2026-06-24 06:00:29.083] [WorldPop] Player moved to grid (22,47) fast=False, spawnRadius=6, despawnRadius=10
[2026-06-24 06:00:29.083] [WorldPop] Cells to spawn: 82, already spawned: 31
[2026-06-24 06:00:29.084] [WorldPop] Spawned 1 new NPCs in 82 cells (total alive: 50)
[2026-06-24 06:00:29.123] [WorldPop] Player moved to grid (15,51) fast=False, spawnRadius=6, despawnRadius=10
[2026-06-24 06:00:29.123] [WorldPop] Cells to spawn: 95, already spawned: 32
[2026-06-24 06:00:29.124] [WorldPop] Removed 1 NPCs from 1 distant cells
[2026-06-24 06:00:29.160] [WorldPop] Player moved to grid (22,47) fast=False, spawnRadius=6, despawnRadius=10
[2026-06-24 06:00:29.160] [WorldPop] Cells to spawn: 82, already spawned: 31
[2026-06-24 06:00:29.160] [WorldPop] Spawned 1 new NPCs in 82 cells (total alive: 50)
[2026-06-24 06:00:29.210] [WorldPop] Player moved to grid (15,51) fast=False, spawnRadius=6, despawnRadius=10
[2026-06-24 06:00:29.210] [WorldPop] Cells to spawn: 95, already spawned: 32
[2026-06-24 06:00:29.210] [WorldPop] Removed 1 NPCs from 1 distant cells
[2026-06-24 06:00:29.232] [WorldPop] Player moved to grid (22,47) fast=False, spawnRadius=6, despawnRadius=10
[2026-06-24 06:00:29.232] [WorldPop] Cells to spawn: 82, already spawned: 31
[2026-06-24 06:00:29.232] [WorldPop] Spawned 1 new NPCs in 82 cells (total alive: 50)
[2026-06-24 06:00:29.270] [WorldPop] Player moved to grid (15,51) fast=False, spawnRadius=6, despawnRadius=10
[2026-06-24 06:00:29.271] [WorldPop] Cells to spawn: 95, already spawned: 32
[2026-06-24 06:00:29.271] [WorldPop] Removed 1 NPCs from 1 distant cells
[2026-06-24 06:00:29.308] [WorldPop] Player moved to grid (22,47) fast=False, spawnRadius=6, despawnRadius=10
[2026-06-24 06:00:29.308] [WorldPop] Cells to spawn: 82, already spawned: 31
[2026-06-24 06:00:29.309] [WorldPop] Spawned 1 new NPCs in 82 cells (total alive: 50)
[2026-06-24 06:00:29.380] [WorldPop] Player moved to grid (16,51) fast=False, spawnRadius=6, despawnRadius=10
[2026-06-24 06:00:29.380] [WorldPop] Cells to spawn: 94, already spawned: 32
[2026-06-24 06:00:29.395] [WorldPop] Player moved to grid (22,47) fast=False, spawnRadius=6, despawnRadius=10
[2026-06-24 06:00:29.395] [WorldPop] Cells to spawn: 81, already spawned: 32
[2026-06-24 06:00:29.440] [WorldPop] Player moved to grid (16,51) fast=False, spawnRadius=6, despawnRadius=10
[2026-06-24 06:00:29.440] [WorldPop] Cells to spawn: 94, already spawned: 32
[2026-06-24 06:00:29.472] [WorldPop] Player moved to grid (22,47) fast=False, spawnRadius=6, despawnRadius=10
[2026-06-24 06:00:29.472] [WorldPop] Cells to spawn: 81, already spawned: 32
[2026-06-24 06:00:29.535] [WorldPop] Player moved to grid (16,51) fast=False, spawnRadius=6, despawnRadius=10
[2026-06-24 06:00:29.535] [WorldPop] Cells to spawn: 94, already spawned: 32
[2026-06-24 06:00:29.552] [WorldPop] Player moved to grid (22,47) fast=False, spawnRadius=6, despawnRadius=10
[2026-06-24 06:00:29.552] [WorldPop] Cells to spawn: 81, already spawned: 32
[2026-06-24 06:00:29.584] [WorldPop] Player moved to grid (16,51) fast=False, spawnRadius=6, despawnRadius=10
[2026-06-24 06:00:29.584] [WorldPop] Cells to spawn: 94, already spawned: 32
[2026-06-24 06:00:29.639] [WorldPop] Player moved to grid (22,47) fast=False, spawnRadius=6, despawnRadius=10
[2026-06-24 06:00:29.639] [WorldPop] Cells to spawn: 81, already spawned: 32
[2026-06-24 06:00:29.693] [WorldPop] Player moved to grid (16,51) fast=False, spawnRadius=6, despawnRadius=10
[2026-06-24 06:00:29.693] [WorldPop] Cells to spawn: 94, already spawned: 32
[2026-06-24 06:00:29.712] [WorldPop] Player moved to grid (22,47) fast=False, spawnRadius=6, despawnRadius=10
[2026-06-24 06:00:29.712] [WorldPop] Cells to spawn: 81, already spawned: 32
[2026-06-24 06:00:29.749] [WorldPop] Player moved to grid (16,51) fast=False, spawnRadius=6, despawnRadius=10
[2026-06-24 06:00:29.749] [WorldPop] Cells to spawn: 94, already spawned: 32
[2026-06-24 06:00:29.789] [WorldPop] Player moved to grid (22,47) fast=False, spawnRadius=6, despawnRadius=10
[2026-06-24 06:00:29.789] [WorldPop] Cells to spawn: 81, already spawned: 32
[2026-06-24 06:00:29.845] [WorldPop] Player moved to grid (16,51) fast=False, spawnRadius=6, despawnRadius=10
[2026-06-24 06:00:29.845] [WorldPop] Cells to spawn: 94, already spawned: 32
[2026-06-24 06:00:29.880] [WorldPop] Player moved to grid (22,47) fast=False, spawnRadius=6, despawnRadius=10
[2026-06-24 06:00:29.880] [WorldPop] Cells to spawn: 81, already spawned: 32
[2026-06-24 06:00:29.915] [WorldPop] Player moved to grid (16,51) fast=False, spawnRadius=6, despawnRadius=10
[2026-06-24 06:00:29.916] [WorldPop] Cells to spawn: 94, already spawned: 32
[2026-06-24 06:00:29.951] [WorldPop] Player moved to grid (22,47) fast=False, spawnRadius=6, despawnRadius=10
[2026-06-24 06:00:29.952] [WorldPop] Cells to spawn: 81, already spawned: 32
[2026-06-24 06:00:30.016] [WorldPop] Player moved to grid (16,51) fast=False, spawnRadius=6, despawnRadius=10
[2026-06-24 06:00:30.016] [WorldPop] Cells to spawn: 94, already spawned: 32
[2026-06-24 06:00:30.031] [WorldPop] Player moved to grid (22,47) fast=False, spawnRadius=6, despawnRadius=10
[2026-06-24 06:00:30.031] [WorldPop] Cells to spawn: 81, already spawned: 32
[2026-06-24 06:00:30.080] [WorldPop] Player moved to grid (16,51) fast=False, spawnRadius=6, despawnRadius=10
[2026-06-24 06:00:30.080] [WorldPop] Cells to spawn: 94, already spawned: 32
[2026-06-24 06:00:30.118] [WorldPop] Player moved to grid (22,47) fast=False, spawnRadius=6, despawnRadius=10
[2026-06-24 06:00:30.119] [WorldPop] Cells to spawn: 81, already spawned: 32
[2026-06-24 06:00:30.171] [WorldPop] Player moved to grid (16,51) fast=False, spawnRadius=6, despawnRadius=10
[2026-06-24 06:00:30.172] [WorldPop] Cells to spawn: 94, already spawned: 32
[2026-06-24 06:00:30.194] [WorldPop] Player moved to grid (22,47) fast=False, spawnRadius=6, despawnRadius=10
[2026-06-24 06:00:30.194] [WorldPop] Cells to spawn: 81, already spawned: 32
[2026-06-24 06:00:30.231] [WorldPop] Player moved to grid (16,51) fast=False, spawnRadius=6, despawnRadius=10
[2026-06-24 06:00:30.231] [WorldPop] Cells to spawn: 94, already spawned: 32
[2026-06-24 06:00:30.271] [WorldPop] Player moved to grid (22,47) fast=False, spawnRadius=6, despawnRadius=10
[2026-06-24 06:00:30.271] [WorldPop] Cells to spawn: 81, already spawned: 32
[2026-06-24 06:00:30.342] [WorldPop] Player moved to grid (16,51) fast=False, spawnRadius=6, despawnRadius=10
[2026-06-24 06:00:30.342] [WorldPop] Cells to spawn: 94, already spawned: 32
[2026-06-24 06:00:30.365] [WorldPop] Player moved to grid (22,47) fast=False, spawnRadius=6, despawnRadius=10
[2026-06-24 06:00:30.366] [WorldPop] Cells to spawn: 81, already spawned: 32
[2026-06-24 06:00:30.405] [WorldPop] Player moved to grid (16,51) fast=False, spawnRadius=6, despawnRadius=10
[2026-06-24 06:00:30.405] [WorldPop] Cells to spawn: 94, already spawned: 32
[2026-06-24 06:00:30.438] [WorldPop] Player moved to grid (22,47) fast=False, spawnRadius=6, despawnRadius=10
[2026-06-24 06:00:30.438] [WorldPop] Cells to spawn: 81, already spawned: 32
[2026-06-24 06:00:30.495] [WorldPop] Player moved to grid (16,51) fast=False, spawnRadius=6, despawnRadius=10
[2026-06-24 06:00:30.495] [WorldPop] Cells to spawn: 94, already spawned: 32
[2026-06-24 06:00:30.510] [WorldPop] Player moved to grid (22,47) fast=False, spawnRadius=6, despawnRadius=10
[2026-06-24 06:00:30.511] [WorldPop] Cells to spawn: 81, already spawned: 32
[2026-06-24 06:00:30.558] [WorldPop] Player moved to grid (17,51) fast=False, spawnRadius=6, despawnRadius=10
[2026-06-24 06:00:30.558] [WorldPop] Cells to spawn: 93, already spawned: 32
[2026-06-24 06:00:30.591] [WorldPop] Player moved to grid (22,47) fast=False, spawnRadius=6, despawnRadius=10
[2026-06-24 06:00:30.591] [WorldPop] Cells to spawn: 81, already spawned: 32
[2026-06-24 06:00:30.652] [WorldPop] Player moved to grid (17,51) fast=False, spawnRadius=6, despawnRadius=10
[2026-06-24 06:00:30.653] [WorldPop] Cells to spawn: 93, already spawned: 32
[2026-06-24 06:00:30.678] [WorldPop] Player moved to grid (22,47) fast=False, spawnRadius=6, despawnRadius=10
[2026-06-24 06:00:30.679] [WorldPop] Cells to spawn: 81, already spawned: 32
[2026-06-24 06:00:30.710] [WorldPop] Player moved to grid (17,51) fast=False, spawnRadius=6, despawnRadius=10
[2026-06-24 06:00:30.710] [WorldPop] Cells to spawn: 93, already spawned: 32
[2026-06-24 06:00:30.748] [WorldPop] Player moved to grid (22,47) fast=False, spawnRadius=6, despawnRadius=10
[2026-06-24 06:00:30.749] [WorldPop] Cells to spawn: 81, already spawned: 32
[2026-06-24 06:00:30.800] [WorldPop] Player moved to grid (17,51) fast=False, spawnRadius=6, despawnRadius=10
[2026-06-24 06:00:30.800] [WorldPop] Cells to spawn: 93, already spawned: 32
[2026-06-24 06:00:30.833] [WorldPop] Player moved to grid (22,47) fast=False, spawnRadius=6, despawnRadius=10
[2026-06-24 06:00:30.834] [WorldPop] Cells to spawn: 81, already spawned: 32
[2026-06-24 06:00:30.868] [WorldPop] Player moved to grid (17,51) fast=False, spawnRadius=6, despawnRadius=10
[2026-06-24 06:00:30.869] [WorldPop] Cells to spawn: 93, already spawned: 32
[2026-06-24 06:00:30.915] [WorldPop] Player moved to grid (22,47) fast=False, spawnRadius=6, despawnRadius=10
[2026-06-24 06:00:30.915] [WorldPop] Cells to spawn: 81, already spawned: 32
[2026-06-24 06:00:30.958] [WorldPop] Player moved to grid (17,51) fast=False, spawnRadius=6, despawnRadius=10
[2026-06-24 06:00:30.958] [WorldPop] Cells to spawn: 93, already spawned: 32
[2026-06-24 06:00:30.986] [WorldPop] Player moved to grid (22,47) fast=False, spawnRadius=6, despawnRadius=10
[2026-06-24 06:00:30.986] [WorldPop] Cells to spawn: 81, already spawned: 32
[2026-06-24 06:00:31.032] [WorldPop] Player moved to grid (17,51) fast=False, spawnRadius=6, despawnRadius=10
[2026-06-24 06:00:31.032] [WorldPop] Cells to spawn: 93, already spawned: 32
[2026-06-24 06:00:31.069] [WorldPop] Player moved to grid (22,47) fast=False, spawnRadius=6, despawnRadius=10
[2026-06-24 06:00:31.070] [WorldPop] Cells to spawn: 81, already spawned: 32
[2026-06-24 06:00:31.128] [WorldPop] Player moved to grid (17,51) fast=False, spawnRadius=6, despawnRadius=10
[2026-06-24 06:00:31.129] [WorldPop] Cells to spawn: 93, already spawned: 32
[2026-06-24 06:00:31.147] [WorldPop] Player moved to grid (22,47) fast=False, spawnRadius=6, despawnRadius=10
[2026-06-24 06:00:31.148] [WorldPop] Cells to spawn: 81, already spawned: 32
[2026-06-24 06:00:31.197] [WorldPop] Player moved to grid (17,51) fast=False, spawnRadius=6, despawnRadius=10
[2026-06-24 06:00:31.198] [WorldPop] Cells to spawn: 93, already spawned: 32
[2026-06-24 06:00:31.229] [WorldPop] Player moved to grid (22,47) fast=False, spawnRadius=6, despawnRadius=10
[2026-06-24 06:00:31.229] [WorldPop] Cells to spawn: 81, already spawned: 32
[2026-06-24 06:00:31.267] [WorldPop] Player moved to grid (17,51) fast=False, spawnRadius=6, despawnRadius=10
[2026-06-24 06:00:31.267] [WorldPop] Cells to spawn: 93, already spawned: 32
[2026-06-24 06:00:31.316] [WorldPop] Player moved to grid (22,47) fast=False, spawnRadius=6, despawnRadius=10
[2026-06-24 06:00:31.316] [WorldPop] Cells to spawn: 81, already spawned: 32
[2026-06-24 06:00:31.348] [WorldPop] Player moved to grid (17,51) fast=False, spawnRadius=6, despawnRadius=10
[2026-06-24 06:00:31.348] [WorldPop] Cells to spawn: 93, already spawned: 32
[2026-06-24 06:00:31.405] [WorldPop] Player moved to grid (22,47) fast=False, spawnRadius=6, despawnRadius=10
[2026-06-24 06:00:31.405] [WorldPop] Cells to spawn: 81, already spawned: 32
[2026-06-24 06:00:31.454] [WorldPop] Player moved to grid (17,51) fast=False, spawnRadius=6, despawnRadius=10
[2026-06-24 06:00:31.455] [WorldPop] Cells to spawn: 93, already spawned: 32
[2026-06-24 06:00:31.467] [WorldPop] Player moved to grid (22,47) fast=False, spawnRadius=6, despawnRadius=10
[2026-06-24 06:00:31.468] [WorldPop] Cells to spawn: 81, already spawned: 32
[2026-06-24 06:00:31.516] [WorldPop] Player moved to grid (17,51) fast=False, spawnRadius=6, despawnRadius=10
[2026-06-24 06:00:31.516] [WorldPop] Cells to spawn: 93, already spawned: 32
[2026-06-24 06:00:31.549] [WorldPop] Player moved to grid (22,47) fast=False, spawnRadius=6, despawnRadius=10
[2026-06-24 06:00:31.549] [WorldPop] Cells to spawn: 81, already spawned: 32
[2026-06-24 06:00:31.613] [WorldPop] Player moved to grid (17,51) fast=False, spawnRadius=6, despawnRadius=10
[2026-06-24 06:00:31.613] [WorldPop] Cells to spawn: 93, already spawned: 32
[2026-06-24 06:00:31.633] [WorldPop] Player moved to grid (22,47) fast=False, spawnRadius=6, despawnRadius=10
[2026-06-24 06:00:31.633] [WorldPop] Cells to spawn: 81, already spawned: 32
[2026-06-24 06:00:31.663] [WorldPop] Player moved to grid (17,51) fast=False, spawnRadius=6, despawnRadius=10
[2026-06-24 06:00:31.663] [WorldPop] Cells to spawn: 93, already spawned: 32
[2026-06-24 06:00:31.713] [WorldPop] Player moved to grid (22,47) fast=False, spawnRadius=6, despawnRadius=10
[2026-06-24 06:00:31.714] [WorldPop] Cells to spawn: 81, already spawned: 32
[2026-06-24 06:00:31.753] [WorldPop] Player moved to grid (17,51) fast=False, spawnRadius=6, despawnRadius=10
[2026-06-24 06:00:31.754] [WorldPop] Cells to spawn: 93, already spawned: 32
[2026-06-24 06:00:31.801] [WorldPop] Player moved to grid (22,47) fast=False, spawnRadius=6, despawnRadius=10
[2026-06-24 06:00:31.802] [WorldPop] Cells to spawn: 81, already spawned: 32
[2026-06-24 06:00:31.831] [WorldPop] Player moved to grid (17,51) fast=False, spawnRadius=6, despawnRadius=10
[2026-06-24 06:00:31.832] [WorldPop] Cells to spawn: 93, already spawned: 32
[2026-06-24 06:00:31.864] [WorldPop] Player moved to grid (22,47) fast=False, spawnRadius=6, despawnRadius=10
[2026-06-24 06:00:31.864] [WorldPop] Cells to spawn: 81, already spawned: 32
[2026-06-24 06:00:31.924] [WorldPop] Player moved to grid (17,51) fast=False, spawnRadius=6, despawnRadius=10
[2026-06-24 06:00:31.925] [WorldPop] Cells to spawn: 93, already spawned: 32
[2026-06-24 06:00:31.959] [WorldPop] Player moved to grid (22,47) fast=False, spawnRadius=6, despawnRadius=10
[2026-06-24 06:00:31.959] [WorldPop] Cells to spawn: 81, already spawned: 32
[2026-06-24 06:00:31.996] [WorldPop] Player moved to grid (17,51) fast=False, spawnRadius=6, despawnRadius=10
[2026-06-24 06:00:31.996] [WorldPop] Cells to spawn: 93, already spawned: 32
[2026-06-24 06:00:32.038] [WorldPop] Player moved to grid (22,47) fast=False, spawnRadius=6, despawnRadius=10
[2026-06-24 06:00:32.038] [WorldPop] Cells to spawn: 81, already spawned: 32
[2026-06-24 06:00:32.080] [WorldPop] Player moved to grid (17,51) fast=False, spawnRadius=6, despawnRadius=10
[2026-06-24 06:00:32.081] [WorldPop] Cells to spawn: 93, already spawned: 32
[2026-06-24 06:00:32.108] [WorldPop] Player moved to grid (22,47) fast=False, spawnRadius=6, despawnRadius=10
[2026-06-24 06:00:32.108] [WorldPop] Cells to spawn: 81, already spawned: 32
[2026-06-24 06:00:32.160] [WorldPop] Player moved to grid (17,51) fast=False, spawnRadius=6, despawnRadius=10
[2026-06-24 06:00:32.160] [WorldPop] Cells to spawn: 93, already spawned: 32
[2026-06-24 06:00:32.194] [WorldPop] Player moved to grid (22,47) fast=False, spawnRadius=6, despawnRadius=10
[2026-06-24 06:00:32.194] [WorldPop] Cells to spawn: 81, already spawned: 32
[2026-06-24 06:00:32.235] [WorldPop] Player moved to grid (18,51) fast=False, spawnRadius=6, despawnRadius=10
[2026-06-24 06:00:32.235] [WorldPop] Cells to spawn: 93, already spawned: 32
[2026-06-24 06:00:32.276] [WorldPop] Player moved to grid (22,47) fast=False, spawnRadius=6, despawnRadius=10
[2026-06-24 06:00:32.276] [WorldPop] Cells to spawn: 81, already spawned: 32
[2026-06-24 06:00:32.310] [WorldPop] Player moved to grid (18,51) fast=False, spawnRadius=6, despawnRadius=10
[2026-06-24 06:00:32.310] [WorldPop] Cells to spawn: 93, already spawned: 32
[2026-06-24 06:00:32.346] [WorldPop] Player moved to grid (22,47) fast=False, spawnRadius=6, despawnRadius=10
[2026-06-24 06:00:32.346] [WorldPop] Cells to spawn: 81, already spawned: 32
[2026-06-24 06:00:32.407] [WorldPop] Player moved to grid (18,51) fast=False, spawnRadius=6, despawnRadius=10
[2026-06-24 06:00:32.408] [WorldPop] Cells to spawn: 93, already spawned: 32
[2026-06-24 06:00:32.429] [WorldPop] Player moved to grid (22,47) fast=False, spawnRadius=6, despawnRadius=10
[2026-06-24 06:00:32.429] [WorldPop] Cells to spawn: 81, already spawned: 32
[2026-06-24 06:00:32.475] [WorldPop] Player moved to grid (18,51) fast=False, spawnRadius=6, despawnRadius=10
[2026-06-24 06:00:32.475] [WorldPop] Cells to spawn: 93, already spawned: 32
[2026-06-24 06:00:32.510] [WorldPop] Player moved to grid (22,47) fast=False, spawnRadius=6, despawnRadius=10
[2026-06-24 06:00:32.510] [WorldPop] Cells to spawn: 81, already spawned: 32
[2026-06-24 06:00:32.708] [WorldPop] Player moved to grid (18,51) fast=False, spawnRadius=6, despawnRadius=10
[2026-06-24 06:00:32.708] [WorldPop] Cells to spawn: 93, already spawned: 32
[2026-06-24 06:00:32.743] [WorldPop] Player moved to grid (22,47) fast=False, spawnRadius=6, despawnRadius=10
[2026-06-24 06:00:32.743] [WorldPop] Cells to spawn: 81, already spawned: 32
[2026-06-24 06:00:32.796] [WorldPop] Player moved to grid (18,51) fast=False, spawnRadius=6, despawnRadius=10
[2026-06-24 06:00:32.796] [WorldPop] Cells to spawn: 93, already spawned: 32
[2026-06-24 06:00:32.827] [WorldPop] Player moved to grid (22,47) fast=False, spawnRadius=6, despawnRadius=10
[2026-06-24 06:00:32.827] [WorldPop] Cells to spawn: 81, already spawned: 32
[2026-06-24 06:00:32.876] [WorldPop] Player moved to grid (18,51) fast=False, spawnRadius=6, despawnRadius=10
[2026-06-24 06:00:32.877] [WorldPop] Cells to spawn: 93, already spawned: 32
[2026-06-24 06:00:32.912] [WorldPop] Player moved to grid (22,47) fast=False, spawnRadius=6, despawnRadius=10
[2026-06-24 06:00:32.913] [WorldPop] Cells to spawn: 81, already spawned: 32
[2026-06-24 06:00:33.112] [WorldPop] Player moved to grid (18,51) fast=False, spawnRadius=6, despawnRadius=10
[2026-06-24 06:00:33.112] [WorldPop] Cells to spawn: 93, already spawned: 32
[2026-06-24 06:00:33.152] [WorldPop] Player moved to grid (22,47) fast=False, spawnRadius=6, despawnRadius=10
[2026-06-24 06:00:33.152] [WorldPop] Cells to spawn: 81, already spawned: 32
[2026-06-24 06:00:33.187] [WorldPop] Player moved to grid (18,51) fast=False, spawnRadius=6, despawnRadius=10
[2026-06-24 06:00:33.188] [WorldPop] Cells to spawn: 93, already spawned: 32
[2026-06-24 06:00:33.233] [WorldPop] Player moved to grid (22,47) fast=False, spawnRadius=6, despawnRadius=10
[2026-06-24 06:00:33.233] [WorldPop] Cells to spawn: 81, already spawned: 32
[2026-06-24 06:00:33.266] [WorldPop] Player moved to grid (18,51) fast=False, spawnRadius=6, despawnRadius=10
[2026-06-24 06:00:33.266] [WorldPop] Cells to spawn: 93, already spawned: 32
[2026-06-24 06:00:33.318] [WorldPop] Player moved to grid (22,47) fast=False, spawnRadius=6, despawnRadius=10
[2026-06-24 06:00:33.319] [WorldPop] Cells to spawn: 81, already spawned: 32
[2026-06-24 06:00:33.356] [WorldPop] Player moved to grid (18,51) fast=False, spawnRadius=6, despawnRadius=10
[2026-06-24 06:00:33.357] [WorldPop] Cells to spawn: 93, already spawned: 32
[2026-06-24 06:00:33.385] [WorldPop] Player moved to grid (22,47) fast=False, spawnRadius=6, despawnRadius=10
[2026-06-24 06:00:33.386] [WorldPop] Cells to spawn: 81, already spawned: 32
[2026-06-24 06:00:34.064] [WorldPop] Player moved to grid (18,51) fast=False, spawnRadius=6, despawnRadius=10
[2026-06-24 06:00:34.064] [WorldPop] Cells to spawn: 93, already spawned: 32
[2026-06-24 06:00:34.114] [WorldPop] Player moved to grid (22,47) fast=False, spawnRadius=6, despawnRadius=10
[2026-06-24 06:00:34.114] [WorldPop] Cells to spawn: 81, already spawned: 32
[2026-06-24 06:00:34.146] [WorldPop] Player moved to grid (18,51) fast=False, spawnRadius=6, despawnRadius=10
[2026-06-24 06:00:34.146] [WorldPop] Cells to spawn: 93, already spawned: 32
[2026-06-24 06:00:34.220] [WorldPop] Player moved to grid (22,47) fast=False, spawnRadius=6, despawnRadius=10
[2026-06-24 06:00:34.220] [WorldPop] Cells to spawn: 81, already spawned: 32
[2026-06-24 06:00:34.234] [WorldPop] Player moved to grid (18,51) fast=False, spawnRadius=6, despawnRadius=10
[2026-06-24 06:00:34.235] [WorldPop] Cells to spawn: 93, already spawned: 32
[2026-06-24 06:00:34.266] [WorldPop] Player moved to grid (22,47) fast=False, spawnRadius=6, despawnRadius=10
[2026-06-24 06:00:34.267] [WorldPop] Cells to spawn: 81, already spawned: 32
[2026-06-24 06:00:34.315] [WorldPop] Player moved to grid (18,51) fast=False, spawnRadius=6, despawnRadius=10
[2026-06-24 06:00:34.315] [WorldPop] Cells to spawn: 93, already spawned: 32
[2026-06-24 06:00:34.355] [WorldPop] Player moved to grid (22,47) fast=False, spawnRadius=6, despawnRadius=10
[2026-06-24 06:00:34.355] [WorldPop] Cells to spawn: 81, already spawned: 32
[2026-06-24 06:00:34.402] [WorldPop] Player moved to grid (18,51) fast=False, spawnRadius=6, despawnRadius=10
[2026-06-24 06:00:34.402] [WorldPop] Cells to spawn: 93, already spawned: 32
[2026-06-24 06:00:34.434] [WorldPop] Player moved to grid (22,47) fast=False, spawnRadius=6, despawnRadius=10
[2026-06-24 06:00:34.434] [WorldPop] Cells to spawn: 81, already spawned: 32
[2026-06-24 06:00:34.467] [WorldPop] Player moved to grid (18,51) fast=False, spawnRadius=6, despawnRadius=10
[2026-06-24 06:00:34.467] [WorldPop] Cells to spawn: 93, already spawned: 32
[2026-06-24 06:00:34.516] [WorldPop] Player moved to grid (22,47) fast=False, spawnRadius=6, despawnRadius=10
[2026-06-24 06:00:34.517] [WorldPop] Cells to spawn: 81, already spawned: 32
[2026-06-24 06:00:34.550] [WorldPop] Player moved to grid (18,51) fast=False, spawnRadius=6, despawnRadius=10
[2026-06-24 06:00:34.551] [WorldPop] Cells to spawn: 93, already spawned: 32
[2026-06-24 06:00:34.597] [WorldPop] Player moved to grid (22,47) fast=False, spawnRadius=6, despawnRadius=10
[2026-06-24 06:00:34.597] [WorldPop] Cells to spawn: 81, already spawned: 32
[2026-06-24 06:00:34.632] [WorldPop] Player moved to grid (18,51) fast=False, spawnRadius=6, despawnRadius=10
[2026-06-24 06:00:34.632] [WorldPop] Cells to spawn: 93, already spawned: 32
[2026-06-24 06:00:34.668] [WorldPop] Player moved to grid (22,47) fast=False, spawnRadius=6, despawnRadius=10
[2026-06-24 06:00:34.668] [WorldPop] Cells to spawn: 81, already spawned: 32
[2026-06-24 06:00:34.716] [WorldPop] Player moved to grid (18,51) fast=False, spawnRadius=6, despawnRadius=10
[2026-06-24 06:00:34.716] [WorldPop] Cells to spawn: 93, already spawned: 32
[2026-06-24 06:00:34.749] [WorldPop] Player moved to grid (22,47) fast=False, spawnRadius=6, despawnRadius=10
[2026-06-24 06:00:34.750] [WorldPop] Cells to spawn: 81, already spawned: 32
[2026-06-24 06:00:34.801] [WorldPop] Player moved to grid (18,51) fast=False, spawnRadius=6, despawnRadius=10
[2026-06-24 06:00:34.801] [WorldPop] Cells to spawn: 93, already spawned: 32
[2026-06-24 06:00:34.834] [WorldPop] Player moved to grid (22,47) fast=False, spawnRadius=6, despawnRadius=10
[2026-06-24 06:00:34.835] [WorldPop] Cells to spawn: 81, already spawned: 32
[2026-06-24 06:00:34.869] [WorldPop] Player moved to grid (18,51) fast=False, spawnRadius=6, despawnRadius=10
[2026-06-24 06:00:34.870] [WorldPop] Cells to spawn: 93, already spawned: 32
[2026-06-24 06:00:34.920] [WorldPop] Player moved to grid (22,47) fast=False, spawnRadius=6, despawnRadius=10
[2026-06-24 06:00:34.920] [WorldPop] Cells to spawn: 81, already spawned: 32
[2026-06-24 06:00:34.950] [WorldPop] Player moved to grid (18,50) fast=False, spawnRadius=6, despawnRadius=10
[2026-06-24 06:00:34.950] [WorldPop] Cells to spawn: 89, already spawned: 32
[2026-06-24 06:00:34.988] [WorldPop] Player moved to grid (22,47) fast=False, spawnRadius=6, despawnRadius=10
[2026-06-24 06:00:34.988] [WorldPop] Cells to spawn: 81, already spawned: 32
[2026-06-24 06:00:35.040] [WorldPop] Player moved to grid (18,50) fast=False, spawnRadius=6, despawnRadius=10
[2026-06-24 06:00:35.040] [WorldPop] Cells to spawn: 89, already spawned: 32
[2026-06-24 06:00:35.073] [WorldPop] Player moved to grid (22,47) fast=False, spawnRadius=6, despawnRadius=10
[2026-06-24 06:00:35.073] [WorldPop] Cells to spawn: 81, already spawned: 32
[2026-06-24 06:00:35.105] [WorldPop] Player moved to grid (18,50) fast=False, spawnRadius=6, despawnRadius=10
[2026-06-24 06:00:35.105] [WorldPop] Cells to spawn: 89, already spawned: 32
[2026-06-24 06:00:35.155] [WorldPop] Player moved to grid (22,47) fast=False, spawnRadius=6, despawnRadius=10
[2026-06-24 06:00:35.155] [WorldPop] Cells to spawn: 81, already spawned: 32
[2026-06-24 06:00:35.215] [WorldPop] Player moved to grid (18,50) fast=False, spawnRadius=6, despawnRadius=10
[2026-06-24 06:00:35.215] [WorldPop] Cells to spawn: 89, already spawned: 32
[2026-06-24 06:00:35.238] [WorldPop] Player moved to grid (22,47) fast=False, spawnRadius=6, despawnRadius=10
[2026-06-24 06:00:35.238] [WorldPop] Cells to spawn: 81, already spawned: 32
[2026-06-24 06:00:35.275] [WorldPop] Player moved to grid (18,50) fast=False, spawnRadius=6, despawnRadius=10
[2026-06-24 06:00:35.275] [WorldPop] Cells to spawn: 89, already spawned: 32
[2026-06-24 06:00:35.306] [WorldPop] Player moved to grid (22,47) fast=False, spawnRadius=6, despawnRadius=10
[2026-06-24 06:00:35.306] [WorldPop] Cells to spawn: 81, already spawned: 32
[2026-06-24 06:00:35.367] [WorldPop] Player moved to grid (18,50) fast=False, spawnRadius=6, despawnRadius=10
[2026-06-24 06:00:35.368] [WorldPop] Cells to spawn: 89, already spawned: 32
[2026-06-24 06:00:35.389] [WorldPop] Player moved to grid (22,47) fast=False, spawnRadius=6, despawnRadius=10
[2026-06-24 06:00:35.390] [WorldPop] Cells to spawn: 81, already spawned: 32
[2026-06-24 06:00:35.438] [WorldPop] Player moved to grid (18,50) fast=False, spawnRadius=6, despawnRadius=10
[2026-06-24 06:00:35.438] [WorldPop] Cells to spawn: 89, already spawned: 32
[2026-06-24 06:00:35.475] [WorldPop] Player moved to grid (22,47) fast=False, spawnRadius=6, despawnRadius=10
[2026-06-24 06:00:35.475] [WorldPop] Cells to spawn: 81, already spawned: 32
[2026-06-24 06:00:35.510] [WorldPop] Player moved to grid (18,50) fast=False, spawnRadius=6, despawnRadius=10
[2026-06-24 06:00:35.510] [WorldPop] Cells to spawn: 89, already spawned: 32
[2026-06-24 06:00:35.575] [WorldPop] Player moved to grid (22,47) fast=False, spawnRadius=6, despawnRadius=10
[2026-06-24 06:00:35.576] [WorldPop] Cells to spawn: 81, already spawned: 32
[2026-06-24 06:00:35.592] [WorldPop] Player moved to grid (18,50) fast=False, spawnRadius=6, despawnRadius=10
[2026-06-24 06:00:35.592] [WorldPop] Cells to spawn: 89, already spawned: 32
[2026-06-24 06:00:35.624] [WorldPop] Player moved to grid (22,47) fast=False, spawnRadius=6, despawnRadius=10
[2026-06-24 06:00:35.624] [WorldPop] Cells to spawn: 81, already spawned: 32
[2026-06-24 06:00:35.674] [WorldPop] Player moved to grid (18,50) fast=False, spawnRadius=6, despawnRadius=10
[2026-06-24 06:00:35.674] [WorldPop] Cells to spawn: 89, already spawned: 32
[2026-06-24 06:00:35.726] [WorldPop] Player moved to grid (22,47) fast=False, spawnRadius=6, despawnRadius=10
[2026-06-24 06:00:35.726] [WorldPop] Cells to spawn: 81, already spawned: 32
[2026-06-24 06:00:35.761] [WorldPop] Player moved to grid (18,50) fast=False, spawnRadius=6, despawnRadius=10
[2026-06-24 06:00:35.761] [WorldPop] Cells to spawn: 89, already spawned: 32
[2026-06-24 06:00:35.795] [WorldPop] Player moved to grid (22,47) fast=False, spawnRadius=6, despawnRadius=10
[2026-06-24 06:00:35.795] [WorldPop] Cells to spawn: 81, already spawned: 32
[2026-06-24 06:00:35.829] [WorldPop] Player moved to grid (18,50) fast=False, spawnRadius=6, despawnRadius=10
[2026-06-24 06:00:35.830] [WorldPop] Cells to spawn: 89, already spawned: 32
[2026-06-24 06:00:35.868] [WorldPop] Player moved to grid (22,47) fast=False, spawnRadius=6, despawnRadius=10
[2026-06-24 06:00:35.869] [WorldPop] Cells to spawn: 81, already spawned: 32
[2026-06-24 06:00:35.918] [WorldPop] Player moved to grid (18,50) fast=False, spawnRadius=6, despawnRadius=10
[2026-06-24 06:00:35.918] [WorldPop] Cells to spawn: 89, already spawned: 32
[2026-06-24 06:00:35.950] [WorldPop] Player moved to grid (22,47) fast=False, spawnRadius=6, despawnRadius=10
[2026-06-24 06:00:35.950] [WorldPop] Cells to spawn: 81, already spawned: 32
[2026-06-24 06:00:35.989] [WorldPop] Player moved to grid (18,50) fast=False, spawnRadius=6, despawnRadius=10
[2026-06-24 06:00:35.989] [WorldPop] Cells to spawn: 89, already spawned: 32
[2026-06-24 06:00:36.036] [WorldPop] Player moved to grid (22,47) fast=False, spawnRadius=6, despawnRadius=10
[2026-06-24 06:00:36.037] [WorldPop] Cells to spawn: 81, already spawned: 32
[2026-06-24 06:00:36.091] [WorldPop] Player moved to grid (18,50) fast=False, spawnRadius=6, despawnRadius=10
[2026-06-24 06:00:36.091] [WorldPop] Cells to spawn: 89, already spawned: 32
[2026-06-24 06:00:36.107] [WorldPop] Player moved to grid (22,47) fast=False, spawnRadius=6, despawnRadius=10
[2026-06-24 06:00:36.107] [WorldPop] Cells to spawn: 81, already spawned: 32
[2026-06-24 06:00:36.157] [WorldPop] Player moved to grid (18,50) fast=False, spawnRadius=6, despawnRadius=10
[2026-06-24 06:00:36.158] [WorldPop] Cells to spawn: 89, already spawned: 32
[2026-06-24 06:00:36.193] [WorldPop] Player moved to grid (22,47) fast=False, spawnRadius=6, despawnRadius=10
[2026-06-24 06:00:36.193] [WorldPop] Cells to spawn: 81, already spawned: 32
[2026-06-24 06:00:36.238] [WorldPop] Player moved to grid (18,50) fast=False, spawnRadius=6, despawnRadius=10
[2026-06-24 06:00:36.238] [WorldPop] Cells to spawn: 89, already spawned: 32
[2026-06-24 06:00:36.280] [WorldPop] Player moved to grid (22,47) fast=False, spawnRadius=6, despawnRadius=10
[2026-06-24 06:00:36.280] [WorldPop] Cells to spawn: 81, already spawned: 32
[2026-06-24 06:00:36.311] [WorldPop] Player moved to grid (18,50) fast=False, spawnRadius=6, despawnRadius=10
[2026-06-24 06:00:36.312] [WorldPop] Cells to spawn: 89, already spawned: 32
[2026-06-24 06:00:36.344] [WorldPop] Player moved to grid (22,47) fast=False, spawnRadius=6, despawnRadius=10
[2026-06-24 06:00:36.344] [WorldPop] Cells to spawn: 81, already spawned: 32
[2026-06-24 06:00:45.839] [WorldPop] Player moved to grid (18,51) fast=False, spawnRadius=6, despawnRadius=10
[2026-06-24 06:00:45.839] [WorldPop] Cells to spawn: 93, already spawned: 32
[2026-06-24 06:00:45.876] [WorldPop] Player moved to grid (22,47) fast=False, spawnRadius=6, despawnRadius=10
[2026-06-24 06:00:45.877] [WorldPop] Cells to spawn: 81, already spawned: 32
[2026-06-24 06:00:53.912] [WorldPop] Player moved to grid (18,51) fast=False, spawnRadius=6, despawnRadius=10
[2026-06-24 06:00:53.912] [WorldPop] Cells to spawn: 93, already spawned: 32
[2026-06-24 06:00:53.947] [WorldPop] Player moved to grid (22,47) fast=False, spawnRadius=6, despawnRadius=10
[2026-06-24 06:00:53.948] [WorldPop] Cells to spawn: 81, already spawned: 32
[2026-06-24 06:01:01.993] [WorldPop] Player moved to grid (18,51) fast=False, spawnRadius=6, despawnRadius=10
[2026-06-24 06:01:01.994] [WorldPop] Cells to spawn: 93, already spawned: 32
[2026-06-24 06:01:02.049] [WorldPop] Player moved to grid (22,47) fast=False, spawnRadius=6, despawnRadius=10
[2026-06-24 06:01:02.049] [WorldPop] Cells to spawn: 81, already spawned: 32
[2026-06-24 06:01:11.588] [WorldPop] Player moved to grid (22,47) fast=True, spawnRadius=12, despawnRadius=20
[2026-06-24 06:01:11.588] [WorldPop] Cells to spawn: 409, already spawned: 32
[2026-06-24 06:01:17.536] [WorldPop] Player moved to grid (-26,59) fast=False, spawnRadius=6, despawnRadius=10
[2026-06-24 06:01:17.536] [WorldPop] Cells to spawn: 113, already spawned: 32
[2026-06-24 06:01:17.537] [WorldPop] Removed 50 NPCs from 32 distant cells
[2026-06-24 06:01:17.545] [WorldPop] Player moved to grid (22,47) fast=False, spawnRadius=6, despawnRadius=10
[2026-06-24 06:01:17.546] [WorldPop] Cells to spawn: 113, already spawned: 0
[2026-06-24 06:01:17.560] [WorldPop] Spawned 50 new NPCs in 113 cells (total alive: 50)
[2026-06-24 06:01:18.542] [WorldPop] Player moved to grid (-26,59) fast=False, spawnRadius=6, despawnRadius=10
[2026-06-24 06:01:18.542] [WorldPop] Cells to spawn: 113, already spawned: 32
[2026-06-24 06:01:18.545] [WorldPop] Removed 50 NPCs from 32 distant cells
[2026-06-24 06:01:18.550] [WorldPop] Player moved to grid (22,47) fast=False, spawnRadius=6, despawnRadius=10
[2026-06-24 06:01:18.550] [WorldPop] Cells to spawn: 113, already spawned: 0
[2026-06-24 06:01:18.559] [WorldPop] Spawned 50 new NPCs in 113 cells (total alive: 50)
[2026-06-24 06:01:46.101] [WorldPop] Player moved to grid (22,47) fast=True, spawnRadius=12, despawnRadius=20
[2026-06-24 06:01:46.101] [WorldPop] Cells to spawn: 409, already spawned: 32
[2026-06-24 06:03:08.384] [WorldPop] Player moved to grid (22,47) fast=True, spawnRadius=12, despawnRadius=20
[2026-06-24 06:03:08.385] [WorldPop] Cells to spawn: 409, already spawned: 32
[2026-06-24 06:03:43.418] [WorldPop] Player moved to grid (22,47) fast=True, spawnRadius=12, despawnRadius=20
[2026-06-24 06:03:43.419] [WorldPop] Cells to spawn: 409, already spawned: 32
[2026-06-24 06:03:45.033] [WorldPop] Player moved to grid (22,47) fast=True, spawnRadius=12, despawnRadius=20
[2026-06-24 06:03:45.034] [WorldPop] Cells to spawn: 409, already spawned: 32
[2026-06-24 06:07:55.014] DebugLogger initialized
[2026-06-24 06:07:55.020] Server starting - DebugLogger initialized
[2026-06-24 06:08:48.729] [WorldPop] SendWorldPopulation called
[2026-06-24 06:08:48.740] [WorldPop] Cells to spawn: 113, already spawned: 0
[2026-06-24 06:08:48.758] [WorldPop] Spawned 51 new NPCs in 113 cells (total alive: 51)
[2026-06-24 06:08:50.048] [WorldPop] SendWorldPopulation called
[2026-06-24 06:08:50.049] [WorldPop] Cells to spawn: 113, already spawned: 0
[2026-06-24 06:08:50.060] [WorldPop] Spawned 51 new NPCs in 113 cells (total alive: 51)
[2026-06-24 06:08:50.214] [WorldPop] Player moved to grid (-26,59) fast=False, spawnRadius=6, despawnRadius=10
[2026-06-24 06:08:50.215] [WorldPop] Cells to spawn: 80, already spawned: 33
[2026-06-24 06:08:56.679] [WorldPop] Player moved to grid (25,49) fast=False, spawnRadius=6, despawnRadius=10
[2026-06-24 06:08:56.680] [WorldPop] Cells to spawn: 113, already spawned: 33
[2026-06-24 06:08:56.683] [WorldPop] Removed 51 NPCs from 33 distant cells
[2026-06-24 06:08:58.329] [WorldPop] Player moved to grid (24,49) fast=False, spawnRadius=6, despawnRadius=10
[2026-06-24 06:08:58.330] [WorldPop] Cells to spawn: 113, already spawned: 0
[2026-06-24 06:08:58.358] [WorldPop] Spawned 50 new NPCs in 113 cells (total alive: 50)
[2026-06-24 06:09:13.129] [WorldPop] Player moved to grid (25,49) fast=False, spawnRadius=6, despawnRadius=10
[2026-06-24 06:09:13.130] [WorldPop] Cells to spawn: 88, already spawned: 36
[2026-06-24 06:09:13.443] [WorldPop] Player moved to grid (25,50) fast=False, spawnRadius=6, despawnRadius=10
[2026-06-24 06:09:13.444] [WorldPop] Cells to spawn: 89, already spawned: 36
[2026-06-24 06:09:16.119] [WorldPop] Player moved to grid (24,50) fast=False, spawnRadius=6, despawnRadius=10
[2026-06-24 06:09:16.119] [WorldPop] Cells to spawn: 82, already spawned: 36
[2026-06-24 06:09:16.372] [WorldPop] Player moved to grid (24,51) fast=False, spawnRadius=6, despawnRadius=10
[2026-06-24 06:09:16.372] [WorldPop] Cells to spawn: 86, already spawned: 36
[2026-06-24 06:09:17.733] [WorldPop] Player moved to grid (23,51) fast=False, spawnRadius=6, despawnRadius=10
[2026-06-24 06:09:17.733] [WorldPop] Cells to spawn: 83, already spawned: 36
[2026-06-24 06:09:20.166] [WorldPop] Player moved to grid (23,50) fast=False, spawnRadius=6, despawnRadius=10
[2026-06-24 06:09:20.166] [WorldPop] Cells to spawn: 79, already spawned: 36
[2026-06-24 06:09:21.213] [WorldPop] Player moved to grid (22,50) fast=False, spawnRadius=6, despawnRadius=10
[2026-06-24 06:09:21.213] [WorldPop] Cells to spawn: 78, already spawned: 36
[2026-06-24 06:09:23.845] [WorldPop] Player moved to grid (21,50) fast=False, spawnRadius=6, despawnRadius=10
[2026-06-24 06:09:23.846] [WorldPop] Cells to spawn: 78, already spawned: 36
[2026-06-24 06:09:25.730] [WorldPop] Player moved to grid (20,50) fast=False, spawnRadius=6, despawnRadius=10
[2026-06-24 06:09:25.731] [WorldPop] Cells to spawn: 79, already spawned: 36
[2026-06-24 06:09:28.173] [WorldPop] Player moved to grid (19,50) fast=False, spawnRadius=6, despawnRadius=10
[2026-06-24 06:09:28.173] [WorldPop] Cells to spawn: 79, already spawned: 36
[2026-06-24 06:09:31.888] [WorldPop] Player moved to grid (18,50) fast=False, spawnRadius=6, despawnRadius=10
[2026-06-24 06:09:31.888] [WorldPop] Cells to spawn: 80, already spawned: 36
[2026-06-24 06:09:37.759] [WorldPop] Player moved to grid (17,50) fast=False, spawnRadius=6, despawnRadius=10
[2026-06-24 06:09:37.759] [WorldPop] Cells to spawn: 82, already spawned: 36
[2026-06-24 06:09:47.316] [WorldPop] Player moved to grid (17,51) fast=False, spawnRadius=6, despawnRadius=10
[2026-06-24 06:09:47.318] [WorldPop] Cells to spawn: 85, already spawned: 36
[2026-06-24 06:09:49.312] [WorldPop] Player moved to grid (16,51) fast=False, spawnRadius=6, despawnRadius=10
[2026-06-24 06:09:49.312] [WorldPop] Cells to spawn: 90, already spawned: 36
[2026-06-24 06:09:50.547] [WorldPop] Player moved to grid (16,50) fast=False, spawnRadius=6, despawnRadius=10
[2026-06-24 06:09:50.547] [WorldPop] Cells to spawn: 89, already spawned: 36
[2026-06-24 06:09:51.014] [WorldPop] Player moved to grid (15,50) fast=False, spawnRadius=6, despawnRadius=10
[2026-06-24 06:09:51.014] [WorldPop] Cells to spawn: 97, already spawned: 36
[2026-06-24 06:09:51.802] [WorldPop] Player moved to grid (15,50) fast=True, spawnRadius=12, despawnRadius=20
[2026-06-24 06:09:51.802] [WorldPop] Cells to spawn: 405, already spawned: 36
[2026-06-24 06:09:53.667] [WorldPop] Player moved to grid (15,50) fast=True, spawnRadius=12, despawnRadius=20
[2026-06-24 06:09:53.667] [WorldPop] Cells to spawn: 405, already spawned: 36
[2026-06-24 06:09:57.178] [WorldPop] Player moved to grid (15,51) fast=False, spawnRadius=6, despawnRadius=10
[2026-06-24 06:09:57.179] [WorldPop] Cells to spawn: 99, already spawned: 36
[2026-06-24 06:10:35.823] [WorldPop] Player moved to grid (14,51) fast=False, spawnRadius=6, despawnRadius=10
[2026-06-24 06:10:35.823] [WorldPop] Cells to spawn: 106, already spawned: 36
[2026-06-24 06:10:35.824] [WorldPop] Removed 2 NPCs from 1 distant cells
[2026-06-24 06:10:40.843] [WorldPop] Player moved to grid (13,51) fast=False, spawnRadius=6, despawnRadius=10
[2026-06-24 06:10:40.843] [WorldPop] Cells to spawn: 111, already spawned: 35
[2026-06-24 06:10:40.844] [WorldPop] Spawned 2 new NPCs in 111 cells (total alive: 50)
[2026-06-24 06:10:40.844] [WorldPop] Removed 3 NPCs from 3 distant cells
[2026-06-24 06:10:50.284] [WorldPop] Player moved to grid (13,50) fast=False, spawnRadius=6, despawnRadius=10
[2026-06-24 06:10:50.285] [WorldPop] Cells to spawn: 110, already spawned: 34
[2026-06-24 06:10:50.286] [WorldPop] Spawned 3 new NPCs in 110 cells (total alive: 50)
[2026-06-24 06:10:53.660] [WorldPop] Player moved to grid (13,51) fast=False, spawnRadius=6, despawnRadius=10
[2026-06-24 06:10:53.660] [WorldPop] Cells to spawn: 109, already spawned: 36
[2026-06-24 06:10:55.664] [WorldPop] Player moved to grid (12,51) fast=False, spawnRadius=6, despawnRadius=10
[2026-06-24 06:10:55.664] [WorldPop] Cells to spawn: 109, already spawned: 36
[2026-06-24 06:10:55.665] [WorldPop] Removed 7 NPCs from 6 distant cells
[2026-06-24 06:10:58.078] [WorldPop] Player moved to grid (12,50) fast=False, spawnRadius=6, despawnRadius=10
[2026-06-24 06:10:58.078] [WorldPop] Cells to spawn: 109, already spawned: 30
[2026-06-24 06:10:58.081] [WorldPop] Spawned 7 new NPCs in 109 cells (total alive: 50)
[2026-06-24 06:10:58.081] [WorldPop] Removed 1 NPCs from 1 distant cells
[2026-06-24 06:11:32.179] [WorldPop] Player moved to grid (13,50) fast=False, spawnRadius=6, despawnRadius=10
[2026-06-24 06:11:32.179] [WorldPop] Cells to spawn: 108, already spawned: 33
[2026-06-24 06:11:32.180] [WorldPop] Spawned 2 new NPCs in 108 cells (total alive: 51)
[2026-06-24 06:11:35.210] [WorldPop] Player moved to grid (13,51) fast=False, spawnRadius=6, despawnRadius=10
[2026-06-24 06:11:35.211] [WorldPop] Cells to spawn: 108, already spawned: 34
[2026-06-24 06:11:54.225] [WorldPop] Player moved to grid (13,50) fast=False, spawnRadius=6, despawnRadius=10
[2026-06-24 06:11:54.226] [WorldPop] Cells to spawn: 107, already spawned: 34
[2026-06-24 06:11:54.886] [WorldPop] Player moved to grid (13,51) fast=False, spawnRadius=6, despawnRadius=10
[2026-06-24 06:11:54.886] [WorldPop] Cells to spawn: 108, already spawned: 34
[2026-06-24 06:12:55.966] [WorldPop] Player moved to grid (13,50) fast=False, spawnRadius=6, despawnRadius=10
[2026-06-24 06:12:56.157] [WorldPop] Cells to spawn: 107, already spawned: 34
[2026-06-24 06:13:18.315] [WorldPop] Player moved to grid (13,51) fast=False, spawnRadius=6, despawnRadius=10
[2026-06-24 06:13:18.316] [WorldPop] Cells to spawn: 108, already spawned: 34
[2026-06-24 06:14:33.040] [WorldPop] Player moved to grid (13,51) fast=True, spawnRadius=12, despawnRadius=20
[2026-06-24 06:14:33.041] [WorldPop] Cells to spawn: 407, already spawned: 34
[2026-06-24 06:14:33.205] [WorldPop] Player moved to grid (13,52) fast=False, spawnRadius=6, despawnRadius=10
[2026-06-24 06:14:33.205] [WorldPop] Cells to spawn: 110, already spawned: 34
[2026-06-24 06:14:36.529] [WorldPop] Player moved to grid (13,51) fast=False, spawnRadius=6, despawnRadius=10
[2026-06-24 06:14:36.530] [WorldPop] Cells to spawn: 108, already spawned: 34
[2026-06-24 06:14:41.535] [WorldPop] Player moved to grid (12,51) fast=False, spawnRadius=6, despawnRadius=10
[2026-06-24 06:14:41.535] [WorldPop] Cells to spawn: 106, already spawned: 34
[2026-06-24 06:14:52.848] [WorldPop] Player moved to grid (11,51) fast=False, spawnRadius=6, despawnRadius=10
[2026-06-24 06:14:52.848] [WorldPop] Cells to spawn: 104, already spawned: 34
[2026-06-24 06:14:52.849] [WorldPop] Removed 15 NPCs from 9 distant cells
[2026-06-24 06:14:55.033] [WorldPop] Player moved to grid (10,51) fast=False, spawnRadius=6, despawnRadius=10
[2026-06-24 06:14:55.034] [WorldPop] Cells to spawn: 104, already spawned: 25
[2026-06-24 06:14:55.038] [WorldPop] Spawned 15 new NPCs in 104 cells (total alive: 51)
[2026-06-24 06:14:55.039] [WorldPop] Removed 10 NPCs from 8 distant cells
[2026-06-24 06:14:59.917] [WorldPop] Player moved to grid (9,51) fast=False, spawnRadius=6, despawnRadius=10
[2026-06-24 06:14:59.917] [WorldPop] Cells to spawn: 94, already spawned: 27
[2026-06-24 06:14:59.920] [WorldPop] Spawned 10 new NPCs in 94 cells (total alive: 51)
[2026-06-24 06:14:59.947] [WorldPop] Removed 10 NPCs from 6 distant cells
[2026-06-24 06:15:03.098] [WorldPop] Player moved to grid (8,51) fast=False, spawnRadius=6, despawnRadius=10
[2026-06-24 06:15:03.098] [WorldPop] Cells to spawn: 87, already spawned: 28
[2026-06-24 06:15:03.100] [WorldPop] Spawned 9 new NPCs in 87 cells (total alive: 50)
[2026-06-24 06:15:03.102] [WorldPop] Removed 2 NPCs from 2 distant cells
[2026-06-24 06:15:04.648] [WorldPop] Player moved to grid (7,51) fast=False, spawnRadius=6, despawnRadius=10
[2026-06-24 06:15:04.648] [WorldPop] Cells to spawn: 79, already spawned: 34
[2026-06-24 06:15:04.648] [WorldPop] Spawned 2 new NPCs in 79 cells (total alive: 50)
[2026-06-24 06:15:48.274] [WorldPop] Player moved to grid (8,51) fast=False, spawnRadius=6, despawnRadius=10
[2026-06-24 06:15:48.274] [WorldPop] Cells to spawn: 79, already spawned: 35
[2026-06-24 06:15:49.603] [WorldPop] Player moved to grid (9,51) fast=False, spawnRadius=6, despawnRadius=10
[2026-06-24 06:15:49.604] [WorldPop] Cells to spawn: 87, already spawned: 35
[2026-06-24 06:15:51.447] [WorldPop] Player moved to grid (10,51) fast=False, spawnRadius=6, despawnRadius=10
[2026-06-24 06:15:51.447] [WorldPop] Cells to spawn: 94, already spawned: 35
[2026-06-24 06:15:53.964] [WorldPop] Player moved to grid (11,51) fast=False, spawnRadius=6, despawnRadius=10
[2026-06-24 06:15:53.964] [WorldPop] Cells to spawn: 102, already spawned: 35
[2026-06-24 06:15:57.055] [WorldPop] Player moved to grid (12,51) fast=False, spawnRadius=6, despawnRadius=10
[2026-06-24 06:15:57.055] [WorldPop] Cells to spawn: 106, already spawned: 35
[2026-06-24 06:15:57.056] [WorldPop] Removed 2 NPCs from 1 distant cells
[2026-06-24 06:15:58.804] [WorldPop] Player moved to grid (13,51) fast=False, spawnRadius=6, despawnRadius=10
[2026-06-24 06:15:58.805] [WorldPop] Cells to spawn: 110, already spawned: 34
[2026-06-24 06:15:58.805] [WorldPop] Spawned 3 new NPCs in 110 cells (total alive: 51)
[2026-06-24 06:15:58.806] [WorldPop] Removed 8 NPCs from 7 distant cells
[2026-06-24 06:16:01.605] [WorldPop] Player moved to grid (14,51) fast=False, spawnRadius=6, despawnRadius=10
[2026-06-24 06:16:01.606] [WorldPop] Cells to spawn: 112, already spawned: 29
[2026-06-24 06:16:01.607] [WorldPop] Spawned 7 new NPCs in 112 cells (total alive: 50)
[2026-06-24 06:16:01.626] [WorldPop] Removed 11 NPCs from 8 distant cells
[2026-06-24 06:16:03.385] [WorldPop] Player moved to grid (15,51) fast=False, spawnRadius=6, despawnRadius=10
[2026-06-24 06:16:03.386] [WorldPop] Cells to spawn: 112, already spawned: 26
[2026-06-24 06:16:03.388] [WorldPop] Spawned 11 new NPCs in 112 cells (total alive: 50)
[2026-06-24 06:16:03.389] [WorldPop] Removed 11 NPCs from 7 distant cells
[2026-06-24 06:16:04.970] [WorldPop] Player moved to grid (16,51) fast=False, spawnRadius=6, despawnRadius=10
[2026-06-24 06:16:04.971] [WorldPop] Cells to spawn: 112, already spawned: 26
[2026-06-24 06:16:04.972] [WorldPop] Spawned 12 new NPCs in 112 cells (total alive: 51)
[2026-06-24 06:16:04.973] [WorldPop] Removed 6 NPCs from 4 distant cells
[2026-06-24 06:16:06.217] [WorldPop] Player moved to grid (17,51) fast=False, spawnRadius=6, despawnRadius=10
[2026-06-24 06:16:06.217] [WorldPop] Cells to spawn: 111, already spawned: 31
[2026-06-24 06:16:06.218] [WorldPop] Spawned 5 new NPCs in 111 cells (total alive: 50)
[2026-06-24 06:16:06.219] [WorldPop] Removed 7 NPCs from 4 distant cells
[2026-06-24 06:16:07.807] [WorldPop] Player moved to grid (17,50) fast=False, spawnRadius=6, despawnRadius=10
[2026-06-24 06:16:07.808] [WorldPop] Cells to spawn: 107, already spawned: 30
[2026-06-24 06:16:07.809] [WorldPop] Spawned 8 new NPCs in 107 cells (total alive: 51)
[2026-06-24 06:16:07.810] [WorldPop] Removed 1 NPCs from 1 distant cells
[2026-06-24 06:16:09.233] [WorldPop] Player moved to grid (18,50) fast=False, spawnRadius=6, despawnRadius=10
[2026-06-24 06:16:09.233] [WorldPop] Cells to spawn: 110, already spawned: 34
[2026-06-24 06:16:09.233] [WorldPop] Removed 6 NPCs from 4 distant cells
[2026-06-24 06:16:12.882] [WorldPop] Player moved to grid (18,50) fast=True, spawnRadius=12, despawnRadius=20
[2026-06-24 06:16:12.883] [WorldPop] Cells to spawn: 411, already spawned: 30
[2026-06-24 06:16:12.884] [WorldPop] Spawned 7 new NPCs in 411 cells (total alive: 51)
[2026-06-24 06:16:16.201] [WorldPop] Player moved to grid (19,50) fast=False, spawnRadius=6, despawnRadius=10
[2026-06-24 06:16:16.201] [WorldPop] Cells to spawn: 113, already spawned: 34
[2026-06-24 06:16:16.202] [WorldPop] Removed 13 NPCs from 9 distant cells
[2026-06-24 06:16:17.448] [WorldPop] Player moved to grid (19,51) fast=False, spawnRadius=6, despawnRadius=10
[2026-06-24 06:16:17.448] [WorldPop] Cells to spawn: 113, already spawned: 25
[2026-06-24 06:16:17.450] [WorldPop] Spawned 13 new NPCs in 113 cells (total alive: 51)
[2026-06-24 06:16:17.450] [WorldPop] Removed 2 NPCs from 1 distant cells
[2026-06-24 06:16:18.395] [WorldPop] Player moved to grid (20,51) fast=False, spawnRadius=6, despawnRadius=10
[2026-06-24 06:16:18.395] [WorldPop] Cells to spawn: 112, already spawned: 32
[2026-06-24 06:16:18.396] [WorldPop] Spawned 2 new NPCs in 112 cells (total alive: 51)
[2026-06-24 06:16:18.397] [WorldPop] Removed 10 NPCs from 6 distant cells
[2026-06-24 06:16:20.131] [WorldPop] Player moved to grid (21,51) fast=False, spawnRadius=6, despawnRadius=10
[2026-06-24 06:16:20.131] [WorldPop] Cells to spawn: 113, already spawned: 27
[2026-06-24 06:16:20.134] [WorldPop] Spawned 9 new NPCs in 113 cells (total alive: 50)
[2026-06-24 06:16:20.135] [WorldPop] Removed 9 NPCs from 7 distant cells
[2026-06-24 06:16:21.713] [WorldPop] Player moved to grid (22,51) fast=False, spawnRadius=6, despawnRadius=10
[2026-06-24 06:16:21.713] [WorldPop] Cells to spawn: 112, already spawned: 28
[2026-06-24 06:16:21.715] [WorldPop] Spawned 10 new NPCs in 112 cells (total alive: 51)
[2026-06-24 06:16:21.716] [WorldPop] Removed 13 NPCs from 8 distant cells
[2026-06-24 06:16:22.928] [WorldPop] Player moved to grid (23,51) fast=False, spawnRadius=6, despawnRadius=10
[2026-06-24 06:16:22.928] [WorldPop] Cells to spawn: 112, already spawned: 26
[2026-06-24 06:16:22.931] [WorldPop] Spawned 13 new NPCs in 112 cells (total alive: 51)
[2026-06-24 06:16:22.931] [WorldPop] Removed 4 NPCs from 3 distant cells
[2026-06-24 06:16:24.728] [WorldPop] Player moved to grid (24,51) fast=False, spawnRadius=6, despawnRadius=10
[2026-06-24 06:16:24.728] [WorldPop] Cells to spawn: 110, already spawned: 33
[2026-06-24 06:16:24.730] [WorldPop] Spawned 3 new NPCs in 110 cells (total alive: 50)
[2026-06-24 06:16:24.731] [WorldPop] Removed 11 NPCs from 7 distant cells
[2026-06-24 06:16:27.359] [WorldPop] Player moved to grid (23,51) fast=False, spawnRadius=6, despawnRadius=10
[2026-06-24 06:16:27.359] [WorldPop] Cells to spawn: 100, already spawned: 28
[2026-06-24 06:16:27.362] [WorldPop] Spawned 11 new NPCs in 100 cells (total alive: 50)
[2026-06-24 06:16:29.368] [WorldPop] Player moved to grid (24,51) fast=False, spawnRadius=6, despawnRadius=10
[2026-06-24 06:16:29.368] [WorldPop] Cells to spawn: 104, already spawned: 34
[2026-06-24 06:16:41.554] [WorldPop] Player moved to grid (24,51) fast=True, spawnRadius=12, despawnRadius=20
[2026-06-24 06:16:41.554] [WorldPop] Cells to spawn: 407, already spawned: 34
[2026-06-24 06:16:46.720] [WorldPop] Player moved to grid (25,51) fast=False, spawnRadius=6, despawnRadius=10
[2026-06-24 06:16:46.720] [WorldPop] Cells to spawn: 112, already spawned: 34
[2026-06-24 06:16:46.721] [WorldPop] Removed 4 NPCs from 2 distant cells
[2026-06-24 06:16:48.724] [WorldPop] Player moved to grid (26,50) fast=False, spawnRadius=6, despawnRadius=10
[2026-06-24 06:16:48.724] [WorldPop] Cells to spawn: 113, already spawned: 32
[2026-06-24 06:16:48.725] [WorldPop] Spawned 5 new NPCs in 113 cells (total alive: 51)
[2026-06-24 06:16:48.726] [WorldPop] Removed 8 NPCs from 7 distant cells
[2026-06-24 06:16:50.709] [WorldPop] Player moved to grid (27,50) fast=False, spawnRadius=6, despawnRadius=10
[2026-06-24 06:16:50.709] [WorldPop] Cells to spawn: 113, already spawned: 29
[2026-06-24 06:16:50.711] [WorldPop] Spawned 7 new NPCs in 113 cells (total alive: 50)
[2026-06-24 06:16:50.711] [WorldPop] Removed 9 NPCs from 6 distant cells
[2026-06-24 06:16:51.709] [WorldPop] Player moved to grid (28,50) fast=False, spawnRadius=6, despawnRadius=10
[2026-06-24 06:16:51.710] [WorldPop] Cells to spawn: 112, already spawned: 28
[2026-06-24 06:16:51.711] [WorldPop] Spawned 9 new NPCs in 112 cells (total alive: 50)
[2026-06-24 06:16:51.712] [WorldPop] Removed 11 NPCs from 8 distant cells
[2026-06-24 06:16:52.731] [WorldPop] Player moved to grid (28,49) fast=False, spawnRadius=6, despawnRadius=10
[2026-06-24 06:16:52.732] [WorldPop] Cells to spawn: 107, already spawned: 25
[2026-06-24 06:16:52.733] [WorldPop] Spawned 11 new NPCs in 107 cells (total alive: 50)
[2026-06-24 06:16:52.734] [WorldPop] Removed 3 NPCs from 2 distant cells
[2026-06-24 06:16:53.722] [WorldPop] Player moved to grid (29,49) fast=False, spawnRadius=6, despawnRadius=10
[2026-06-24 06:16:53.723] [WorldPop] Cells to spawn: 108, already spawned: 30
[2026-06-24 06:16:53.723] [WorldPop] Spawned 3 new NPCs in 108 cells (total alive: 50)
[2026-06-24 06:16:53.724] [WorldPop] Removed 9 NPCs from 6 distant cells
[2026-06-24 06:16:55.721] [WorldPop] Player moved to grid (30,48) fast=False, spawnRadius=6, despawnRadius=10
[2026-06-24 06:16:55.721] [WorldPop] Cells to spawn: 112, already spawned: 26
[2026-06-24 06:16:55.723] [WorldPop] Spawned 10 new NPCs in 112 cells (total alive: 51)
[2026-06-24 06:16:55.723] [WorldPop] Removed 7 NPCs from 4 distant cells
[2026-06-24 06:16:56.719] [WorldPop] Player moved to grid (31,48) fast=False, spawnRadius=6, despawnRadius=10
[2026-06-24 06:16:56.719] [WorldPop] Cells to spawn: 111, already spawned: 31
[2026-06-24 06:16:56.720] [WorldPop] Spawned 7 new NPCs in 111 cells (total alive: 51)
[2026-06-24 06:16:56.721] [WorldPop] Removed 5 NPCs from 3 distant cells
[2026-06-24 06:16:57.729] [WorldPop] Player moved to grid (31,47) fast=False, spawnRadius=6, despawnRadius=10
[2026-06-24 06:16:57.730] [WorldPop] Cells to spawn: 105, already spawned: 33
[2026-06-24 06:16:57.731] [WorldPop] Spawned 4 new NPCs in 105 cells (total alive: 50)
[2026-06-24 06:16:57.731] [WorldPop] Removed 1 NPCs from 1 distant cells
[2026-06-24 06:16:58.709] [WorldPop] Player moved to grid (32,47) fast=False, spawnRadius=6, despawnRadius=10
[2026-06-24 06:16:58.709] [WorldPop] Cells to spawn: 110, already spawned: 35
[2026-06-24 06:16:58.709] [WorldPop] Spawned 1 new NPCs in 110 cells (total alive: 50)
[2026-06-24 06:16:58.710] [WorldPop] Removed 6 NPCs from 4 distant cells
[2026-06-24 06:16:59.733] [WorldPop] Player moved to grid (33,47) fast=False, spawnRadius=6, despawnRadius=10
[2026-06-24 06:16:59.734] [WorldPop] Cells to spawn: 113, already spawned: 32
[2026-06-24 06:16:59.735] [WorldPop] Spawned 6 new NPCs in 113 cells (total alive: 50)
[2026-06-24 06:16:59.735] [WorldPop] Removed 10 NPCs from 6 distant cells
[2026-06-24 06:17:00.708] [WorldPop] Player moved to grid (34,47) fast=False, spawnRadius=6, despawnRadius=10
[2026-06-24 06:17:00.709] [WorldPop] Cells to spawn: 113, already spawned: 29
[2026-06-24 06:17:00.710] [WorldPop] Spawned 10 new NPCs in 113 cells (total alive: 50)
[2026-06-24 06:17:00.711] [WorldPop] Removed 11 NPCs from 7 distant cells
[2026-06-24 06:17:02.724] [WorldPop] Player moved to grid (35,47) fast=False, spawnRadius=6, despawnRadius=10
[2026-06-24 06:17:02.725] [WorldPop] Cells to spawn: 112, already spawned: 30
[2026-06-24 06:17:02.727] [WorldPop] Spawned 11 new NPCs in 112 cells (total alive: 50)
[2026-06-24 06:17:02.727] [WorldPop] Removed 7 NPCs from 7 distant cells
[2026-06-24 06:17:03.711] [WorldPop] Player moved to grid (36,48) fast=False, spawnRadius=6, despawnRadius=10
[2026-06-24 06:17:03.711] [WorldPop] Cells to spawn: 112, already spawned: 30
[2026-06-24 06:17:03.712] [WorldPop] Spawned 8 new NPCs in 112 cells (total alive: 51)
[2026-06-24 06:17:03.713] [WorldPop] Removed 10 NPCs from 8 distant cells
[2026-06-24 06:17:05.737] [WorldPop] Player moved to grid (36,49) fast=False, spawnRadius=6, despawnRadius=10
[2026-06-24 06:17:05.737] [WorldPop] Cells to spawn: 108, already spawned: 27
[2026-06-24 06:17:05.739] [WorldPop] Spawned 9 new NPCs in 108 cells (total alive: 50)
[2026-06-24 06:17:05.739] [WorldPop] Removed 4 NPCs from 2 distant cells
[2026-06-24 06:17:07.052] [WorldPop] Player moved to grid (36,50) fast=False, spawnRadius=6, despawnRadius=10
[2026-06-24 06:17:07.053] [WorldPop] Cells to spawn: 102, already spawned: 33
[2026-06-24 06:17:07.055] [WorldPop] Spawned 5 new NPCs in 102 cells (total alive: 51)
[2026-06-24 06:17:07.055] [WorldPop] Removed 1 NPCs from 1 distant cells
[2026-06-24 06:17:08.053] [WorldPop] Player moved to grid (36,51) fast=False, spawnRadius=6, despawnRadius=10
[2026-06-24 06:17:08.054] [WorldPop] Cells to spawn: 102, already spawned: 35
[2026-06-24 06:17:08.054] [WorldPop] Removed 3 NPCs from 2 distant cells
[2026-06-24 06:17:10.041] [WorldPop] Player moved to grid (36,52) fast=False, spawnRadius=6, despawnRadius=10
[2026-06-24 06:17:10.041] [WorldPop] Cells to spawn: 104, already spawned: 33
[2026-06-24 06:17:10.042] [WorldPop] Spawned 4 new NPCs in 104 cells (total alive: 51)
[2026-06-24 06:17:10.043] [WorldPop] Removed 5 NPCs from 3 distant cells
[2026-06-24 06:17:11.028] [WorldPop] Player moved to grid (36,53) fast=False, spawnRadius=6, despawnRadius=10
[2026-06-24 06:17:11.028] [WorldPop] Cells to spawn: 105, already spawned: 32
[2026-06-24 06:17:11.029] [WorldPop] Spawned 4 new NPCs in 105 cells (total alive: 50)
[2026-06-24 06:17:11.029] [WorldPop] Removed 2 NPCs from 2 distant cells
[2026-06-24 06:17:13.036] [WorldPop] Player moved to grid (35,54) fast=False, spawnRadius=6, despawnRadius=10
[2026-06-24 06:17:13.037] [WorldPop] Cells to spawn: 101, already spawned: 33
[2026-06-24 06:17:13.037] [WorldPop] Spawned 2 new NPCs in 101 cells (total alive: 50)
[2026-06-24 06:17:13.037] [WorldPop] Removed 1 NPCs from 1 distant cells
[2026-06-24 06:17:15.025] [WorldPop] Player moved to grid (35,55) fast=False, spawnRadius=6, despawnRadius=10
[2026-06-24 06:17:15.025] [WorldPop] Cells to spawn: 103, already spawned: 33
[2026-06-24 06:17:15.026] [WorldPop] Spawned 2 new NPCs in 103 cells (total alive: 51)
[2026-06-24 06:17:15.026] [WorldPop] Removed 8 NPCs from 5 distant cells
[2026-06-24 06:17:17.053] [WorldPop] Player moved to grid (34,56) fast=False, spawnRadius=6, despawnRadius=10
[2026-06-24 06:17:17.053] [WorldPop] Cells to spawn: 102, already spawned: 29
[2026-06-24 06:17:17.055] [WorldPop] Spawned 8 new NPCs in 102 cells (total alive: 51)
[2026-06-24 06:17:17.055] [WorldPop] Removed 4 NPCs from 3 distant cells
[2026-06-24 06:17:19.035] [WorldPop] Player moved to grid (33,57) fast=False, spawnRadius=6, despawnRadius=10
[2026-06-24 06:17:19.035] [WorldPop] Cells to spawn: 99, already spawned: 31
[2026-06-24 06:17:19.036] [WorldPop] Spawned 4 new NPCs in 99 cells (total alive: 51)
[2026-06-24 06:17:19.036] [WorldPop] Removed 4 NPCs from 3 distant cells
[2026-06-24 06:17:21.051] [WorldPop] Player moved to grid (32,58) fast=False, spawnRadius=6, despawnRadius=10
[2026-06-24 06:17:21.052] [WorldPop] Cells to spawn: 98, already spawned: 31
[2026-06-24 06:17:21.052] [WorldPop] Spawned 3 new NPCs in 98 cells (total alive: 50)
[2026-06-24 06:17:21.053] [WorldPop] Removed 4 NPCs from 3 distant cells
[2026-06-24 06:17:22.036] [WorldPop] Player moved to grid (31,58) fast=False, spawnRadius=6, despawnRadius=10
[2026-06-24 06:17:22.036] [WorldPop] Cells to spawn: 94, already spawned: 31
[2026-06-24 06:17:22.037] [WorldPop] Spawned 4 new NPCs in 94 cells (total alive: 50)
[2026-06-24 06:17:22.037] [WorldPop] Removed 1 NPCs from 1 distant cells
[2026-06-24 06:17:24.041] [WorldPop] Player moved to grid (30,59) fast=False, spawnRadius=6, despawnRadius=10
[2026-06-24 06:17:24.041] [WorldPop] Cells to spawn: 94, already spawned: 33
[2026-06-24 06:17:24.042] [WorldPop] Spawned 1 new NPCs in 94 cells (total alive: 50)
[2026-06-24 06:17:24.042] [WorldPop] Removed 6 NPCs from 3 distant cells
[2026-06-24 06:17:25.037] [WorldPop] Player moved to grid (29,59) fast=False, spawnRadius=6, despawnRadius=10
[2026-06-24 06:17:25.038] [WorldPop] Cells to spawn: 93, already spawned: 31
[2026-06-24 06:17:25.039] [WorldPop] Spawned 7 new NPCs in 93 cells (total alive: 51)
[2026-06-24 06:17:25.039] [WorldPop] Removed 2 NPCs from 1 distant cells
[2026-06-24 06:17:27.056] [WorldPop] Player moved to grid (28,60) fast=False, spawnRadius=6, despawnRadius=10
[2026-06-24 06:17:27.056] [WorldPop] Cells to spawn: 92, already spawned: 34
[2026-06-24 06:17:27.056] [WorldPop] Spawned 1 new NPCs in 92 cells (total alive: 50)
[2026-06-24 06:17:27.057] [WorldPop] Removed 4 NPCs from 4 distant cells
[2026-06-24 06:17:28.045] [WorldPop] Player moved to grid (27,60) fast=False, spawnRadius=6, despawnRadius=10
[2026-06-24 06:17:28.045] [WorldPop] Cells to spawn: 93, already spawned: 31
[2026-06-24 06:17:28.046] [WorldPop] Spawned 4 new NPCs in 93 cells (total alive: 50)
[2026-06-24 06:17:28.046] [WorldPop] Removed 2 NPCs from 1 distant cells
[2026-06-24 06:17:29.041] [WorldPop] Player moved to grid (26,61) fast=False, spawnRadius=6, despawnRadius=10
[2026-06-24 06:17:29.041] [WorldPop] Cells to spawn: 94, already spawned: 33
[2026-06-24 06:17:29.042] [WorldPop] Spawned 2 new NPCs in 94 cells (total alive: 50)
[2026-06-24 06:17:29.042] [WorldPop] Removed 2 NPCs from 2 distant cells
[2026-06-24 06:17:31.037] [WorldPop] Player moved to grid (25,62) fast=False, spawnRadius=6, despawnRadius=10
[2026-06-24 06:17:31.038] [WorldPop] Cells to spawn: 100, already spawned: 32
[2026-06-24 06:17:31.038] [WorldPop] Spawned 2 new NPCs in 100 cells (total alive: 50)
[2026-06-24 06:17:31.038] [WorldPop] Removed 5 NPCs from 3 distant cells
[2026-06-24 06:17:33.037] [WorldPop] Player moved to grid (25,63) fast=False, spawnRadius=6, despawnRadius=10
[2026-06-24 06:17:33.037] [WorldPop] Cells to spawn: 104, already spawned: 30
[2026-06-24 06:17:33.038] [WorldPop] Spawned 5 new NPCs in 104 cells (total alive: 50)
[2026-06-24 06:17:33.038] [WorldPop] Removed 3 NPCs from 2 distant cells
[2026-06-24 06:17:34.051] [WorldPop] Player moved to grid (24,64) fast=False, spawnRadius=6, despawnRadius=10
[2026-06-24 06:17:34.052] [WorldPop] Cells to spawn: 103, already spawned: 31
[2026-06-24 06:17:34.053] [WorldPop] Spawned 4 new NPCs in 103 cells (total alive: 51)
[2026-06-24 06:17:34.054] [WorldPop] Removed 8 NPCs from 5 distant cells
[2026-06-24 06:17:35.033] [WorldPop] Player moved to grid (24,65) fast=False, spawnRadius=6, despawnRadius=10
[2026-06-24 06:17:35.033] [WorldPop] Cells to spawn: 106, already spawned: 28
[2026-06-24 06:17:35.035] [WorldPop] Spawned 8 new NPCs in 106 cells (total alive: 51)
[2026-06-24 06:17:35.036] [WorldPop] Removed 7 NPCs from 4 distant cells
[2026-06-24 06:17:37.046] [WorldPop] Player moved to grid (23,66) fast=False, spawnRadius=6, despawnRadius=10
[2026-06-24 06:17:37.046] [WorldPop] Cells to spawn: 103, already spawned: 29
[2026-06-24 06:17:37.048] [WorldPop] Spawned 7 new NPCs in 103 cells (total alive: 51)
[2026-06-24 06:17:37.048] [WorldPop] Removed 7 NPCs from 5 distant cells
[2026-06-24 06:17:38.039] [WorldPop] Player moved to grid (24,66) fast=False, spawnRadius=6, despawnRadius=10
[2026-06-24 06:17:38.039] [WorldPop] Cells to spawn: 106, already spawned: 28
[2026-06-24 06:17:38.040] [WorldPop] Spawned 7 new NPCs in 106 cells (total alive: 51)
[2026-06-24 06:17:42.062] [WorldPop] Player moved to grid (23,67) fast=False, spawnRadius=6, despawnRadius=10
[2026-06-24 06:17:42.062] [WorldPop] Cells to spawn: 99, already spawned: 32
[2026-06-24 06:17:42.063] [WorldPop] Removed 7 NPCs from 4 distant cells
[2026-06-24 06:17:45.036] [WorldPop] Player moved to grid (23,68) fast=False, spawnRadius=6, despawnRadius=10
[2026-06-24 06:17:45.036] [WorldPop] Cells to spawn: 102, already spawned: 28
[2026-06-24 06:17:45.037] [WorldPop] Spawned 7 new NPCs in 102 cells (total alive: 51)
[2026-06-24 06:17:45.038] [WorldPop] Removed 5 NPCs from 4 distant cells
[2026-06-24 06:17:46.036] [WorldPop] Player moved to grid (23,69) fast=False, spawnRadius=6, despawnRadius=10
[2026-06-24 06:17:46.036] [WorldPop] Cells to spawn: 101, already spawned: 29
[2026-06-24 06:17:46.037] [WorldPop] Spawned 4 new NPCs in 101 cells (total alive: 50)
[2026-06-24 06:17:46.037] [WorldPop] Removed 1 NPCs from 1 distant cells
[2026-06-24 06:17:48.041] [WorldPop] Player moved to grid (23,70) fast=False, spawnRadius=6, despawnRadius=10
[2026-06-24 06:17:48.042] [WorldPop] Cells to spawn: 102, already spawned: 31
[2026-06-24 06:17:48.042] [WorldPop] Spawned 2 new NPCs in 102 cells (total alive: 51)
[2026-06-24 06:17:48.043] [WorldPop] Removed 5 NPCs from 4 distant cells
[2026-06-24 06:17:50.032] [WorldPop] Player moved to grid (23,71) fast=False, spawnRadius=6, despawnRadius=10
[2026-06-24 06:17:50.033] [WorldPop] Cells to spawn: 104, already spawned: 28
[2026-06-24 06:17:50.033] [WorldPop] Spawned 5 new NPCs in 104 cells (total alive: 51)
[2026-06-24 06:17:50.034] [WorldPop] Removed 4 NPCs from 2 distant cells
[2026-06-24 06:17:56.029] [WorldPop] Player moved to grid (23,72) fast=False, spawnRadius=6, despawnRadius=10
[2026-06-24 06:17:56.029] [WorldPop] Cells to spawn: 104, already spawned: 29
[2026-06-24 06:17:56.031] [WorldPop] Spawned 4 new NPCs in 104 cells (total alive: 51)
[2026-06-24 06:17:56.032] [WorldPop] Removed 6 NPCs from 3 distant cells
[2026-06-24 06:17:58.035] [WorldPop] Player moved to grid (23,73) fast=False, spawnRadius=6, despawnRadius=10
[2026-06-24 06:17:58.036] [WorldPop] Cells to spawn: 105, already spawned: 28
[2026-06-24 06:17:58.037] [WorldPop] Spawned 6 new NPCs in 105 cells (total alive: 51)
[2026-06-24 06:17:58.037] [WorldPop] Removed 4 NPCs from 3 distant cells
[2026-06-24 06:17:59.036] [WorldPop] Player moved to grid (23,74) fast=False, spawnRadius=6, despawnRadius=10
[2026-06-24 06:17:59.036] [WorldPop] Cells to spawn: 104, already spawned: 29
[2026-06-24 06:17:59.037] [WorldPop] Spawned 3 new NPCs in 104 cells (total alive: 50)
[2026-06-24 06:17:59.037] [WorldPop] Removed 6 NPCs from 3 distant cells
[2026-06-24 06:18:01.055] [WorldPop] Player moved to grid (23,75) fast=False, spawnRadius=6, despawnRadius=10
[2026-06-24 06:18:01.055] [WorldPop] Cells to spawn: 105, already spawned: 28
[2026-06-24 06:18:01.056] [WorldPop] Spawned 6 new NPCs in 105 cells (total alive: 50)
[2026-06-24 06:18:01.057] [WorldPop] Removed 4 NPCs from 3 distant cells
[2026-06-24 06:18:02.034] [WorldPop] Player moved to grid (24,75) fast=False, spawnRadius=6, despawnRadius=10
[2026-06-24 06:18:02.035] [WorldPop] Cells to spawn: 110, already spawned: 28
[2026-06-24 06:18:02.036] [WorldPop] Spawned 5 new NPCs in 110 cells (total alive: 51)
[2026-06-24 06:18:02.036] [WorldPop] Removed 1 NPCs from 1 distant cells
[2026-06-24 06:18:07.034] [WorldPop] Player moved to grid (24,74) fast=False, spawnRadius=6, despawnRadius=10
[2026-06-24 06:18:07.034] [WorldPop] Cells to spawn: 106, already spawned: 30
[2026-06-24 06:18:09.050] [WorldPop] Player moved to grid (24,73) fast=False, spawnRadius=6, despawnRadius=10
[2026-06-24 06:18:09.051] [WorldPop] Cells to spawn: 105, already spawned: 30
[2026-06-24 06:18:11.037] [WorldPop] Player moved to grid (24,72) fast=False, spawnRadius=6, despawnRadius=10
[2026-06-24 06:18:11.037] [WorldPop] Cells to spawn: 105, already spawned: 30
[2026-06-24 06:20:00.233] [WorldPop] Player moved to grid (25,72) fast=False, spawnRadius=6, despawnRadius=10
[2026-06-24 06:20:00.233] [WorldPop] Cells to spawn: 112, already spawned: 30
[2026-06-24 06:20:10.788] [WorldPop] Player moved to grid (25,72) fast=True, spawnRadius=12, despawnRadius=20
[2026-06-24 06:20:10.789] [WorldPop] Cells to spawn: 411, already spawned: 30
[2026-06-24 06:21:48.476] [WorldPop] Player moved to grid (25,73) fast=False, spawnRadius=6, despawnRadius=10
[2026-06-24 06:21:48.476] [WorldPop] Cells to spawn: 112, already spawned: 30
[2026-06-24 06:21:49.399] [WorldPop] Player moved to grid (25,72) fast=False, spawnRadius=6, despawnRadius=10
[2026-06-24 06:21:49.540] [WorldPop] Cells to spawn: 112, already spawned: 30
[2026-06-24 06:22:03.798] [WorldPop] Player moved to grid (24,72) fast=False, spawnRadius=6, despawnRadius=10
[2026-06-24 06:22:03.798] [WorldPop] Cells to spawn: 105, already spawned: 30
[2026-06-24 06:22:04.680] [WorldPop] Player moved to grid (24,72) fast=True, spawnRadius=12, despawnRadius=20
[2026-06-24 06:22:04.680] [WorldPop] Cells to spawn: 411, already spawned: 30
[2026-06-24 06:22:19.052] [WorldPop] Player moved to grid (24,73) fast=False, spawnRadius=6, despawnRadius=10
[2026-06-24 06:22:19.052] [WorldPop] Cells to spawn: 105, already spawned: 30
[2026-06-24 06:22:33.056] [WorldPop] Player moved to grid (24,72) fast=False, spawnRadius=6, despawnRadius=10
[2026-06-24 06:22:33.056] [WorldPop] Cells to spawn: 105, already spawned: 30
[2026-06-24 06:59:24.477] DebugLogger initialized
[2026-06-24 06:59:24.483] Server starting - DebugLogger initialized
[2026-06-24 08:23:11.621] DebugLogger initialized
[2026-06-24 08:23:11.629] Server starting - DebugLogger initialized
[2026-06-24 16:20:46.484] DebugLogger initialized
[2026-06-24 16:20:46.491] Server starting - DebugLogger initialized
[2026-08-16 11:50:02.499] DebugLogger initialized
[2026-08-16 11:50:02.524] Server starting - DebugLogger initialized
[2026-08-16 11:54:35.227] DebugLogger initialized
[2026-08-16 11:54:35.256] Server starting - DebugLogger initialized
[2026-08-16 11:59:13.198] DebugLogger initialized
[2026-08-16 11:59:13.221] Server starting - DebugLogger initialized
[2026-08-16 12:17:48.182] DebugLogger initialized
[2026-08-16 12:17:48.207] Server starting - DebugLogger initialized
[2026-08-16 12:40:40.165] DebugLogger initialized
[2026-08-16 12:40:40.193] Server starting - DebugLogger initialized
[2026-08-16 12:51:41.761] [WorldPop] SendWorldPopulation called
[2026-08-16 12:51:41.883] [WorldPop] Cells to spawn: 113, already spawned: 0
[2026-08-16 12:51:42.412] [WorldPop] Spawned 51 new NPCs in 113 cells (total alive: 51)
[2026-08-16 12:52:24.198] [WorldPop] SendWorldPopulation called
[2026-08-16 12:52:24.217] [WorldPop] Cells to spawn: 113, already spawned: 0
[2026-08-16 12:52:24.389] [WorldPop] Spawned 51 new NPCs in 113 cells (total alive: 51)
[2026-08-16 12:52:27.982] [WorldPop] Player moved to grid (-26,59) fast=False, spawnRadius=6, despawnRadius=10
[2026-08-16 12:52:27.987] [WorldPop] Cells to spawn: 80, already spawned: 33
[2026-08-16 12:52:52.557] [WorldPop] Player moved to grid (25,49) fast=False, spawnRadius=6, despawnRadius=10
[2026-08-16 12:52:52.560] [WorldPop] Cells to spawn: 113, already spawned: 33
[2026-08-16 12:52:52.642] [WorldPop] Removed 51 NPCs from 33 distant cells
[2026-08-16 12:52:56.401] [WorldPop] Player moved to grid (25,49) fast=True, spawnRadius=12, despawnRadius=20
[2026-08-16 12:52:56.405] [WorldPop] Cells to spawn: 441, already spawned: 0
[2026-08-16 12:52:56.626] [WorldPop] Spawned 50 new NPCs in 441 cells (total alive: 50)
[2026-08-16 12:52:57.082] [WorldPop] Player moved to grid (24,49) fast=False, spawnRadius=6, despawnRadius=10
[2026-08-16 12:52:57.084] [WorldPop] Cells to spawn: 113, already spawned: 33
[2026-08-16 12:52:57.127] [WorldPop] Removed 24 NPCs from 14 distant cells
[2026-08-16 13:12:24.946] DebugLogger initialized
[2026-08-16 13:12:24.977] Server starting - DebugLogger initialized
[2026-08-16 13:20:05.932] [WorldPop] SendWorldPopulation called
[2026-08-16 13:20:06.084] [WorldPop] Cells to spawn: 113, already spawned: 0
[2026-08-16 13:20:06.868] [WorldPop] Spawned 51 new NPCs in 113 cells (total alive: 51)
[2026-08-16 13:21:04.522] [WorldPop] SendWorldPopulation called
[2026-08-16 13:21:04.543] [WorldPop] Cells to spawn: 113, already spawned: 0
[2026-08-16 13:21:04.685] [WorldPop] Spawned 51 new NPCs in 113 cells (total alive: 51)
[2026-08-16 13:21:08.434] [WorldPop] Player moved to grid (-26,59) fast=False, spawnRadius=6, despawnRadius=10
[2026-08-16 13:21:08.437] [WorldPop] Cells to spawn: 80, already spawned: 33
[2026-08-16 13:21:39.412] [WorldPop] Player moved to grid (25,49) fast=False, spawnRadius=6, despawnRadius=10
[2026-08-16 13:21:39.418] [WorldPop] Cells to spawn: 113, already spawned: 33
[2026-08-16 13:21:39.584] [WorldPop] Removed 51 NPCs from 33 distant cells
[2026-08-16 13:21:40.383] [WorldPop] Player moved to grid (25,49) fast=True, spawnRadius=12, despawnRadius=20
[2026-08-16 13:21:40.387] [WorldPop] Cells to spawn: 441, already spawned: 0
[2026-08-16 13:21:40.917] [WorldPop] Spawned 50 new NPCs in 441 cells (total alive: 50)
[2026-08-16 13:21:42.293] [WorldPop] Player moved to grid (24,49) fast=False, spawnRadius=6, despawnRadius=10
[2026-08-16 13:21:42.296] [WorldPop] Cells to spawn: 113, already spawned: 33
[2026-08-16 13:21:42.422] [WorldPop] Removed 24 NPCs from 14 distant cells
[2026-08-16 13:21:43.375] [WorldPop] Player moved to grid (24,49) fast=True, spawnRadius=12, despawnRadius=20
[2026-08-16 13:21:43.385] [WorldPop] Cells to spawn: 422, already spawned: 19
[2026-08-16 13:21:43.968] [WorldPop] Spawned 24 new NPCs in 422 cells (total alive: 50)
[2026-08-16 13:41:05.800] DebugLogger initialized
[2026-08-16 13:41:05.827] Server starting - DebugLogger initialized
[2026-08-16 13:49:04.741] [WorldPop] SendWorldPopulation called
[2026-08-16 13:49:04.969] [WorldPop] Cells to spawn: 113, already spawned: 0
[2026-08-16 13:49:05.606] [WorldPop] Spawned 51 new NPCs in 113 cells (total alive: 51)
[2026-08-16 13:49:33.459] [WorldPop] SendWorldPopulation called
[2026-08-16 13:49:33.482] [WorldPop] Cells to spawn: 113, already spawned: 0
[2026-08-16 13:49:34.336] [WorldPop] Spawned 51 new NPCs in 113 cells (total alive: 51)
[2026-08-16 13:49:42.178] [WorldPop] Player moved to grid (-26,59) fast=False, spawnRadius=6, despawnRadius=10
[2026-08-16 13:49:42.181] [WorldPop] Cells to spawn: 80, already spawned: 33
[2026-08-16 13:51:37.273] [WorldPop] SendWorldPopulation called
[2026-08-16 13:51:37.282] [WorldPop] Cells to spawn: 113, already spawned: 0
[2026-08-16 13:51:37.785] [WorldPop] Spawned 51 new NPCs in 113 cells (total alive: 51)
[2026-08-16 13:51:48.963] [WorldPop] SendWorldPopulation called
[2026-08-16 13:51:48.973] [WorldPop] Cells to spawn: 113, already spawned: 0
[2026-08-16 13:51:49.267] [WorldPop] Spawned 51 new NPCs in 113 cells (total alive: 51)
[2026-08-16 13:52:10.165] [WorldPop] Player moved to grid (-26,59) fast=False, spawnRadius=6, despawnRadius=10
[2026-08-16 13:52:10.167] [WorldPop] Cells to spawn: 80, already spawned: 33
