wait_area_index,slot_index,x,y,z,forward_x,forward_z,urban_diversity_config_id
0,0,3547.8681640625,0.0,1064.4908447265625,-0.9994540810585022,-0.03303813934326172,88888240
0,1,3548.40283203125,0.0,1063.7581787109375,-0.9994540810585022,-0.03303813934326172,88888240
0,2,3547.917724609375,0.0,1062.99169921875,-0.9994540810585022,-0.03303813934326172,88888240
0,3,3548.452392578125,0.0,1062.2589111328125,-0.9994540810585022,-0.03303813934326172,88888240
1,0,3529.022216796875,0.0,1059.595703125,0.9994540810585022,0.03303813934326172,88888250
1,1,3528.487548828125,0.0,1060.328369140625,0.9994540810585022,0.03303813934326172,88888250
1,2,3528.97265625,0.0,1061.0948486328125,0.9994540810585022,0.03303813934326172,88888250
1,3,3528.43798828125,0.0,1061.82763671875,0.9994540810585022,0.03303813934326172,88888250
2,0,2413.90625,-0.08449142426252365,1128.8377685546875,0.9995372295379639,-0.030417807400226593,88888181
2,1,2413.419189453125,-0.08440107852220535,1129.6029052734375,0.9995372295379639,-0.030417807400226593,88888181
2,2,2413.951904296875,-0.08449142426252365,1130.3370361328125,0.9995372295379639,-0.030417807400226593,88888181
2,3,2413.46484375,-0.08440107852220535,1131.102294921875,0.9995372295379639,-0.030417807400226593,88888181
3,0,2432.86572265625,-0.08782856911420822,1132.53271484375,-0.9995372295379639,0.030417807400226593,88888190
3,1,2433.352783203125,-0.08791891485452652,1131.767578125,-0.9995372295379639,0.030417807400226593,88888190
3,2,2432.820068359375,-0.08782856911420822,1131.033447265625,-0.9995372295379639,0.030417807400226593,88888190
3,3,2433.30712890625,-0.08791891485452652,1130.2681884765625,-0.9995372295379639,0.030417807400226593,88888190
4,0,1209.97021484375,0.0,1504.6197509765625,0.6509349942207336,-0.7591334581375122,88888062
4,1,1210.20751953125,0.0,1505.4952392578125,0.6509349942207336,-0.7591334581375122,88888062
4,2,1211.10888671875,0.0,1505.59619140625,0.6509349942207336,-0.7591334581375122,88888062
4,3,1211.34619140625,0.0,1506.4715576171875,0.6509349942207336,-0.7591334581375122,88888062
5,0,1231.5855712890625,0.0,1485.9713134765625,-0.6509349942207336,0.7591334581375122,88888071
5,1,1231.3482666015625,0.0,1485.0958251953125,-0.6509349942207336,0.7591334581375122,88888071
5,2,1230.4468994140625,0.0,1484.994873046875,-0.6509349942207336,0.7591334581375122,88888071
5,3,1230.2095947265625,0.0,1484.1195068359375,-0.6509349942207336,0.7591334581375122,88888071
6,0,2409.992919921875,0.0,1595.77490234375,0.9999932050704956,-0.003712892532348633,88888180
6,1,2409.485595703125,0.0,1596.52685546875,0.9999932050704956,-0.003712892532348633,88888180
6,2,2409.998291015625,0.0,1597.27490234375,0.9999932050704956,-0.003712892532348633,88888180
6,3,2409.4912109375,0.0,1598.02685546875,0.9999932050704956,-0.003712892532348633,88888180
7,0,2438.220458984375,0.0,1599.940185546875,-0.9999932050704956,0.003712892532348633,88888250
7,1,2438.727783203125,0.0,1599.188232421875,-0.9999932050704956,0.003712892532348633,88888250
7,2,2438.215087890625,0.0,1598.440185546875,-0.9999932050704956,0.003712892532348633,88888250
7,3,2438.72216796875,0.0,1597.688232421875,-0.9999932050704956,0.003712892532348633,88888250
8,0,3597.540283203125,-0.0871858075261116,1570.892578125,0.9275403022766113,-0.37372127175331116,88888230
8,1,3597.347412109375,-0.08651164919137955,1571.77880859375,0.9275403022766113,-0.37372127175331116,88888230
8,2,3598.100830078125,-0.08718227595090866,1572.283935546875,0.9275403022766113,-0.37372127175331116,88888230
8,3,3597.907958984375,-0.0865081250667572,1573.170166015625,0.9275403022766113,-0.37372127175331116,88888230
9,0,3615.75732421875,-0.06400340050458908,1568.7528076171875,-0.9898636341094971,-0.1393570601940155,88888240
9,1,3616.36669921875,-0.05003633722662926,1568.0811767578125,-0.9898636341094971,-0.1393570601940155,88888240
9,2,3615.96630859375,-0.0639999508857727,1567.2674560546875,-0.9898636341094971,-0.1393570601940155,88888240
9,3,3616.575927734375,-0.05003289505839348,1566.5958251953125,-0.9898636341094971,-0.1393570601940155,88888240
10,0,2447.32080078125,0.0,1343.953369140625,-0.003588493913412094,0.9999935626983643,88888190
10,1,2446.572509765625,0.0,1343.440673828125,-0.003588493913412094,0.9999935626983643,88888190
10,2,2445.82080078125,0.0,1343.947998046875,-0.003588493913412094,0.9999935626983643,88888190
10,3,2445.072509765625,0.0,1343.435302734375,-0.003588493913412094,0.9999935626983643,88888190
11,0,2442.94775390625,0.0,1372.69580078125,0.003588493913412094,-0.9999935626983643,88888250
11,1,2443.696044921875,0.0,1373.20849609375,0.003588493913412094,-0.9999935626983643,88888250
11,2,2444.44775390625,0.0,1372.701171875,0.003588493913412094,-0.9999935626983643,88888250
11,3,2445.196044921875,0.0,1373.2138671875,0.003588493913412094,-0.9999935626983643,88888250
12,0,3743.26806640625,0.0,1622.2198486328125,0.9955760836601257,-0.09395968914031982,88888240
12,1,3742.830810546875,0.0,1623.0145263671875,0.9955760836601257,-0.09395968914031982,88888240
12,2,3743.4091796875,0.0,1623.7132568359375,0.9955760836601257,-0.09395968914031982,88888240
12,3,3742.9716796875,0.0,1624.5079345703125,0.9955760836601257,-0.09395968914031982,88888240
13,0,3772.336669921875,0.0,1623.7655029296875,-0.9955760836601257,0.09395968914031982,88888240
13,1,3772.77392578125,0.0,1622.9708251953125,-0.9955760836601257,0.09395968914031982,88888240
13,2,3772.195556640625,0.0,1622.2720947265625,-0.9955760836601257,0.09395968914031982,88888240
13,3,3772.633056640625,0.0,1621.4774169921875,-0.9955760836601257,0.09395968914031982,88888240
14,0,1682.0008544921875,-0.0005683342460542917,2683.282470703125,0.08857923001050949,-0.9960691928863525,88888090
14,1,1682.7027587890625,-0.0005649187951348722,2683.85693359375,0.08857923001050949,-0.9960691928863525,88888090
14,2,1683.494873046875,-0.000556914194021374,2683.415283203125,0.08857923001050949,-0.9960691928863525,88888090
15,0,1686.62939453125,-0.0005064742872491479,2668.149169921875,-0.08857923001050949,0.9960691928863525,88888090
15,1,1685.927490234375,-0.0004948899149894714,2667.57470703125,-0.08857923001050949,0.9960691928863525,88888090
15,2,1685.1353759765625,-0.00048789469292387366,2668.016357421875,-0.08857923001050949,0.9960691928863525,88888090
16,0,1432.2681884765625,8.144396997522563e-05,1775.1077880859375,0.12714532017707825,-0.9918841123580933,88888150
16,1,1432.947265625,8.291682024719194e-05,1775.708984375,0.12714532017707825,-0.9918841123580933,88888150
16,2,1433.7559814453125,8.144396997522563e-05,1775.298583984375,0.12714532017707825,-0.9918841123580933,88888150
16,3,1434.43505859375,8.291682024719194e-05,1775.8997802734375,0.12714532017707825,-0.9918841123580933,88888150
17,0,1440.15283203125,-1.4439714277614257e-06,1747.1822509765625,-0.12714532017707825,0.9918841123580933,88888170
17,1,1439.4737548828125,-2.9168227229092736e-06,1746.5810546875,-0.12714532017707825,0.9918841123580933,88888170
17,2,1438.6650390625,-1.4439716551351012e-06,1746.991455078125,-0.12714532017707825,0.9918841123580933,88888170
17,3,1437.9859619140625,-2.9168227229092736e-06,1746.3902587890625,-0.12714532017707825,0.9918841123580933,88888170
18,0,3675.163818359375,0.0,1292.2899169921875,0.18686413764953613,0.9823857545852661,88888240
18,1,3674.331787109375,0.0,1291.9290771484375,0.18686413764953613,0.9823857545852661,88888240
18,2,3673.690185546875,0.0,1292.5701904296875,0.18686413764953613,0.9823857545852661,88888240
18,3,3672.858154296875,0.0,1292.2093505859375,0.18686413764953613,0.9823857545852661,88888240
19,0,3674.6103515625,0.0,1312.23046875,-0.18686413764953613,-0.9823857545852661,88888240
19,1,3675.4423828125,0.0,1312.59130859375,-0.18686413764953613,-0.9823857545852661,88888240
19,2,3676.083984375,0.0,1311.9501953125,-0.18686413764953613,-0.9823857545852661,88888240
19,3,3676.916015625,0.0,1312.31103515625,-0.18686413764953613,-0.9823857545852661,88888240
20,0,2138.522216796875,-0.011439505964517593,2252.584716796875,0.9970538020133972,0.007869058288633823,88888121
20,1,2138.0078125,0.027477379888296127,2253.330810546875,0.9970538020133972,0.007869058288633823,88888121
20,2,2138.510498046875,-0.011432546190917492,2254.084716796875,0.9970538020133972,0.007869058288633823,88888121
20,3,2137.995849609375,0.027484338730573654,2254.830810546875,0.9970538020133972,0.007869058288633823,88888121
21,0,2168.0869140625,0.07304306328296661,2257.095703125,-0.9998337626457214,-0.008228952065110207,88888121
21,1,2168.60302734375,0.06474412977695465,2256.349853515625,-0.9998337626457214,-0.008228952065110207,88888121
21,2,2168.099365234375,0.0730486735701561,2255.595703125,-0.9998337626457214,-0.008228952065110207,88888121
21,3,2168.615478515625,0.06474974006414413,2254.849853515625,-0.9998337626457214,-0.008228952065110207,88888121
22,0,1089.0245361328125,0.0,2116.50439453125,-0.16477012634277344,-0.9863320589065552,88888020
22,1,1089.8482666015625,0.0,2116.8837890625,-0.16477012634277344,-0.9863320589065552,88888020
22,2,1090.5040283203125,0.0,2116.25732421875,-0.16477012634277344,-0.9863320589065552,88888020
22,3,1091.3277587890625,0.0,2116.636474609375,-0.16477012634277344,-0.9863320589065552,88888020
23,0,1090.135986328125,0.0,2097.24267578125,0.16477012634277344,0.9863320589065552,88888040
23,1,1089.312255859375,0.0,2096.86328125,0.16477012634277344,0.9863320589065552,88888040
23,2,1088.656494140625,0.0,2097.48974609375,0.16477012634277344,0.9863320589065552,88888040
23,3,1087.832763671875,0.0,2097.110595703125,0.16477012634277344,0.9863320589065552,88888040
24,0,677.0868530273438,0.029362713918089867,1967.1868896484375,-0.8565075397491455,-0.5158289074897766,88888010
24,1,677.9105834960938,0.03842226415872574,1966.807373046875,-0.8565075397491455,-0.5158289074897766,88888010
24,2,677.8607177734375,0.029362713918089867,1965.90185546875,-0.8565075397491455,-0.5158289074897766,88888010
24,3,678.6844482421875,0.03842226415872574,1965.5224609375,-0.8565075397491455,-0.5158289074897766,88888010
25,0,667.4905395507812,0.0100008025765419,1953.609130859375,0.7590771317481995,0.6510008573532104,88888010
25,1,666.6151123046875,0.0100008025765419,1953.846435546875,0.7590771317481995,0.6510008573532104,88888010
25,2,666.5140380859375,0.0100008025765419,1954.7476806640625,0.7590771317481995,0.6510008573532104,88888010
25,3,665.6386108398438,0.0100008025765419,1954.9849853515625,0.7590771317481995,0.6510008573532104,88888010
26,0,1127.9561767578125,0.0,2118.45458984375,0.6397429704666138,-0.7685891389846802,88888080
26,1,1128.2064208984375,0.0,2119.32666015625,0.6397429704666138,-0.7685891389846802,88888080
26,2,1129.109130859375,0.0,2119.414306640625,0.6397429704666138,-0.7685891389846802,88888080
26,3,1129.3592529296875,0.0,2120.2861328125,0.6397429704666138,-0.7685891389846802,88888080
27,0,1149.663818359375,0.0,2099.0498046875,-0.6397429704666138,0.7685891389846802,88888110
27,1,1149.41357421875,0.0,2098.177734375,-0.6397429704666138,0.7685891389846802,88888110
27,2,1148.5108642578125,0.0,2098.090087890625,-0.6397429704666138,0.7685891389846802,88888110
27,3,1148.2607421875,0.0,2097.21826171875,-0.6397429704666138,0.7685891389846802,88888110
28,0,2503.170654296875,-0.08663634210824966,1345.6319580078125,-0.03139098361134529,0.9994955658912659,88888190
28,1,2502.43701171875,-0.08909093588590622,1345.0986328125,-0.03139098361134529,0.9994955658912659,88888190
28,2,2501.67138671875,-0.08663640171289444,1345.5848388671875,-0.03139098361134529,0.9994955658912659,88888190
28,3,2500.937744140625,-0.08909100294113159,1345.051513671875,-0.03139098361134529,0.9994955658912659,88888190
29,0,2497.995849609375,0.052406348288059235,1374.373291015625,0.03139098361134529,-0.9994955658912659,88888250
29,1,2498.7294921875,0.05486094579100609,1374.9066162109375,0.03139098361134529,-0.9994955658912659,88888250
29,2,2499.4951171875,0.05240641161799431,1374.42041015625,0.03139098361134529,-0.9994955658912659,88888250
29,3,2500.228759765625,0.054861005395650864,1374.9537353515625,0.03139098361134529,-0.9994955658912659,88888250
30,0,1925.2510986328125,-0.08801724016666412,2750.826904296875,0.10651793330907822,-0.9943106174468994,88888100
30,1,1925.9425048828125,-0.08769825100898743,2751.413818359375,0.10651793330907822,-0.9943106174468994,88888100
30,2,1926.7425537109375,-0.08801725506782532,2750.986572265625,0.10651793330907822,-0.9943106174468994,88888100
30,3,1927.4339599609375,-0.08769825845956802,2751.573486328125,0.10651793330907822,-0.9943106174468994,88888100
31,0,1933.4072265625,0.20084603130817413,2714.740478515625,-0.10210676491260529,0.9763182997703552,88888100
31,1,1932.71337890625,0.29811593890190125,2714.16455078125,-0.10210676491260529,0.9763182997703552,88888100
31,2,1931.9154052734375,0.20084427297115326,2714.58447265625,-0.10210676491260529,0.9763182997703552,88888100
31,3,1931.2215576171875,0.29811418056488037,2714.008544921875,-0.10210676491260529,0.9763182997703552,88888100
32,0,2169.22119140625,0.0,1739.4317626953125,0.01096657756716013,0.9999398589134216,88888181
32,1,2168.4658203125,0.0,1738.9300537109375,0.01096657756716013,0.9999398589134216,88888181
32,2,2167.721435546875,0.0,1739.4482421875,0.01096657756716013,0.9999398589134216,88888181
32,3,2166.9658203125,0.0,1738.9464111328125,0.01096657756716013,0.9999398589134216,88888181
33,0,2165.2705078125,0.0,1768.5718994140625,-0.01096657756716013,-0.9999398589134216,88888150
33,1,2166.02587890625,0.0,1769.0736083984375,-0.01096657756716013,-0.9999398589134216,88888150
33,2,2166.770263671875,0.0,1768.555419921875,-0.01096657756716013,-0.9999398589134216,88888150
33,3,2167.52587890625,0.0,1769.0572509765625,-0.01096657756716013,-0.9999398589134216,88888150
34,0,3355.201904296875,0.0,1678.945556640625,0.204603910446167,0.9788448214530945,88888232
34,1,3354.363525390625,0.0,1678.599853515625,0.204603910446167,0.9788448214530945,88888232
34,2,3353.733642578125,0.0,1679.2525634765625,0.204603910446167,0.9788448214530945,88888232
34,3,3352.895263671875,0.0,1678.90673828125,0.204603910446167,0.9788448214530945,88888232
35,0,3356.8994140625,0.0,1707.9364013671875,-0.204603910446167,-0.9788448214530945,88888232
35,1,3357.73779296875,0.0,1708.2821044921875,-0.204603910446167,-0.9788448214530945,88888232
35,2,3358.36767578125,0.0,1707.62939453125,-0.204603910446167,-0.9788448214530945,88888232
35,3,3359.2060546875,0.0,1707.9752197265625,-0.204603910446167,-0.9788448214530945,88888232
36,0,2133.76123046875,-0.08319146186113358,2220.39892578125,0.007720032706856728,0.9999696612358093,88888121
36,1,2133.00732421875,-0.08373024314641953,2219.894775390625,0.007720032706856728,0.9999696612358093,88888121
36,2,2132.26123046875,-0.08318533003330231,2220.41064453125,0.007720032706856728,0.9999696612358093,88888121
36,3,2131.50732421875,-0.08372410386800766,2219.906494140625,0.007720032706856728,0.9999696612358093,88888121
37,0,2129.716552734375,-0.03816811367869377,2249.63037109375,-0.007636051159352064,-0.9995495080947876,88888121
37,1,2130.470458984375,-0.02335800603032112,2250.13427734375,-0.007636051159352064,-0.9995495080947876,88888121
37,2,2131.216552734375,-0.03815435990691185,2249.618896484375,-0.007636051159352064,-0.9995495080947876,88888121
37,3,2131.970458984375,-0.0233442522585392,2250.122802734375,-0.007636051159352064,-0.9995495080947876,88888121
38,0,4025.5546875,0.0,2011.8192138671875,0.2395583689212799,-0.9708821773529053,88888221
38,1,4026.16064453125,0.0,2012.4940185546875,0.2395583689212799,-0.9708821773529053,88888221
38,2,4027.010986328125,0.0,2012.1785888671875,0.2395583689212799,-0.9708821773529053,88888221
38,3,4027.616943359375,0.0,2012.8533935546875,0.2395583689212799,-0.9708821773529053,88888221
39,0,4036.69287109375,0.0,1984.5029296875,-0.2395583689212799,0.9708821773529053,88888221
39,1,4036.0869140625,0.0,1983.828125,-0.2395583689212799,0.9708821773529053,88888221
39,2,4035.236572265625,0.0,1984.1435546875,-0.2395583689212799,0.9708821773529053,88888221
39,3,4034.630615234375,0.0,1983.46875,-0.2395583689212799,0.9708821773529053,88888221
40,0,1896.88330078125,0.0,2598.274658203125,0.9999464154243469,0.01036226749420166,88888090
40,1,1896.3656005859375,0.0,2599.01904296875,0.9999464154243469,0.01036226749420166,88888090
40,2,1896.8677978515625,0.0,2599.7744140625,0.9999464154243469,0.01036226749420166,88888090
40,3,1896.3499755859375,0.0,2600.51904296875,0.9999464154243469,0.01036226749420166,88888090
41,0,1925.5684814453125,0.0,2602.841796875,-0.9999464154243469,-0.01036226749420166,88888100
41,1,1926.086181640625,0.0,2602.097412109375,-0.9999464154243469,-0.01036226749420166,88888100
41,2,1925.583984375,0.0,2601.342041015625,-0.9999464154243469,-0.01036226749420166,88888100
41,3,1926.101806640625,0.0,2600.597412109375,-0.9999464154243469,-0.01036226749420166,88888100
42,0,1341.061279296875,0.0,1567.6527099609375,0.7578427791595459,0.6524372100830078,88888071
42,1,1340.185546875,0.0,1567.888427734375,0.7578427791595459,0.6524372100830078,88888071
42,2,1340.0826416015625,0.0,1568.78955078125,0.7578427791595459,0.6524372100830078,88888071
42,3,1339.206787109375,0.0,1569.025146484375,0.7578427791595459,0.6524372100830078,88888071
43,0,1352.5509033203125,0.0,1583.1787109375,-0.7578427791595459,-0.6524372100830078,88888070
43,1,1353.4266357421875,0.0,1582.9429931640625,-0.7578427791595459,-0.6524372100830078,88888070
43,2,1353.529541015625,0.0,1582.0418701171875,-0.7578427791595459,-0.6524372100830078,88888070
43,3,1354.4053955078125,0.0,1581.8062744140625,-0.7578427791595459,-0.6524372100830078,88888070
44,0,620.0361938476562,0.0,2031.1644287109375,-0.7645547389984131,-0.6445590257644653,88888010
44,1,620.9095458984375,0.0,2030.9197998046875,-0.7645547389984131,-0.6445590257644653,88888010
44,2,621.0030517578125,0.0,2030.017578125,-0.7645547389984131,-0.6445590257644653,88888010
44,3,621.8763427734375,0.0,2029.77294921875,-0.7645547389984131,-0.6445590257644653,88888010
45,0,612.8614501953125,0.0,2019.53076171875,0.7645547389984131,0.6445590257644653,88888010
45,1,611.9880981445312,0.0,2019.775390625,0.7645547389984131,0.6445590257644653,88888010
45,2,611.8945922851562,0.0,2020.6776123046875,0.7645547389984131,0.6445590257644653,88888010
45,3,611.0213012695312,0.0,2020.9222412109375,0.7645547389984131,0.6445590257644653,88888010
46,0,939.8005981445312,0.0,1629.389404296875,0.6302109360694885,-0.7764241695404053,88888040
46,1,940.0615234375,0.0,1630.258056640625,0.6302109360694885,-0.7764241695404053,88888040
46,2,940.9652099609375,0.0,1630.334716796875,0.6302109360694885,-0.7764241695404053,88888040
46,3,941.2261352539062,0.0,1631.203369140625,0.6302109360694885,-0.7764241695404053,88888040
47,0,961.2222290039062,0.0,1609.7733154296875,-0.6302109360694885,0.7764241695404053,88888060
47,1,960.9613037109375,0.0,1608.9046630859375,-0.6302109360694885,0.7764241695404053,88888060
47,2,960.0576171875,0.0,1608.8280029296875,-0.6302109360694885,0.7764241695404053,88888060
47,3,959.7966918945312,0.0,1607.9593505859375,-0.6302109360694885,0.7764241695404053,88888060
48,0,1703.79052734375,0.0012708258582279086,2686.050537109375,0.10156646370887756,-0.9948256015777588,88888090
48,1,1704.6092529296875,0.0025900518521666527,2686.646728515625,0.10156646370887756,-0.9948256015777588,88888090
48,2,1705.531494140625,0.0012855369132012129,2686.228271484375,0.10156646370887756,-0.9948256015777588,88888090
49,0,1709.0040283203125,0.004334446042776108,2670.868896484375,-0.10156647115945816,0.9948256611824036,88888090
49,1,1708.185546875,-0.01774725690484047,2670.272705078125,-0.10156647115945816,0.9948256611824036,88888090
49,2,1707.2635498046875,-0.03720521926879883,2670.691162109375,-0.10156647115945816,0.9948256611824036,88888090
50,0,783.6141967773438,0.0,1102.262451171875,-0.04516283795237541,0.9989796280860901,88888072
50,1,782.8880004882812,0.0,1101.718994140625,-0.04516283795237541,0.9989796280860901,88888072
50,2,782.11572265625,0.0,1102.1947021484375,-0.04516283795237541,0.9989796280860901,88888070
50,3,781.3895263671875,0.0,1101.6512451171875,-0.04516283795237541,0.9989796280860901,88888070
51,0,777.6660766601562,0.0,1139.2855224609375,0.04516283795237541,-0.9989796280860901,88888050
51,1,778.3922729492188,0.0,1139.8289794921875,0.04516283795237541,-0.9989796280860901,88888050
51,2,779.16455078125,0.0,1139.353271484375,0.04516283795237541,-0.9989796280860901,88888050
51,3,779.8907470703125,0.0,1139.896728515625,0.04516283795237541,-0.9989796280860901,88888050
52,0,774.5137329101562,-0.08421667665243149,1824.911376953125,0.7645541429519653,0.6445595026016235,88888031
52,1,773.640380859375,-0.08409258723258972,1825.156005859375,0.7645541429519653,0.6445595026016235,88888031
52,2,773.546875,-0.08421977609395981,1826.0582275390625,0.7645541429519653,0.6445595026016235,88888031
52,3,772.673583984375,-0.08409568667411804,1826.3028564453125,0.7645541429519653,0.6445595026016235,88888031
53,0,785.932861328125,-0.0887918546795845,1840.123291015625,-0.7645541429519653,-0.6445595026016235,88888040
53,1,786.8062133789062,-0.08891594409942627,1839.878662109375,-0.7645541429519653,-0.6445595026016235,88888040
53,2,786.8997192382812,-0.08878875523805618,1838.9764404296875,-0.7645541429519653,-0.6445595026016235,88888040
53,3,787.7730102539062,-0.08891284465789795,1838.7318115234375,-0.7645541429519653,-0.6445595026016235,88888040
54,0,2909.21435546875,0.0012329269666224718,999.9175415039062,0.43919309973716736,0.8983893394470215,88888192
54,1,2908.31689453125,0.002490490209311247,999.7887573242188,0.43919309973716736,0.8983893394470215,88888192
54,2,2907.866943359375,0.0012329155579209328,1000.5763549804688,0.43919309973716736,0.8983893394470215,88888192
54,3,2906.96923828125,0.0024904790334403515,1000.4475708007812,0.43919309973716736,0.8983893394470215,88888192
55,0,2921.5234375,-0.08941292017698288,1034.8184814453125,-0.43919309973716736,-0.8983893394470215,88888190
55,1,2922.4208984375,-0.09067048132419586,1034.947265625,-0.43919309973716736,-0.8983893394470215,88888190
55,2,2922.870849609375,-0.08941291272640228,1034.1597900390625,-0.43919309973716736,-0.8983893394470215,88888190
55,3,2923.7685546875,-0.09067047387361526,1034.2884521484375,-0.43919309973716736,-0.8983893394470215,88888190
56,0,3622.855224609375,0.0,1050.5804443359375,0.9754387140274048,-0.22027122974395752,88888240
56,1,3622.522705078125,0.0,1051.42431640625,0.9754387140274048,-0.22027122974395752,88888240
56,2,3623.185546875,0.0,1052.0435791015625,0.9754387140274048,-0.22027122974395752,88888240
56,3,3622.853271484375,0.0,1052.887451171875,0.9754387140274048,-0.22027122974395752,88888240
57,0,3652.40087890625,0.0,1048.2860107421875,-0.9754387140274048,0.22027122974395752,88888260
57,1,3652.7333984375,0.0,1047.442138671875,-0.9754387140274048,0.22027122974395752,88888260
57,2,3652.070556640625,0.0,1046.8228759765625,-0.9754387140274048,0.22027122974395752,88888260
57,3,3652.40283203125,0.0,1045.97900390625,-0.9754387140274048,0.22027122974395752,88888260
58,0,2289.548095703125,0.0,2592.76611328125,-0.004261612426489592,-0.9999909400939941,88888100
58,1,2290.30029296875,0.0,2593.27294921875,-0.004261612426489592,-0.9999909400939941,88888100
58,2,2291.048095703125,0.0,2592.759765625,-0.004261612426489592,-0.9999909400939941,88888100
58,3,2291.80029296875,0.0,2593.2666015625,-0.004261612426489592,-0.9999909400939941,88888100
59,0,2293.695556640625,0.0,2564.020751953125,0.004261612426489592,0.9999909400939941,88888120
59,1,2292.943359375,0.0,2563.513916015625,0.004261612426489592,0.9999909400939941,88888120
59,2,2292.195556640625,0.0,2564.027099609375,0.004261612426489592,0.9999909400939941,88888120
59,3,2291.443359375,0.0,2563.520263671875,0.004261612426489592,0.9999909400939941,88888120
60,0,1672.582275390625,-0.08351745456457138,2722.2099609375,0.1215614378452301,-0.9925837516784668,88888090
60,1,1673.2646484375,-0.08313748240470886,2722.80712890625,0.1215614378452301,-0.9925837516784668,88888090
60,2,1674.0711669921875,-0.08351746201515198,2722.392333984375,0.1215614378452301,-0.9925837516784668,88888090
60,3,1674.7535400390625,-0.08313748985528946,2722.989501953125,0.1215614378452301,-0.9925837516784668,88888090
61,0,1681.3408203125,-0.11122254282236099,2685.81982421875,-0.1215614378452301,0.9925837516784668,88888090
61,1,1680.658447265625,-0.11160251498222351,2685.22265625,-0.1215614378452301,0.9925837516784668,88888090
61,2,1679.8519287109375,-0.1112225353717804,2685.637451171875,-0.1215614378452301,0.9925837516784668,88888090
61,3,1679.1695556640625,-0.11160250753164291,2685.040283203125,-0.1215614378452301,0.9925837516784668,88888090
62,0,3369.790283203125,0.0,2347.726318359375,-0.32301065325737,0.9463953375816345,88888210
62,1,3369.245361328125,0.0,2347.001220703125,-0.32301065325737,0.9463953375816345,88888210
62,2,3368.370849609375,0.0,2347.24169921875,-0.32301065325737,0.9463953375816345,88888210
62,3,3367.82568359375,0.0,2346.516845703125,-0.32301065325737,0.9463953375816345,88888210
63,0,3356.552978515625,0.0,2373.29052734375,0.32301065325737,-0.9463953375816345,88888200
63,1,3357.097900390625,0.0,2374.015625,0.32301065325737,-0.9463953375816345,88888200
63,2,3357.972412109375,0.0,2373.775146484375,0.32301065325737,-0.9463953375816345,88888200
63,3,3358.517578125,0.0,2374.5,0.32301065325737,-0.9463953375816345,88888200
64,0,3584.179931640625,0.0,1469.5189208984375,0.9913090467453003,-0.1315537691116333,88888230
64,1,3583.77294921875,0.0,1470.32958984375,0.9913090467453003,-0.1315537691116333,88888230
64,2,3584.377197265625,0.0,1471.005859375,0.9913090467453003,-0.1315537691116333,88888230
64,3,3583.97021484375,0.0,1471.8165283203125,0.9913090467453003,-0.1315537691116333,88888230
65,0,3603.274169921875,0.0,1471.2923583984375,-0.9913090467453003,0.1315537691116333,88888240
65,1,3603.68115234375,0.0,1470.481689453125,-0.9913090467453003,0.1315537691116333,88888240
65,2,3603.076904296875,0.0,1469.805419921875,-0.9913090467453003,0.1315537691116333,88888240
65,3,3603.48388671875,0.0,1468.9947509765625,-0.9913090467453003,0.1315537691116333,88888240
66,0,868.0716552734375,0.0,1752.46875,0.6423776149749756,-0.7663882970809937,88888040
66,1,868.3187866210938,0.0,1753.3414306640625,0.6423776149749756,-0.7663882970809937,88888040
66,2,869.2212524414062,0.0,1753.4322509765625,0.6423776149749756,-0.7663882970809937,88888040
66,3,869.4683837890625,0.0,1754.304931640625,0.6423776149749756,-0.7663882970809937,88888040
67,0,880.4517211914062,0.0,1744.3458251953125,-0.6423776149749756,0.7663882970809937,88888040
67,1,880.20458984375,0.0,1743.47314453125,-0.6423776149749756,0.7663882970809937,88888040
67,2,879.3021240234375,0.0,1743.38232421875,-0.6423776149749756,0.7663882970809937,88888040
67,3,879.0549926757812,0.0,1742.5096435546875,-0.6423776149749756,0.7663882970809937,88888040
68,0,1894.33935546875,0.0,2035.4716796875,-0.003989676013588905,0.9999920129776001,88888150
68,1,1893.5914306640625,0.0,2034.9586181640625,-0.003989676013588905,0.9999920129776001,88888150
68,2,1892.83935546875,0.0,2035.4656982421875,-0.003989676013588905,0.9999920129776001,88888150
68,3,1892.0914306640625,0.0,2034.95263671875,-0.003989676013588905,0.9999920129776001,88888150
69,0,1889.9942626953125,0.0,2054.292236328125,0.003989676013588905,-0.9999920129776001,88888120
69,1,1890.7421875,0.0,2054.80517578125,0.003989676013588905,-0.9999920129776001,88888120
69,2,1891.4942626953125,0.0,2054.29833984375,0.003989676013588905,-0.9999920129776001,88888120
69,3,1892.2421875,0.0,2054.811279296875,0.003989676013588905,-0.9999920129776001,88888120
70,0,1138.6964111328125,0.0,2079.46435546875,0.7878682613372803,0.6158438324928284,88888040
70,1,1137.8326416015625,0.0,2079.7412109375,0.7878682613372803,0.6158438324928284,88888040
70,2,1137.772705078125,0.0,2080.646240234375,0.7878682613372803,0.6158438324928284,88888040
70,3,1136.908935546875,0.0,2080.923095703125,0.7878682613372803,0.6158438324928284,88888040
71,0,1144.1142578125,0.0,2089.118896484375,-0.7878682613372803,-0.6158438324928284,88888110
71,1,1144.97802734375,0.0,2088.842041015625,-0.7878682613372803,-0.6158438324928284,88888110
71,2,1145.0379638671875,0.0,2087.93701171875,-0.7878682613372803,-0.6158438324928284,88888110
71,3,1145.9017333984375,0.0,2087.66015625,-0.7878682613372803,-0.6158438324928284,88888110
72,0,2655.381103515625,0.0,1077.5941162109375,0.5041153430938721,0.8636363744735718,88888190
72,1,2654.476318359375,0.0,1077.53173828125,0.5041153430938721,0.8636363744735718,88888190
72,2,2654.085693359375,0.0,1078.350341796875,0.5041153430938721,0.8636363744735718,88888190
72,3,2653.180908203125,0.0,1078.2879638671875,0.5041153430938721,0.8636363744735718,88888190
73,0,2671.249755859375,0.0,1113.25,-0.5041153430938721,-0.8636363744735718,88888190
73,1,2672.154541015625,0.0,1113.3123779296875,-0.5041153430938721,-0.8636363744735718,88888190
73,2,2672.545166015625,0.0,1112.4937744140625,-0.5041153430938721,-0.8636363744735718,88888190
73,3,2673.449951171875,0.0,1112.55615234375,-0.5041153430938721,-0.8636363744735718,88888190
74,0,423.1935729980469,-0.08505890518426895,1781.080078125,-0.3882890045642853,0.921440064907074,88888030
74,1,422.7004699707031,-0.07822202891111374,1780.31884765625,-0.3882890045642853,0.921440064907074,88888030
74,2,421.8113098144531,-0.08506549894809723,1780.49755859375,-0.3882890045642853,0.921440064907074,88888030
74,3,421.31817626953125,-0.07822862267494202,1779.736328125,-0.3882890045642853,0.921440064907074,88888030
75,0,412.00848388671875,-0.0842406377196312,1796.607421875,0.38873088359832764,-0.9213276505470276,88888010
75,1,412.5012512207031,-0.08087615668773651,1797.3687744140625,0.38873088359832764,-0.9213276505470276,88888010
75,2,413.3905029296875,-0.08425379544496536,1797.1905517578125,0.38873088359832764,-0.9213276505470276,88888010
75,3,413.8832702636719,-0.08088931441307068,1797.951904296875,0.38873088359832764,-0.9213276505470276,88888010
76,0,3646.14453125,-0.03613894432783127,2151.151611328125,0.9977656602859497,0.06678196787834167,88888231
76,1,3645.585693359375,-0.037141185253858566,2151.86572265625,0.9977656602859497,0.06678196787834167,88888231
76,2,3646.04443359375,-0.03613144904375076,2152.648193359375,0.9977656602859497,0.06678196787834167,88888231
76,3,3645.485595703125,-0.03713368996977806,2153.3623046875,0.9977656602859497,0.06678196787834167,88888231
77,0,3664.6318359375,0.0009949228260666132,2156.66845703125,-0.9977656602859497,-0.06678196787834167,88888230
77,1,3665.190673828125,0.0019971635192632675,2155.954345703125,-0.9977656602859497,-0.06678196787834167,88888230
77,2,3664.73193359375,0.0009874259121716022,2155.171875,-0.9977656602859497,-0.06678196787834167,88888230
77,3,3665.290771484375,0.0019896666053682566,2154.457763671875,-0.9977656602859497,-0.06678196787834167,88888230
78,0,2631.2197265625,0.0,1631.9791259765625,-0.036101192235946655,-0.9993481636047363,88888181
78,1,2631.987548828125,0.0,1632.4617919921875,-0.036101192235946655,-0.9993481636047363,88888181
78,2,2632.71875,0.0,1631.925048828125,-0.036101192235946655,-0.9993481636047363,88888181
78,3,2633.486572265625,0.0,1632.4075927734375,-0.036101192235946655,-0.9993481636047363,88888181
79,0,2634.44921875,0.0,1603.1033935546875,0.036101192235946655,0.9993481636047363,88888250
79,1,2633.681396484375,0.0,1602.6207275390625,0.036101192235946655,0.9993481636047363,88888250
79,2,2632.9501953125,0.0,1603.157470703125,0.036101192235946655,0.9993481636047363,88888250
79,3,2632.182373046875,0.0,1602.6749267578125,0.036101192235946655,0.9993481636047363,88888250
80,0,2625.549072265625,-0.0009341459372080863,1727.1121826171875,-0.9997285604476929,0.02328813634812832,88888181
80,1,2626.041259765625,-0.001275503309443593,1726.3505859375,-0.9997285604476929,0.02328813634812832,88888181
80,2,2625.51416015625,-0.0009437487460672855,1725.6126708984375,-0.9997285604476929,0.02328813634812832,88888181
80,3,2626.00634765625,-0.0012851060600951314,1724.8509521484375,-0.9997285604476929,0.02328813634812832,88888181
81,0,2593.484619140625,0.02013843134045601,1723.587890625,0.9997285604476929,-0.02328813634812832,88888181
81,1,2592.992431640625,0.02047978900372982,1724.3494873046875,0.9997285604476929,-0.02328813634812832,88888181
81,2,2593.51953125,0.020148035138845444,1725.08740234375,0.9997285604476929,-0.02328813634812832,88888181
81,3,2593.02734375,0.020489390939474106,1725.84912109375,0.9997285604476929,-0.02328813634812832,88888181
82,0,3761.84423828125,0.0,1962.600341796875,0.999726414680481,0.023392021656036377,88888230
82,1,3761.31689453125,0.0,1963.338134765625,0.999726414680481,0.023392021656036377,88888230
82,2,3761.80908203125,0.0,1964.0999755859375,0.999726414680481,0.023392021656036377,88888230
82,3,3761.28173828125,0.0,1964.8377685546875,0.999726414680481,0.023392021656036377,88888230
83,0,3790.466796875,0.0,1967.541259765625,-0.999726414680481,-0.023392021656036377,88888220
83,1,3790.994140625,0.0,1966.803466796875,-0.999726414680481,-0.023392021656036377,88888221
83,2,3790.501953125,0.0,1966.0416259765625,-0.999726414680481,-0.023392021656036377,88888220
83,3,3791.029296875,0.0,1965.3038330078125,-0.999726414680481,-0.023392021656036377,88888221
84,0,3747.686767578125,0.0,2184.360107421875,0.0724063590168953,-0.9973753690719604,88888210
84,1,3748.39794921875,0.0,2184.9228515625,0.0724063590168953,-0.9973753690719604,88888210
84,2,3749.182861328125,0.0,2184.46875,0.0724063590168953,-0.9973753690719604,88888210
84,3,3749.89404296875,0.0,2185.031494140625,0.0724063590168953,-0.9973753690719604,88888210
85,0,3753.310546875,0.0,2165.86474609375,-0.0724063590168953,0.9973753690719604,88888230
85,1,3752.599365234375,0.0,2165.302001953125,-0.0724063590168953,0.9973753690719604,88888230
85,2,3751.814453125,0.0,2165.756103515625,-0.0724063590168953,0.9973753690719604,88888230
85,3,3751.103271484375,0.0,2165.193359375,-0.0724063590168953,0.9973753690719604,88888230
86,0,2571.916748046875,0.0,2473.812744140625,0.006897426676005125,0.9999762177467346,88888130
86,1,2571.163330078125,0.0,2473.307861328125,0.006897426676005125,0.9999762177467346,88888130
86,2,2570.416748046875,0.0,2473.822998046875,0.006897426676005125,0.9999762177467346,88888130
86,3,2569.663330078125,0.0,2473.318115234375,0.006897426676005125,0.9999762177467346,88888130
87,0,2567.776611328125,0.0,2492.68115234375,-0.006897426676005125,-0.9999762177467346,88888100
87,1,2568.530029296875,0.0,2493.18603515625,-0.006897426676005125,-0.9999762177467346,88888100
87,2,2569.276611328125,0.0,2492.6708984375,-0.006897426676005125,-0.9999762177467346,88888100
87,3,2570.030029296875,0.0,2493.17578125,-0.006897426676005125,-0.9999762177467346,88888100
88,0,3868.330078125,0.0,2563.2060546875,-0.8613330125808716,-0.5080410242080688,88888200
88,1,3869.150390625,0.0,2562.819091796875,-0.8613330125808716,-0.5080410242080688,88888200
88,2,3869.09228515625,0.0,2561.9140625,-0.8613330125808716,-0.5080410242080688,88888200
88,3,3869.912353515625,0.0,2561.527099609375,-0.8613330125808716,-0.5080410242080688,88888200
89,0,3838.893310546875,0.0,2540.88623046875,0.8613330125808716,0.5080410242080688,88888200
89,1,3838.072998046875,0.0,2541.273193359375,0.8613330125808716,0.5080410242080688,88888200
89,2,3838.131103515625,0.0,2542.17822265625,0.8613330125808716,0.5080410242080688,88888200
89,3,3837.31103515625,0.0,2542.565185546875,0.8613330125808716,0.5080410242080688,88888200
90,0,3673.20068359375,0.0,2722.10107421875,-0.3228338658809662,-0.9464558362960815,88888200
90,1,3674.0751953125,0.0,2722.341552734375,-0.3228338658809662,-0.9464558362960815,88888200
90,2,3674.620361328125,0.0,2721.616943359375,-0.3228338658809662,-0.9464558362960815,88888200
90,3,3675.494873046875,0.0,2721.857421875,-0.3228338658809662,-0.9464558362960815,88888200
91,0,3665.375244140625,0.0,2685.93212890625,0.3228338658809662,0.9464558362960815,88888200
91,1,3664.500732421875,0.0,2685.691650390625,0.3228338658809662,0.9464558362960815,88888200
91,2,3663.95556640625,0.0,2686.416259765625,0.3228338658809662,0.9464558362960815,88888200
91,3,3663.0810546875,0.0,2686.17578125,0.3228338658809662,0.9464558362960815,88888200
92,0,1044.400634765625,-0.08754579722881317,1371.727783203125,0.014645429328083992,0.9998927712440491,88888061
92,1,1043.643310546875,-0.08754150569438934,1371.2288818359375,0.014645429328083992,0.9998927712440491,88888061
92,2,1042.9007568359375,-0.08754579722881317,1371.749755859375,0.014645429328083992,0.9998927712440491,88888061
92,3,1042.1434326171875,-0.08754150569438934,1371.2508544921875,0.014645429328083992,0.9998927712440491,88888061
93,0,1040.406982421875,-0.08770420402288437,1390.62548828125,-0.014645429328083992,-0.9998927712440491,88888061
93,1,1041.164306640625,-0.0877084955573082,1391.1243896484375,-0.014645429328083992,-0.9998927712440491,88888061
93,2,1041.9068603515625,-0.08770420402288437,1390.603515625,-0.014645429328083992,-0.9998927712440491,88888061
93,3,1042.6641845703125,-0.0877084955573082,1391.1024169921875,-0.014645429328083992,-0.9998927712440491,88888061
94,0,1738.781982421875,0.0,1746.6439208984375,3.081745671806857e-05,1.0,88888170
94,1,1738.031982421875,0.0,1746.134033203125,3.081745671806857e-05,1.0,88888170
94,2,1737.281982421875,0.0,1746.64404296875,3.081745671806857e-05,1.0,88888170
94,3,1736.531982421875,0.0,1746.134033203125,3.081745671806857e-05,1.0,88888170
95,0,1734.5128173828125,0.0,1775.3717041015625,-3.081745671806857e-05,-1.0,88888150
95,1,1735.2628173828125,0.0,1775.881591796875,-3.081745671806857e-05,-1.0,88888150
95,2,1736.0128173828125,0.0,1775.37158203125,-3.081745671806857e-05,-1.0,88888150
95,3,1736.7628173828125,0.0,1775.881591796875,-3.081745671806857e-05,-1.0,88888150
96,0,1470.0506591796875,0.0,2030.5078125,-0.6466349363327026,0.7627996206283569,88888150
96,1,1469.8084716796875,0.0,2029.6337890625,-0.6466349363327026,0.7627996206283569,88888150
96,2,1468.906494140625,0.0,2029.537841796875,-0.6466349363327026,0.7627996206283569,88888150
96,3,1468.6641845703125,0.0,2028.663818359375,-0.6466349363327026,0.7627996206283569,88888150
97,0,1451.19970703125,0.0,2046.1416015625,0.6466349363327026,-0.7627996206283569,88888110
97,1,1451.44189453125,0.0,2047.015625,0.6466349363327026,-0.7627996206283569,88888110
97,2,1452.3438720703125,0.0,2047.111572265625,0.6466349363327026,-0.7627996206283569,88888110
97,3,1452.586181640625,0.0,2047.985595703125,0.6466349363327026,-0.7627996206283569,88888110
98,0,877.5399169921875,0.0011871593305841088,2428.093505859375,0.48426520824432373,-0.8749181628227234,88888020
98,1,877.9491577148438,0.0023980638943612576,2428.903076171875,0.48426520824432373,-0.8749181628227234,88888020
98,2,878.852294921875,0.0011871603783220053,2428.81982421875,0.48426520824432373,-0.8749181628227234,88888020
98,3,879.2615356445312,0.002398064825683832,2429.62939453125,0.48426520824432373,-0.8749181628227234,88888020
99,0,899.0722045898438,-0.08606716245412827,2398.0087890625,-0.48426520824432373,0.8749181628227234,88888020
99,1,898.6629638671875,-0.08727806806564331,2397.19921875,-0.48426520824432373,0.8749181628227234,88888020
99,2,897.7598266601562,-0.08606716245412827,2397.282470703125,-0.48426520824432373,0.8749181628227234,88888020
99,3,897.3505859375,-0.08727806806564331,2396.472900390625,-0.48426520824432373,0.8749181628227234,88888020
100,0,2788.66748046875,-0.07475157082080841,1191.368896484375,-0.47913214564323425,0.8777427673339844,88888190
100,1,2788.25341796875,-0.06897890567779541,1190.5618896484375,-0.47913214564323425,0.8777427673339844,88888190
100,2,2787.350830078125,-0.06320168077945709,1190.650146484375,-0.47913214564323425,0.8777427673339844,88888190
100,3,2786.93701171875,-0.05742902308702469,1189.84326171875,-0.47913214564323425,0.8777427673339844,88888190
101,0,2775.86279296875,-0.06787796318531036,1205.9144287109375,0.4791320860385895,-0.8777428269386292,88888190
101,1,2776.27685546875,-0.06448568403720856,1206.721435546875,0.4791320860385895,-0.8777428269386292,88888190
101,2,2777.179443359375,-0.06109796464443207,1206.6331787109375,0.4791320860385895,-0.8777428269386292,88888190
101,3,2777.59326171875,-0.05770568549633026,1207.4400634765625,0.4791320860385895,-0.8777428269386292,88888190
102,0,607.7393798828125,0.0,1374.4378662109375,0.9954242706298828,0.09555447101593018,88888050
102,1,607.1600341796875,0.0,1375.1357421875,0.9954242706298828,0.09555447101593018,88888050
102,2,607.5960693359375,0.0,1375.9310302734375,0.9954242706298828,0.09555447101593018,88888050
102,3,607.0167236328125,0.0,1376.62890625,0.9954242706298828,0.09555447101593018,88888050
103,0,658.7504272460938,0.0,1383.6241455078125,-0.9954242706298828,-0.09555447101593018,88888050
103,1,659.3297729492188,0.0,1382.92626953125,-0.9954242706298828,-0.09555447101593018,88888050
103,2,658.8937377929688,0.0,1382.1309814453125,-0.9954242706298828,-0.09555447101593018,88888050
103,3,659.4730834960938,0.0,1381.43310546875,-0.9954242706298828,-0.09555447101593018,88888050
104,0,1177.7366943359375,0.0,2033.3980712890625,0.7637585401535034,0.6455020904541016,88888040
104,1,1176.863037109375,0.0,2033.6416015625,0.7637585401535034,0.6455020904541016,88888040
104,2,1176.7684326171875,0.0,2034.543701171875,0.7637585401535034,0.6455020904541016,88888040
104,3,1175.894775390625,0.0,2034.787353515625,0.7637585401535034,0.6455020904541016,88888040
105,0,1182.781982421875,0.0,2043.2530517578125,-0.7637585401535034,-0.6455020904541016,88888110
105,1,1183.6556396484375,0.0,2043.009521484375,-0.7637585401535034,-0.6455020904541016,88888110
105,2,1183.750244140625,0.0,2042.107421875,-0.7637585401535034,-0.6455020904541016,88888110
105,3,1184.6239013671875,0.0,2041.86376953125,-0.7637585401535034,-0.6455020904541016,88888110
106,0,3113.991943359375,0.0,2240.835205078125,0.9866631031036377,-0.16277647018432617,88888140
106,1,3113.61083984375,0.0,2241.658203125,0.9866631031036377,-0.16277647018432617,88888140
106,2,3114.236083984375,0.0,2242.315185546875,0.9866631031036377,-0.16277647018432617,88888140
106,3,3113.85498046875,0.0,2243.13818359375,0.9866631031036377,-0.16277647018432617,88888140
107,0,3143.024169921875,0.0,2240.373291015625,-0.9866631031036377,0.16277647018432617,88888210
107,1,3143.4052734375,0.0,2239.55029296875,-0.9866631031036377,0.16277647018432617,88888210
107,2,3142.780029296875,0.0,2238.893310546875,-0.9866631031036377,0.16277647018432617,88888210
107,3,3143.1611328125,0.0,2238.0703125,-0.9866631031036377,0.16277647018432617,88888210
108,0,1834.1995849609375,0.0,2213.911865234375,-0.999957799911499,0.009187102317810059,88888120
108,1,1834.70263671875,0.0,2213.1572265625,-0.999957799911499,0.009187102317810059,88888120
108,2,1834.185791015625,0.0,2212.411865234375,-0.999957799911499,0.009187102317810059,88888120
108,3,1834.6888427734375,0.0,2211.6572265625,-0.999957799911499,0.009187102317810059,88888120
109,0,1815.5950927734375,0.0,2209.8125,0.999957799911499,-0.009187102317810059,88888110
109,1,1815.092041015625,0.0,2210.567138671875,0.999957799911499,-0.009187102317810059,88888110
109,2,1815.60888671875,0.0,2211.3125,0.999957799911499,-0.009187102317810059,88888110
109,3,1815.1058349609375,0.0,2212.067138671875,0.999957799911499,-0.009187102317810059,88888110
110,0,4126.6435546875,0.0,1783.3687744140625,-0.9711791276931763,-0.2383509874343872,88888220
110,1,4127.3173828125,0.0,1782.761962890625,-0.9711791276931763,-0.2383509874343872,88888220
110,2,4127.0009765625,0.0,1781.9119873046875,-0.9711791276931763,-0.2383509874343872,88888220
110,3,4127.6748046875,0.0,1781.30517578125,-0.9711791276931763,-0.2383509874343872,88888220
111,0,4091.929443359375,0.0,1770.452392578125,0.9711791276931763,0.2383509874343872,88888220
111,1,4091.25537109375,0.0,1771.0592041015625,0.9711791276931763,0.2383509874343872,88888220
111,2,4091.572021484375,0.0,1771.9091796875,0.9711791276931763,0.2383509874343872,88888220
111,3,4090.89794921875,0.0,1772.5159912109375,0.9711791276931763,0.2383509874343872,88888220
112,0,999.5224609375,0.02951253205537796,1286.537841796875,-0.6694254875183105,0.7428781390190125,88888070
112,1,999.3067626953125,0.031564291566610336,1285.6568603515625,-0.6694254875183105,0.7428781390190125,88888070
112,2,998.4081420898438,0.03232800215482712,1285.53369140625,-0.6694254875183105,0.7428781390190125,88888070
113,0,977.9811401367188,-0.0034763310104608536,1305.55810546875,0.6694255471229553,-0.7428780794143677,88888060
113,1,978.1968383789062,-0.004118090495467186,1306.4390869140625,0.6694255471229553,-0.7428780794143677,88888060
113,2,979.095458984375,-0.0034718012902885675,1306.562255859375,0.6694255471229553,-0.7428780794143677,88888060
114,0,3452.88330078125,0.04198649898171425,2157.341064453125,-0.9982846975326538,0.05849991366267204,88888231
114,1,3453.348388671875,0.04318026825785637,2156.5625,-0.9982846975326538,0.05849991366267204,88888231
114,2,3452.79541015625,0.04199011251330376,2155.84375,-0.9982846975326538,0.05849991366267204,88888231
114,3,3453.260498046875,0.04318387806415558,2155.065185546875,-0.9982846975326538,0.05849991366267204,88888231
115,0,3434.19970703125,-0.0011603989405557513,2154.15869140625,0.9982846975326538,-0.05849991366267204,88888230
115,1,3433.734619140625,-0.0023541664704680443,2154.937255859375,0.9982846975326538,-0.05849991366267204,88888230
115,2,3434.28759765625,-0.0011640111915767193,2155.656005859375,0.9982846975326538,-0.05849991366267204,88888230
115,3,3433.822509765625,-0.0023577786050736904,2156.4345703125,0.9982846975326538,-0.05849991366267204,88888230
116,0,1461.50390625,0.0,1418.6824951171875,0.789192795753479,0.6141455173492432,88888071
116,1,1460.640869140625,0.0,1418.961181640625,0.789192795753479,0.6141455173492432,88888071
116,2,1460.582763671875,0.0,1419.8663330078125,0.789192795753479,0.6141455173492432,88888071
116,3,1459.7196044921875,0.0,1420.1448974609375,0.789192795753479,0.6141455173492432,88888071
117,0,1473.6326904296875,0.0,1433.5316162109375,-0.789192795753479,-0.6141455173492432,88888070
117,1,1474.4957275390625,0.0,1433.2529296875,-0.789192795753479,-0.6141455173492432,88888070
117,2,1474.5538330078125,0.0,1432.3477783203125,-0.789192795753479,-0.6141455173492432,88888070
117,3,1475.4169921875,0.0,1432.0692138671875,-0.789192795753479,-0.6141455173492432,88888070
118,0,764.4627685546875,0.0,1672.010986328125,0.7694851160049438,0.638664722442627,88888030
118,1,763.59130859375,0.0,1672.2623291015625,0.7694851160049438,0.638664722442627,88888030
118,2,763.5048217773438,0.0,1673.1651611328125,0.7694851160049438,0.638664722442627,88888030
118,3,762.6333618164062,0.0,1673.4166259765625,0.7694851160049438,0.638664722442627,88888030
119,0,772.7244262695312,0.0,1684.4171142578125,-0.7694851160049438,-0.638664722442627,88888040
119,1,773.5958862304688,0.0,1684.165771484375,-0.7694851160049438,-0.638664722442627,88888040
119,2,773.682373046875,0.0,1683.262939453125,-0.7694851160049438,-0.638664722442627,88888040
119,3,774.5538330078125,0.0,1683.011474609375,-0.7694851160049438,-0.638664722442627,88888040
120,0,3323.58447265625,0.0,1685.0521240234375,0.18072837591171265,0.9835330247879028,88888232
120,1,3322.754638671875,0.0,1684.68603515625,0.18072837591171265,0.9835330247879028,88888232
120,2,3322.109130859375,0.0,1685.3232421875,0.18072837591171265,0.9835330247879028,88888232
120,3,3321.279296875,0.0,1684.9571533203125,0.18072837591171265,0.9835330247879028,88888232
121,0,3324.5810546875,0.0,1714.102783203125,-0.18072837591171265,-0.9835330247879028,88888232
121,1,3325.410888671875,0.0,1714.4688720703125,-0.18072837591171265,-0.9835330247879028,88888232
121,2,3326.056396484375,0.0,1713.8316650390625,-0.18072837591171265,-0.9835330247879028,88888232
121,3,3326.88623046875,0.0,1714.19775390625,-0.18072837591171265,-0.9835330247879028,88888232
122,0,3632.422607421875,0.0007659158436581492,1806.286376953125,0.9921764731407166,-0.12484371662139893,88888231
122,1,3632.01025390625,0.0007965496624819934,1807.09423828125,0.9921764731407166,-0.12484371662139893,88888231
122,2,3632.60986328125,0.0007831071852706373,1807.774658203125,0.9921764731407166,-0.12484371662139893,88888231
122,3,3632.197509765625,0.0008137410623021424,1808.58251953125,0.9921764731407166,-0.12484371662139893,88888231
123,0,3651.627685546875,1.6411049728048965e-06,1808.173583984375,-0.9921764731407166,0.12484371662139893,88888230
123,1,3652.0400390625,-2.8992773877689615e-05,1807.36572265625,-0.9921764731407166,0.12484371662139893,88888230
123,2,3651.4404296875,-1.5550278476439416e-05,1806.685302734375,-0.9921764731407166,0.12484371662139893,88888230
123,3,3651.852783203125,-4.6184155507944524e-05,1805.87744140625,-0.9921764731407166,0.12484371662139893,88888230
124,0,1897.9251708984375,0.0,2512.49609375,0.9999903440475464,0.004392802715301514,88888090
124,1,1897.411865234375,0.0,2513.243896484375,0.9999903440475464,0.004392802715301514,88888090
124,2,1897.9185791015625,0.0,2513.99609375,0.9999903440475464,0.004392802715301514,88888090
124,3,1897.4052734375,0.0,2514.743896484375,0.9999903440475464,0.004392802715301514,88888090
125,0,1926.6395263671875,0.0,2516.892333984375,-0.9999903440475464,-0.004392802715301514,88888120
125,1,1927.15283203125,0.0,2516.14453125,-0.9999903440475464,-0.004392802715301514,88888120
125,2,1926.6461181640625,0.0,2515.392333984375,-0.9999903440475464,-0.004392802715301514,88888120
125,3,1927.159423828125,0.0,2514.64453125,-0.9999903440475464,-0.004392802715301514,88888120
126,0,3633.4482421875,-0.03614415228366852,2162.560302734375,0.0039576380513608456,0.9999902248382568,88888231
126,1,3632.6962890625,-0.03715343773365021,2162.053466796875,0.0039576380513608456,0.9999902248382568,88888231
126,2,3631.9482421875,-0.036138277500867844,2162.56640625,0.0039576380513608456,0.9999902248382568,88888231
126,3,3631.1962890625,-0.03714756295084953,2162.059326171875,0.0039576380513608456,0.9999902248382568,88888231
127,0,3629.252197265625,0.0009973188862204552,2181.2822265625,-0.0039576380513608456,-0.9999902248382568,88888210
127,1,3630.004150390625,0.0020066043362021446,2181.7890625,-0.0039576380513608456,-0.9999902248382568,88888210
127,2,3630.752197265625,0.000991445267572999,2181.276123046875,-0.0039576380513608456,-0.9999902248382568,88888210
127,3,3631.504150390625,0.002000730950385332,2181.783203125,-0.0039576380513608456,-0.9999902248382568,88888210
128,0,2298.952392578125,0.0,2743.679443359375,-0.252133309841156,-0.967692494392395,88888100
128,1,2299.806640625,0.0,2743.983642578125,-0.252133309841156,-0.967692494392395,88888100
128,2,2300.40380859375,0.0,2743.30126953125,-0.252133309841156,-0.967692494392395,88888100
128,3,2301.25830078125,0.0,2743.60546875,-0.252133309841156,-0.967692494392395,88888100
129,0,2293.81005859375,0.0,2707.007568359375,0.252133309841156,0.967692494392395,88888100
129,1,2292.955810546875,0.0,2706.703369140625,0.252133309841156,0.967692494392395,88888100
129,2,2292.358642578125,0.0,2707.3857421875,0.252133309841156,0.967692494392395,88888100
129,3,2291.504150390625,0.0,2707.08154296875,0.252133309841156,0.967692494392395,88888100
130,0,3438.22412109375,-0.03600948303937912,1814.49072265625,-0.07554827630519867,-0.9971402883529663,88888231
130,1,3439.010498046875,-0.037013500928878784,1814.942626953125,-0.07554827630519867,-0.9971402883529663,88888231
130,2,3439.7197265625,-0.036018259823322296,1814.37744140625,-0.07554827630519867,-0.9971402883529663,88888231
130,3,3440.50634765625,-0.03702227771282196,1814.829345703125,-0.07554827630519867,-0.9971402883529663,88888231
131,0,3441.0556640625,0.0009655888425186276,1795.34521484375,0.07554827630519867,0.9971402883529663,88888230
131,1,3440.269287109375,0.001969604752957821,1794.893310546875,0.07554827630519867,0.9971402883529663,88888230
131,2,3439.56005859375,0.0009743644041009247,1795.45849609375,0.07554827630519867,0.9971402883529663,88888230
131,3,3438.7734375,0.001978380372747779,1795.006591796875,0.07554827630519867,0.9971402883529663,88888230
132,0,2142.947509765625,0.0,2025.098388671875,0.9999999403953552,0.0001163482666015625,88888150
132,1,2142.4375,0.0,2025.848388671875,0.9999999403953552,0.0001163482666015625,88888150
132,2,2142.947265625,0.0,2026.598388671875,0.9999999403953552,0.0001163482666015625,88888150
132,3,2142.437255859375,0.0,2027.348388671875,0.9999999403953552,0.0001163482666015625,88888150
133,0,2161.782958984375,0.0,2029.3704833984375,-0.9999999403953552,-0.0001163482666015625,88888150
133,1,2162.29296875,0.0,2028.6204833984375,-0.9999999403953552,-0.0001163482666015625,88888150
133,2,2161.783203125,0.0,2027.8704833984375,-0.9999999403953552,-0.0001163482666015625,88888150
133,3,2162.293212890625,0.0,2027.1204833984375,-0.9999999403953552,-0.0001163482666015625,88888150
134,0,3202.65673828125,0.0,1176.5833740234375,0.9722281694412231,-0.23403513431549072,88888190
134,1,3202.33642578125,0.0,1177.431884765625,0.9722281694412231,-0.23403513431549072,88888190
134,2,3203.0078125,0.0,1178.041748046875,0.9722281694412231,-0.23403513431549072,88888190
134,3,3202.6875,0.0,1178.8902587890625,0.9722281694412231,-0.23403513431549072,88888190
135,0,3222.275146484375,0.0,1176.252685546875,-0.9722281694412231,0.23403513431549072,88888250
135,1,3222.595458984375,0.0,1175.4041748046875,-0.9722281694412231,0.23403513431549072,88888250
135,2,3221.924072265625,0.0,1174.7943115234375,-0.9722281694412231,0.23403513431549072,88888250
135,3,3222.244384765625,0.0,1173.94580078125,-0.9722281694412231,0.23403513431549072,88888250
136,0,3738.244140625,0.0,2323.198974609375,0.980565071105957,0.1961941123008728,88888210
136,1,3737.596923828125,0.0,2323.834228515625,0.980565071105957,0.1961941123008728,88888210
136,2,3737.94970703125,0.0,2324.669921875,0.980565071105957,0.1961941123008728,88888210
136,3,3737.302734375,0.0,2325.30517578125,0.980565071105957,0.1961941123008728,88888210
137,0,3765.554443359375,0.0,2333.01806640625,-0.980565071105957,-0.1961941123008728,88888221
137,1,3766.20166015625,0.0,2332.3828125,-0.980565071105957,-0.1961941123008728,88888220
137,2,3765.848876953125,0.0,2331.547119140625,-0.980565071105957,-0.1961941123008728,88888220
137,3,3766.495849609375,0.0,2330.911865234375,-0.980565071105957,-0.1961941123008728,88888220
138,0,2943.280517578125,0.0,1348.297119140625,0.9999978542327881,-0.0020711421966552734,88888190
138,1,2942.77197265625,0.0,1349.0482177734375,0.9999978542327881,-0.0020711421966552734,88888190
138,2,2943.28369140625,0.0,1349.797119140625,0.9999978542327881,-0.0020711421966552734,88888190
138,3,2942.775146484375,0.0,1350.5482177734375,0.9999978542327881,-0.0020711421966552734,88888190
139,0,2962.975341796875,0.0,1352.5264892578125,-0.9999978542327881,0.0020711421966552734,88888190
139,1,2963.48388671875,0.0,1351.775390625,-0.9999978542327881,0.0020711421966552734,88888190
139,2,2962.97216796875,0.0,1351.0264892578125,-0.9999978542327881,0.0020711421966552734,88888190
139,3,2963.480712890625,0.0,1350.275390625,-0.9999978542327881,0.0020711421966552734,88888190
140,0,1543.8497314453125,-0.08916771411895752,1282.3173828125,0.9809432029724121,0.19429486989974976,88888071
140,1,1543.2037353515625,-0.08922186493873596,1282.9539794921875,0.9809432029724121,0.19429486989974976,88888071
140,2,1543.558349609375,-0.08916530013084412,1283.788818359375,0.9809432029724121,0.19429486989974976,88888071
140,3,1542.912353515625,-0.08921944350004196,1284.4254150390625,0.9809432029724121,0.19429486989974976,88888071
141,0,1561.8953857421875,-0.08707229048013687,1290.2447509765625,-0.9809432029724121,-0.19429486989974976,88888070
141,1,1562.5413818359375,-0.08701813966035843,1289.608154296875,-0.9809432029724121,-0.19429486989974976,88888070
141,2,1562.186767578125,-0.08707470446825027,1288.7733154296875,-0.9809432029724121,-0.19429486989974976,88888070
141,3,1562.832763671875,-0.08702056109905243,1288.13671875,-0.9809432029724121,-0.19429486989974976,88888070
142,0,2161.61572265625,0.0,2594.724365234375,0.006320296321064234,-0.9999799728393555,88888100
142,1,2162.362548828125,0.0,2595.239013671875,0.006320296321064234,-0.9999799728393555,88888100
142,2,2163.11572265625,0.0,2594.73388671875,0.006320296321064234,-0.9999799728393555,88888100
142,3,2163.862548828125,0.0,2595.24853515625,0.006320296321064234,-0.9999799728393555,88888100
143,0,2166.0673828125,0.0,2566.016845703125,-0.006320296321064234,0.9999799728393555,88888120
143,1,2165.320556640625,0.0,2565.502197265625,-0.006320296321064234,0.9999799728393555,88888120
143,2,2164.5673828125,0.0,2566.00732421875,-0.006320296321064234,0.9999799728393555,88888120
143,3,2163.820556640625,0.0,2565.49267578125,-0.006320296321064234,0.9999799728393555,88888120
144,0,2428.40380859375,0.0,2026.567626953125,0.9978090524673462,0.0661616325378418,88888160
144,1,2427.84521484375,0.0,2027.2823486328125,0.9978090524673462,0.0661616325378418,88888160
144,2,2428.304443359375,0.0,2028.0643310546875,0.9978090524673462,0.0661616325378418,88888160
144,3,2427.74609375,0.0,2028.779052734375,0.9978090524673462,0.0661616325378418,88888160
145,0,2446.947265625,0.0,2032.07666015625,-0.9978090524673462,-0.0661616325378418,88888160
145,1,2447.505859375,0.0,2031.3619384765625,-0.9978090524673462,-0.0661616325378418,88888160
145,2,2447.046630859375,0.0,2030.5799560546875,-0.9978090524673462,-0.0661616325378418,88888160
145,3,2447.60498046875,0.0,2029.865234375,-0.9978090524673462,-0.0661616325378418,88888160
146,0,3161.53173828125,0.0,2271.0224609375,0.001982475398108363,0.9999980330467224,88888210
146,1,3160.78076171875,0.0,2270.513916015625,0.001982475398108363,0.9999980330467224,88888210
146,2,3160.03173828125,0.0,2271.025390625,0.001982475398108363,0.9999980330467224,88888210
146,3,3159.28076171875,0.0,2270.516845703125,0.001982475398108363,0.9999980330467224,88888210
147,0,3157.322509765625,0.0,2301.70947265625,-0.001982475398108363,-0.9999980330467224,88888200
147,1,3158.073486328125,0.0,2302.218017578125,-0.001982475398108363,-0.9999980330467224,88888200
147,2,3158.822509765625,0.0,2301.70654296875,-0.001982475398108363,-0.9999980330467224,88888200
147,3,3159.573486328125,0.0,2302.215087890625,-0.001982475398108363,-0.9999980330467224,88888200
148,0,1313.1265869140625,0.0,1599.581787109375,0.7847989201545715,0.6197504997253418,88888061
148,1,1312.2615966796875,0.0,1599.8543701171875,0.7847989201545715,0.6197504997253418,88888061
148,2,1312.197021484375,0.0,1600.759033203125,0.7847989201545715,0.6197504997253418,88888061
148,3,1311.3319091796875,0.0,1601.031494140625,0.7847989201545715,0.6197504997253418,88888061
149,0,1325.2764892578125,0.0,1614.6170654296875,-0.7847989201545715,-0.6197504997253418,88888061
149,1,1326.1414794921875,0.0,1614.344482421875,-0.7847989201545715,-0.6197504997253418,88888061
149,2,1326.2060546875,0.0,1613.4398193359375,-0.7847989201545715,-0.6197504997253418,88888061
149,3,1327.0711669921875,0.0,1613.1673583984375,-0.7847989201545715,-0.6197504997253418,88888061
150,0,3183.005615234375,0.0,1921.216064453125,0.17403319478034973,0.9847397804260254,88888230
150,1,3182.177978515625,0.0,1920.8443603515625,0.17403319478034973,0.9847397804260254,88888230
150,2,3181.5283203125,0.0,1921.4771728515625,0.17403319478034973,0.9847397804260254,88888230
150,3,3180.700927734375,0.0,1921.10546875,0.17403319478034973,0.9847397804260254,88888230
151,0,3182.07958984375,0.0,1940.5142822265625,-0.17403319478034973,-0.9847397804260254,88888230
151,1,3182.9072265625,0.0,1940.885986328125,-0.17403319478034973,-0.9847397804260254,88888230
151,2,3183.556884765625,0.0,1940.253173828125,-0.17403319478034973,-0.9847397804260254,88888230
151,3,3184.38427734375,0.0,1940.6248779296875,-0.17403319478034973,-0.9847397804260254,88888230
152,0,1932.49072265625,0.0,2054.435546875,-4.1068884456763044e-05,-1.0,88888120
152,1,1933.24072265625,0.0,2054.945556640625,-4.1068884456763044e-05,-1.0,88888120
152,2,1933.99072265625,0.0,2054.435546875,-4.1068884456763044e-05,-1.0,88888120
152,3,1934.74072265625,0.0,2054.945556640625,-4.1068884456763044e-05,-1.0,88888120
153,0,1936.760009765625,0.0,2035.6014404296875,4.1068884456763044e-05,1.0,88888150
153,1,1936.010009765625,0.0,2035.091552734375,4.1068884456763044e-05,1.0,88888150
153,2,1935.260009765625,0.0,2035.6015625,4.1068884456763044e-05,1.0,88888150
153,3,1934.510009765625,0.0,2035.091552734375,4.1068884456763044e-05,1.0,88888150
154,0,2428.755859375,0.0,1829.7093505859375,0.999997615814209,0.002237260341644287,88888160
154,1,2428.244140625,0.0,1830.458251953125,0.999997615814209,0.002237260341644287,88888160
154,2,2428.75244140625,0.0,1831.2093505859375,0.999997615814209,0.002237260341644287,88888160
154,3,2428.24072265625,0.0,1831.958251953125,0.999997615814209,0.002237260341644287,88888160
155,0,2447.859130859375,0.0,1834.0220947265625,-0.999997615814209,-0.002237260341644287,88888160
155,1,2448.370849609375,0.0,1833.273193359375,-0.999997615814209,-0.002237260341644287,88888160
155,2,2447.862548828125,0.0,1832.5220947265625,-0.999997615814209,-0.002237260341644287,88888160
155,3,2448.374267578125,0.0,1831.773193359375,-0.999997615814209,-0.002237260341644287,88888160
156,0,4016.44580078125,0.0,2204.8837890625,-0.9554038047790527,-0.29530298709869385,88888220
156,1,4017.154541015625,0.0,2204.31787109375,-0.9554038047790527,-0.29530298709869385,88888220
156,2,4016.888671875,0.0,2203.45068359375,-0.9554038047790527,-0.29530298709869385,88888220
156,3,4017.597412109375,0.0,2202.884765625,-0.9554038047790527,-0.29530298709869385,88888220
157,0,3982.707275390625,0.0,2189.986328125,0.9554038047790527,0.29530298709869385,88888220
157,1,3981.99853515625,0.0,2190.55224609375,0.9554038047790527,0.29530298709869385,88888220
157,2,3982.264404296875,0.0,2191.41943359375,0.9554038047790527,0.29530298709869385,88888220
157,3,3981.5556640625,0.0,2191.9853515625,0.9554038047790527,0.29530298709869385,88888220
158,0,3573.035888671875,0.0,689.56982421875,0.42333388328552246,0.9059737324714661,88888261
158,1,3572.140625,0.0,689.42529296875,0.42333388328552246,0.9059737324714661,88888261
158,2,3571.6767578125,0.0,690.204833984375,0.42333388328552246,0.9059737324714661,88888261
158,3,3570.781494140625,0.0,690.060302734375,0.42333388328552246,0.9059737324714661,88888261
159,0,3584.702880859375,0.0,724.6251831054688,-0.42333388328552246,-0.9059737324714661,88888261
159,1,3585.59814453125,0.0,724.7697143554688,-0.42333388328552246,-0.9059737324714661,88888261
159,2,3586.06201171875,0.0,723.9901733398438,-0.42333388328552246,-0.9059737324714661,88888261
159,3,3586.957275390625,0.0,724.1347045898438,-0.42333388328552246,-0.9059737324714661,88888261
160,0,1705.1126708984375,-0.08681467920541763,2726.128662109375,0.12144137173891068,-0.9925987720489502,88888090
160,1,1705.795166015625,-0.08703364431858063,2726.725830078125,0.12144137173891068,-0.9925987720489502,88888090
160,2,1706.6015625,-0.08681467175483704,2726.310791015625,0.12144137173891068,-0.9925987720489502,88888090
160,3,1707.2840576171875,-0.08703363686800003,2726.907958984375,0.12144137173891068,-0.9925987720489502,88888090
161,0,1713.7943115234375,-0.07110531628131866,2690.32861328125,-0.12144137173891068,0.9925987720489502,88888090
161,1,1713.11181640625,-0.07088635116815567,2689.7314453125,-0.12144137173891068,0.9925987720489502,88888090
161,2,1712.305419921875,-0.07110532373189926,2690.146484375,-0.12144137173891068,0.9925987720489502,88888090
161,3,1711.6229248046875,-0.07088635861873627,2689.54931640625,-0.12144137173891068,0.9925987720489502,88888090
162,0,988.3001708984375,0.0,1959.4859619140625,-0.6591626405715942,0.7520003914833069,88888040
162,1,988.0723266601562,0.0,1958.6080322265625,-0.6591626405715942,0.7520003914833069,88888040
162,2,987.1721801757812,0.0,1958.4971923828125,-0.6591626405715942,0.7520003914833069,88888040
162,3,986.9443359375,0.0,1957.6192626953125,-0.6591626405715942,0.7520003914833069,88888040
163,0,966.1439208984375,0.0,1978.28466796875,0.6591626405715942,-0.7520003914833069,88888040
163,1,966.3717651367188,0.0,1979.16259765625,0.6591626405715942,-0.7520003914833069,88888040
163,2,967.2719116210938,0.0,1979.2734375,0.6591626405715942,-0.7520003914833069,88888040
163,3,967.499755859375,0.0,1980.1513671875,0.6591626405715942,-0.7520003914833069,88888040
164,0,2298.505859375,0.0,2502.910400390625,0.999957263469696,-0.009251952171325684,88888120
164,1,2298.0029296875,0.0,2503.6650390625,0.999957263469696,-0.009251952171325684,88888120
164,2,2298.519775390625,0.0,2504.410400390625,0.999957263469696,-0.009251952171325684,88888120
164,3,2298.0166015625,0.0,2505.1650390625,0.999957263469696,-0.009251952171325684,88888120
165,0,2317.383056640625,0.0,2507.006103515625,-0.999957263469696,0.009251952171325684,88888100
165,1,2317.885986328125,0.0,2506.25146484375,-0.999957263469696,0.009251952171325684,88888100
165,2,2317.369140625,0.0,2505.506103515625,-0.999957263469696,0.009251952171325684,88888100
165,3,2317.872314453125,0.0,2504.75146484375,-0.999957263469696,0.009251952171325684,88888100
166,0,1206.5966796875,0.0,1809.21484375,-0.6199239492416382,0.7846619486808777,88888060
166,1,1206.3243408203125,0.0,1808.349853515625,-0.6199239492416382,0.7846619486808777,88888060
166,2,1205.419677734375,0.0,1808.2850341796875,-0.6199239492416382,0.7846619486808777,88888060
166,3,1205.1473388671875,0.0,1807.419921875,-0.6199239492416382,0.7846619486808777,88888060
167,0,1185.4071044921875,0.0,1829.1474609375,0.6199239492416382,-0.7846619486808777,88888040
167,1,1185.679443359375,0.0,1830.012451171875,0.6199239492416382,-0.7846619486808777,88888040
167,2,1186.5841064453125,0.0,1830.0772705078125,0.6199239492416382,-0.7846619486808777,88888040
167,3,1186.8564453125,0.0,1830.9423828125,0.6199239492416382,-0.7846619486808777,88888040
168,0,3422.28955078125,0.0,2180.95849609375,0.16987895965576172,-0.9854650497436523,88888210
168,1,3422.94189453125,0.0,2181.588623046875,0.16987895965576172,-0.9854650497436523,88888210
168,2,3423.767822265625,0.0,2181.21337890625,0.16987895965576172,-0.9854650497436523,88888210
168,3,3424.420166015625,0.0,2181.843505859375,0.16987895965576172,-0.9854650497436523,88888210
169,0,3429.697509765625,0.0,2163.12158203125,-0.16987895965576172,0.9854650497436523,88888230
169,1,3429.045166015625,0.0,2162.491455078125,-0.16987895965576172,0.9854650497436523,88888230
169,2,3428.21923828125,0.0,2162.86669921875,-0.16987895965576172,0.9854650497436523,88888230
169,3,3427.56689453125,0.0,2162.236572265625,-0.16987895965576172,0.9854650497436523,88888230
170,0,1383.6517333984375,0.03560706973075867,2246.744873046875,0.18385598063468933,-0.9827569723129272,88888081
170,1,1384.2952880859375,0.04562409967184067,2247.384033203125,0.18385598063468933,-0.9827569723129272,88888081
170,2,1385.126220703125,0.03559847176074982,2247.020751953125,0.18385598063468933,-0.9827569723129272,88888081
170,3,1385.7696533203125,0.04561550170183182,2247.659912109375,0.18385598063468933,-0.9827569723129272,88888081
171,0,1384.006591796875,0.0,2216.107421875,0.14326289296150208,0.9896848201751709,88888110
171,1,1383.191162109375,0.0,2215.710205078125,0.14326289296150208,0.9896848201751709,88888110
171,2,1382.52197265625,0.0,2216.322265625,0.14326289296150208,0.9896848201751709,88888110
171,3,1381.7066650390625,0.0,2215.925048828125,0.14326289296150208,0.9896848201751709,88888110
172,0,2940.49658203125,0.0,1387.372314453125,-0.2506338357925415,-0.9680823087692261,88888250
172,1,2941.3505859375,0.0,1387.6781005859375,-0.2506338357925415,-0.9680823087692261,88888250
172,2,2941.94873046875,0.0,1386.996337890625,-0.2506338357925415,-0.9680823087692261,88888250
172,3,2942.802734375,0.0,1387.3021240234375,-0.2506338357925415,-0.9680823087692261,88888250
173,0,2937.19580078125,0.0,1357.585205078125,0.2506338357925415,0.9680823087692261,88888190
173,1,2936.341796875,0.0,1357.2794189453125,0.2506338357925415,0.9680823087692261,88888190
173,2,2935.74365234375,0.0,1357.961181640625,0.2506338357925415,0.9680823087692261,88888190
173,3,2934.8896484375,0.0,1357.6553955078125,0.2506338357925415,0.9680823087692261,88888190
174,0,1296.47705078125,0.0,1353.5072021484375,0.9091209769248962,0.4165322780609131,88888070
174,1,1295.7010498046875,0.0,1353.9765625,0.9091209769248962,0.4165322780609131,88888070
174,2,1295.852294921875,0.0,1354.870849609375,0.9091209769248962,0.4165322780609131,88888070
174,3,1295.0762939453125,0.0,1355.3402099609375,0.9091209769248962,0.4165322780609131,88888070
175,0,1312.6109619140625,0.0,1365.595947265625,-0.9091209769248962,-0.4165322780609131,88888071
175,1,1313.386962890625,0.0,1365.1265869140625,-0.9091209769248962,-0.4165322780609131,88888071
175,2,1313.2357177734375,0.0,1364.2322998046875,-0.9091209769248962,-0.4165322780609131,88888071
175,3,1314.01171875,0.0,1363.762939453125,-0.9091209769248962,-0.4165322780609131,88888071
176,0,2507.052978515625,0.0,1379.7886962890625,0.9997043609619141,0.024314284324645996,88888250
176,1,2506.52490234375,0.0,1380.5260009765625,0.9997043609619141,0.024314284324645996,88888250
176,2,2507.016357421875,0.0,1381.288330078125,0.9997043609619141,0.024314284324645996,88888250
176,3,2506.488525390625,0.0,1382.025634765625,0.9997043609619141,0.024314284324645996,88888250
177,0,2525.5703125,0.0,1384.510498046875,-0.9997043609619141,-0.024314284324645996,88888250
177,1,2526.098388671875,0.0,1383.773193359375,-0.9997043609619141,-0.024314284324645996,88888250
177,2,2525.60693359375,0.0,1383.0108642578125,-0.9997043609619141,-0.024314284324645996,88888250
177,3,2526.134765625,0.0,1382.2735595703125,-0.9997043609619141,-0.024314284324645996,88888250
178,0,1292.4288330078125,-0.10628010332584381,1348.7806396484375,0.515644371509552,-0.8568028211593628,88888070
178,1,1292.8084716796875,-0.10628010332584381,1349.6043701171875,0.515644371509552,-0.8568028211593628,88888070
178,2,1293.7139892578125,-0.10628010332584381,1349.5540771484375,0.515644371509552,-0.8568028211593628,88888070
179,0,1299.556396484375,0.07518007606267929,1330.026123046875,0.056822288781404495,0.9940767884254456,88888070
179,1,1298.7786865234375,0.12242914736270905,1329.5618896484375,0.056822288781404495,0.9940767884254456,88888070
179,2,1298.058837890625,0.07518162578344345,1330.1116943359375,0.056822288781404495,0.9940767884254456,88888070
180,0,1898.142333984375,-0.08468350023031235,2366.221435546875,0.9999893307685852,-0.004020333755761385,88888121
180,1,1897.63525390625,-0.08586600422859192,2366.973388671875,0.9999893307685852,-0.004020333755761385,88888121
180,2,1898.1483154296875,-0.08469778299331665,2367.721435546875,0.9999893307685852,-0.004020333755761385,88888121
180,3,1897.641357421875,-0.08588028699159622,2368.473388671875,0.9999893307685852,-0.004020333755761385,88888121
181,0,1926.992431640625,-0.057172004133462906,2370.375732421875,-0.9971345663070679,0.003950667567551136,88888121
181,1,1927.498046875,-0.09570474922657013,2369.623779296875,-0.9971345663070679,0.003950667567551136,88888121
181,2,1926.986572265625,-0.0571807362139225,2368.875732421875,-0.9971345663070679,0.003950667567551136,88888121
181,3,1927.4920654296875,-0.09571348130702972,2368.123779296875,-0.9971345663070679,0.003950667567551136,88888121
182,0,3562.421142578125,0.0,1309.3526611328125,0.9991679191589355,0.040789127349853516,88888250
182,1,3561.880859375,0.0,1310.081298828125,0.9991679191589355,0.040789127349853516,88888250
182,2,3562.35986328125,0.0,1310.851318359375,0.9991679191589355,0.040789127349853516,88888250
182,3,3561.81982421875,0.0,1311.5799560546875,0.9991679191589355,0.040789127349853516,88888250
183,0,3581.459228515625,0.0,1314.4033203125,-0.9991679191589355,-0.040789127349853516,88888240
183,1,3581.99951171875,0.0,1313.6746826171875,-0.9991679191589355,-0.040789127349853516,88888240
183,2,3581.5205078125,0.0,1312.9046630859375,-0.9991679191589355,-0.040789127349853516,88888240
183,3,3582.060546875,0.0,1312.176025390625,-0.9991679191589355,-0.040789127349853516,88888240
184,0,2298.59716796875,0.0,2554.966552734375,0.9999995231628418,-0.001026749610900879,88888120
184,1,2298.087890625,0.0,2555.717041015625,0.9999995231628418,-0.001026749610900879,88888120
184,2,2298.5986328125,0.0,2556.466552734375,0.9999995231628418,-0.001026749610900879,88888120
184,3,2298.08935546875,0.0,2557.217041015625,0.9999995231628418,-0.001026749610900879,88888120
185,0,2317.4384765625,0.0,2559.21728515625,-0.9999995231628418,0.001026749610900879,88888100
185,1,2317.94775390625,0.0,2558.466796875,-0.9999995231628418,0.001026749610900879,88888100
185,2,2317.43701171875,0.0,2557.71728515625,-0.9999995231628418,0.001026749610900879,88888100
185,3,2317.9462890625,0.0,2556.966796875,-0.9999995231628418,0.001026749610900879,88888100
186,0,639.5137939453125,0.0,2353.054443359375,0.32929661870002747,-0.9442265033721924,88888020
186,1,640.0540161132812,0.0,2353.782958984375,0.32929661870002747,-0.9442265033721924,88888020
186,2,640.9301147460938,0.0,2353.548583984375,0.32929661870002747,-0.9442265033721924,88888020
186,3,641.4703369140625,0.0,2354.27685546875,0.32929661870002747,-0.9442265033721924,88888020
187,0,655.6520385742188,0.0,2319.746826171875,-0.32929661870002747,0.9442265033721924,88888020
187,1,655.11181640625,0.0,2319.018310546875,-0.32929661870002747,0.9442265033721924,88888020
187,2,654.2357177734375,0.0,2319.252685546875,-0.32929661870002747,0.9442265033721924,88888020
187,3,653.6954956054688,0.0,2318.5244140625,-0.32929661870002747,0.9442265033721924,88888020
188,0,2136.8779296875,0.0,2729.5234375,0.9999021887779236,0.013983845710754395,88888100
188,1,2136.357421875,0.0,2730.266357421875,0.9999021887779236,0.013983845710754395,88888100
188,2,2136.85693359375,0.0,2731.023193359375,0.9999021887779236,0.013983845710754395,88888100
188,3,2136.33642578125,0.0,2731.76611328125,0.9999021887779236,0.013983845710754395,88888100
189,0,2155.3974609375,0.0,2734.052978515625,-0.9999021887779236,-0.013983845710754395,88888100
189,1,2155.91796875,0.0,2733.31005859375,-0.9999021887779236,-0.013983845710754395,88888100
189,2,2155.41845703125,0.0,2732.55322265625,-0.9999021887779236,-0.013983845710754395,88888100
189,3,2155.93896484375,0.0,2731.810302734375,-0.9999021887779236,-0.013983845710754395,88888100
190,0,2883.0146484375,0.0,1623.1265869140625,-0.0332573726773262,-0.9994468688964844,88888181
190,1,2883.781005859375,0.0,1623.611328125,-0.0332573726773262,-0.9994468688964844,88888181
190,2,2884.513671875,0.0,1623.07666015625,-0.0332573726773262,-0.9994468688964844,88888181
190,3,2885.2802734375,0.0,1623.5615234375,-0.0332573726773262,-0.9994468688964844,88888181
191,0,2886.3173828125,0.0,1593.9874267578125,0.0332573726773262,0.9994468688964844,88888250
191,1,2885.551025390625,0.0,1593.502685546875,0.0332573726773262,0.9994468688964844,88888250
191,2,2884.818359375,0.0,1594.037353515625,0.0332573726773262,0.9994468688964844,88888250
191,3,2884.0517578125,0.0,1593.552490234375,0.0332573726773262,0.9994468688964844,88888250
192,0,1219.9541015625,-0.07766205072402954,2174.829345703125,0.46862152218818665,-0.8833987712860107,88888080
192,1,1220.377685546875,-0.07733773440122604,2175.63134765625,0.46862152218818665,-0.8833987712860107,88888080
192,2,1221.279296875,-0.07766204327344894,2175.5322265625,0.46862152218818665,-0.8833987712860107,88888080
192,3,1221.7027587890625,-0.07733772695064545,2176.334228515625,0.46862152218818665,-0.8833987712860107,88888080
193,0,1237.1795654296875,-0.0959179475903511,2151.469482421875,-0.46862152218818665,0.8833987712860107,88888110
193,1,1236.7559814453125,-0.0962422639131546,2150.66748046875,-0.46862152218818665,0.8833987712860107,88888110
193,2,1235.8543701171875,-0.0959179550409317,2150.7666015625,-0.46862152218818665,0.8833987712860107,88888110
193,3,1235.430908203125,-0.0962422713637352,2149.964599609375,-0.46862152218818665,0.8833987712860107,88888110
194,0,3580.9658203125,0.0,1445.7164306640625,0.9908870458602905,-0.1346951723098755,88888250
194,1,3580.5615234375,0.0,1446.5283203125,0.9908870458602905,-0.1346951723098755,88888250
194,2,3581.16796875,0.0,1447.2027587890625,0.9908870458602905,-0.1346951723098755,88888250
194,3,3580.763427734375,0.0,1448.0146484375,0.9908870458602905,-0.1346951723098755,88888250
195,0,3600.012451171875,0.0,1447.4366455078125,-0.9908870458602905,0.1346951723098755,88888240
195,1,3600.416748046875,0.0,1446.624755859375,-0.9908870458602905,0.1346951723098755,88888240
195,2,3599.810302734375,0.0,1445.9503173828125,-0.9908870458602905,0.1346951723098755,88888240
195,3,3600.21484375,0.0,1445.138427734375,-0.9908870458602905,0.1346951723098755,88888240
196,0,3624.75341796875,0.0,1570.5440673828125,0.1598764955997467,0.9871370196342468,88888240
196,1,3623.931640625,0.0,1570.1605224609375,0.1598764955997467,0.9871370196342468,88888240
196,2,3623.27294921875,0.0,1570.7838134765625,0.1598764955997467,0.9871370196342468,88888240
196,3,3622.450927734375,0.0,1570.400390625,0.1598764955997467,0.9871370196342468,88888240
197,0,3625.294189453125,0.0,1600.5908203125,-0.1598764955997467,-0.9871370196342468,88888240
197,1,3626.115966796875,0.0,1600.974365234375,-0.1598764955997467,-0.9871370196342468,88888240
197,2,3626.774658203125,0.0,1600.35107421875,-0.1598764955997467,-0.9871370196342468,88888240
197,3,3627.5966796875,0.0,1600.7344970703125,-0.1598764955997467,-0.9871370196342468,88888240
198,0,2330.79150390625,0.0,2735.72900390625,-0.2391531765460968,-0.9709819555282593,88888100
198,1,2331.641845703125,0.0,2736.044921875,-0.2391531765460968,-0.9709819555282593,88888100
198,2,2332.248046875,0.0,2735.370361328125,-0.2391531765460968,-0.9709819555282593,88888100
198,3,2333.09814453125,0.0,2735.68603515625,-0.2391531765460968,-0.9709819555282593,88888100
199,0,2326.165283203125,0.0,2699.09228515625,0.2391531765460968,0.9709819555282593,88888100
199,1,2325.31494140625,0.0,2698.7763671875,0.2391531765460968,0.9709819555282593,88888100
199,2,2324.708740234375,0.0,2699.450927734375,0.2391531765460968,0.9709819555282593,88888100
199,3,2323.858642578125,0.0,2699.13525390625,0.2391531765460968,0.9709819555282593,88888100
200,0,1424.531005859375,0.0,2509.827392578125,-0.9999725818634033,0.007407486438751221,88888090
200,1,1425.035400390625,0.0,2509.07373046875,-0.9999725818634033,0.007407486438751221,88888090
200,2,1424.5198974609375,0.0,2508.327392578125,-0.9999725818634033,0.007407486438751221,88888090
200,3,1425.0242919921875,0.0,2507.57373046875,-0.9999725818634033,0.007407486438751221,88888090
201,0,1405.5369873046875,0.0,2505.69775390625,0.9999725818634033,-0.007407486438751221,88888081
201,1,1405.0325927734375,0.0,2506.451416015625,0.9999725818634033,-0.007407486438751221,88888081
201,2,1405.548095703125,0.0,2507.19775390625,0.9999725818634033,-0.007407486438751221,88888081
201,3,1405.043701171875,0.0,2507.951416015625,0.9999725818634033,-0.007407486438751221,88888081
202,0,1405.6761474609375,0.0,2440.6884765625,0.9999993443489075,0.001231551170349121,88888081
202,1,1405.1651611328125,0.0,2441.437744140625,0.9999993443489075,0.001231551170349121,88888081
202,2,1405.6741943359375,0.0,2442.1884765625,0.9999993443489075,0.001231551170349121,88888081
202,3,1405.163330078125,0.0,2442.937744140625,0.9999993443489075,0.001231551170349121,88888081
203,0,1424.5130615234375,0.0,2444.98193359375,-0.9999993443489075,-0.001231551170349121,88888090
203,1,1425.0240478515625,0.0,2444.232666015625,-0.9999993443489075,-0.001231551170349121,88888090
203,2,1424.5150146484375,0.0,2443.48193359375,-0.9999993443489075,-0.001231551170349121,88888090
203,3,1425.02587890625,0.0,2442.732666015625,-0.9999993443489075,-0.001231551170349121,88888090
204,0,2775.874755859375,0.0,2149.9990234375,0.9970236420631409,-0.07709646224975586,88888140
204,1,2775.424072265625,0.0,2150.7861328125,0.9970236420631409,-0.07709646224975586,88888140
204,2,2775.990234375,0.0,2151.49462890625,0.9970236420631409,-0.07709646224975586,88888140
204,3,2775.53955078125,0.0,2152.28173828125,0.9970236420631409,-0.07709646224975586,88888140
205,0,2794.97314453125,0.0,2152.804931640625,-0.9970236420631409,0.07709646224975586,88888140
205,1,2795.423828125,0.0,2152.017822265625,-0.9970236420631409,0.07709646224975586,88888140
205,2,2794.857666015625,0.0,2151.309326171875,-0.9970236420631409,0.07709646224975586,88888140
205,3,2795.308349609375,0.0,2150.522216796875,-0.9970236420631409,0.07709646224975586,88888140
206,0,728.2254028320312,0.0,1716.898193359375,0.6836610436439514,0.729799747467041,88888030
206,1,727.329345703125,0.0,1717.0386962890625,0.6836610436439514,0.729799747467041,88888030
206,2,727.1307373046875,0.0,1717.9237060546875,0.6836610436439514,0.729799747467041,88888030
206,3,726.2346801757812,0.0,1718.064208984375,0.6836610436439514,0.729799747467041,88888030
207,0,735.0502319335938,0.0,1730.42919921875,-0.6836610436439514,-0.729799747467041,88888040
207,1,735.9462890625,0.0,1730.2886962890625,-0.6836610436439514,-0.729799747467041,88888040
207,2,736.1448974609375,0.0,1729.4036865234375,-0.6836610436439514,-0.729799747467041,88888040
207,3,737.0409545898438,0.0,1729.26318359375,-0.6836610436439514,-0.729799747467041,88888040
208,0,3124.72509765625,0.0,2642.78955078125,0.999958336353302,-0.009141325950622559,88888142
208,1,3124.221923828125,0.0,2643.544189453125,0.999958336353302,-0.009141325950622559,88888142
208,2,3124.73876953125,0.0,2644.28955078125,0.999958336353302,-0.009141325950622559,88888142
209,0,3153.475341796875,0.0,2645.796875,-0.999958336353302,0.009141325950622559,88888200
209,1,3153.978515625,0.0,2645.042236328125,-0.999958336353302,0.009141325950622559,88888200
209,2,3153.461669921875,0.0,2644.296875,-0.999958336353302,0.009141325950622559,88888200
210,0,1108.52197265625,0.0,1380.105712890625,-0.6563957929611206,0.7544167041778564,88888070
210,1,1108.2908935546875,0.0,1379.2286376953125,-0.6563957929611206,0.7544167041778564,88888070
210,2,1107.3902587890625,0.0,1379.1212158203125,-0.6563957929611206,0.7544167041778564,88888070
210,3,1107.1591796875,0.0,1378.244140625,-0.6563957929611206,0.7544167041778564,88888070
211,0,1086.7796630859375,0.0,1398.5894775390625,0.6563957929611206,-0.7544167041778564,88888060
211,1,1087.0107421875,0.0,1399.466552734375,0.6563957929611206,-0.7544167041778564,88888060
211,2,1087.911376953125,0.0,1399.573974609375,0.6563957929611206,-0.7544167041778564,88888060
211,3,1088.1424560546875,0.0,1400.4510498046875,0.6563957929611206,-0.7544167041778564,88888060
212,0,3107.478515625,0.0,2035.5853271484375,-0.9832201600074768,0.182422935962677,88888230
212,1,3107.84326171875,0.0,2034.7550048828125,-0.9832201600074768,0.182422935962677,88888230
212,2,3107.204833984375,0.0,2034.110595703125,-0.9832201600074768,0.182422935962677,88888230
212,3,3107.569580078125,0.0,2033.2801513671875,-0.9832201600074768,0.182422935962677,88888230
213,0,3078.3193359375,0.0,2036.652587890625,0.9832201600074768,-0.182422935962677,88888160
213,1,3077.95458984375,0.0,2037.48291015625,0.9832201600074768,-0.182422935962677,88888160
213,2,3078.593017578125,0.0,2038.1273193359375,0.9832201600074768,-0.182422935962677,88888160
213,3,3078.228271484375,0.0,2038.957763671875,0.9832201600074768,-0.182422935962677,88888160
214,0,1005.7167358398438,0.0032378232572227716,1286.2386474609375,0.7616572380065918,0.6479802131652832,88888070
214,1,1004.8423461914062,0.003367123194038868,1286.4794921875,0.7616572380065918,0.6479802131652832,88888070
214,2,1004.7447509765625,0.003237152472138405,1287.3812255859375,0.7616572380065918,0.6479802131652832,88888070
215,0,1018.5326538085938,-0.0017478265799582005,1301.4351806640625,-0.7616572380065918,-0.6479802131652832,88888070
215,1,1019.4070434570312,-0.001877126283943653,1301.1943359375,-0.7616572380065918,-0.6479802131652832,88888070
215,2,1019.504638671875,-0.0017471557948738337,1300.2926025390625,-0.7616572380065918,-0.6479802131652832,88888070
216,0,1687.18017578125,0.0,2591.99267578125,0.9999717473983765,0.00751948356628418,88888090
216,1,1686.6644287109375,0.0,2592.73876953125,0.9999717473983765,0.00751948356628418,88888090
216,2,1687.1688232421875,0.0,2593.49267578125,0.9999717473983765,0.00751948356628418,88888090
216,3,1686.6531982421875,0.0,2594.23876953125,0.9999717473983765,0.00751948356628418,88888090
217,0,1705.7777099609375,0.0,2596.402587890625,-0.9999717473983765,-0.00751948356628418,88888090
217,1,1706.29345703125,0.0,2595.656494140625,-0.9999717473983765,-0.00751948356628418,88888090
217,2,1705.7890625,0.0,2594.902587890625,-0.9999717473983765,-0.00751948356628418,88888090
217,3,1706.3046875,0.0,2594.156494140625,-0.9999717473983765,-0.00751948356628418,88888090
218,0,2016.2913818359375,0.0,2035.006103515625,0.008829084224998951,0.9999610185623169,88888150
218,1,2015.536865234375,0.0,2034.502685546875,0.008829084224998951,0.9999610185623169,88888150
218,2,2014.79150390625,0.0,2035.019287109375,0.008829084224998951,0.9999610185623169,88888150
218,3,2014.0369873046875,0.0,2034.515869140625,0.008829084224998951,0.9999610185623169,88888150
219,0,2012.186279296875,0.0,2053.69873046875,-0.008829084224998951,-0.9999610185623169,88888120
219,1,2012.9407958984375,0.0,2054.2021484375,-0.008829084224998951,-0.9999610185623169,88888120
219,2,2013.6861572265625,0.0,2053.685546875,-0.008829084224998951,-0.9999610185623169,88888120
219,3,2014.440673828125,0.0,2054.18896484375,-0.008829084224998951,-0.9999610185623169,88888120
220,0,3948.42626953125,0.0,1776.188720703125,-0.1286790519952774,0.9916862845420837,88888221
220,1,3947.748291015625,0.0,1775.58642578125,-0.1286790519952774,0.9916862845420837,88888221
220,2,3946.938720703125,0.0,1775.99560546875,-0.1286790519952774,0.9916862845420837,88888221
220,3,3946.2607421875,0.0,1775.3934326171875,-0.1286790519952774,0.9916862845420837,88888221
221,0,3941.81787109375,0.0,1793.9332275390625,0.1286790519952774,-0.9916862845420837,88888220
221,1,3942.495849609375,0.0,1794.5355224609375,0.1286790519952774,-0.9916862845420837,88888221
221,2,3943.305419921875,0.0,1794.1263427734375,0.1286790519952774,-0.9916862845420837,88888221
221,3,3943.9833984375,0.0,1794.728515625,0.1286790519952774,-0.9916862845420837,88888221
222,0,2946.0673828125,0.0,1230.3387451171875,0.7086191773414612,0.7055912017822266,88888190
222,1,2945.177001953125,0.0,1230.5103759765625,0.7086191773414612,0.7055912017822266,88888190
222,2,2945.009033203125,0.0,1231.4017333984375,0.7086191773414612,0.7055912017822266,88888190
222,3,2944.11865234375,0.0,1231.5733642578125,0.7086191773414612,0.7055912017822266,88888190
223,0,2956.59130859375,0.0,1246.843505859375,-0.7086191773414612,-0.7055912017822266,88888190
223,1,2957.481689453125,0.0,1246.671875,-0.7086191773414612,-0.7055912017822266,88888190
223,2,2957.649658203125,0.0,1245.780517578125,-0.7086191773414612,-0.7055912017822266,88888190
223,3,2958.5400390625,0.0,1245.60888671875,-0.7086191773414612,-0.7055912017822266,88888190
224,0,2963.915283203125,0.0,2239.91162109375,0.3965533971786499,-0.9180117845535278,88888140
224,1,2964.401611328125,0.0,2240.67724609375,0.3965533971786499,-0.9180117845535278,88888140
224,2,2965.292236328125,0.0,2240.506591796875,0.3965533971786499,-0.9180117845535278,88888140
224,3,2965.778564453125,0.0,2241.272216796875,0.3965533971786499,-0.9180117845535278,88888140
225,0,2980.138916015625,0.0,2213.1220703125,-0.3965533971786499,0.9180117845535278,88888140
225,1,2979.652587890625,0.0,2212.3564453125,-0.3965533971786499,0.9180117845535278,88888140
225,2,2978.761962890625,0.0,2212.527099609375,-0.3965533971786499,0.9180117845535278,88888140
225,3,2978.275634765625,0.0,2211.761474609375,-0.3965533971786499,0.9180117845535278,88888140
226,0,525.4720458984375,0.03572322428226471,1849.87744140625,-0.7793960571289062,-0.6265034079551697,88888010
226,1,526.3394165039062,0.03874965012073517,1849.6123046875,-0.7793960571289062,-0.6265034079551697,88888010
226,2,526.4118041992188,0.03572322428226471,1848.708251953125,-0.7793960571289062,-0.6265034079551697,88888010
226,3,527.2791748046875,0.03874965012073517,1848.4432373046875,-0.7793960571289062,-0.6265034079551697,88888010
227,0,512.94921875,-0.0799909383058548,1834.3326416015625,0.7793960571289062,0.6265034079551697,88888010
227,1,512.0818481445312,-0.08301736414432526,1834.5977783203125,0.7793960571289062,0.6265034079551697,88888010
227,2,512.0094604492188,-0.0799909383058548,1835.5018310546875,0.7793960571289062,0.6265034079551697,88888010
227,3,511.14208984375,-0.08301736414432526,1835.766845703125,0.7793960571289062,0.6265034079551697,88888010
228,0,2767.13525390625,-0.0006290994351729751,1727.148193359375,0.04690617322921753,0.9988992810249329,88888181
228,1,2766.3623046875,-0.0006406338652595878,1726.6739501953125,0.04690617322921753,0.9988992810249329,88888181
228,2,2765.636962890625,-0.0006283956463448703,1727.218505859375,0.04690617322921753,0.9988992810249329,88888181
228,3,2764.86376953125,-0.000639930076431483,1726.7442626953125,0.04690617322921753,0.9988992810249329,88888181
229,0,2764.164794921875,1.621046249056235e-05,1754.919921875,-0.04690617322921753,-0.9988992810249329,88888160
229,1,2764.937744140625,2.7744885301217437e-05,1755.3941650390625,-0.04690617322921753,-0.9988992810249329,88888160
229,2,2765.6630859375,1.5506695490330458e-05,1754.849609375,-0.04690617322921753,-0.9988992810249329,88888160
229,3,2766.436279296875,2.7041118300985545e-05,1755.3238525390625,-0.04690617322921753,-0.9988992810249329,88888160
230,0,659.0584716796875,0.0,1945.2115478515625,0.6320075392723083,-0.7749621868133545,88888010
230,1,659.3173828125,0.0,1946.080810546875,0.6320075392723083,-0.7749621868133545,88888010
230,2,660.2208862304688,0.0,1946.1595458984375,0.6320075392723083,-0.7749621868133545,88888010
230,3,660.4797973632812,0.0,1947.02880859375,0.6320075392723083,-0.7749621868133545,88888010
231,0,674.1016845703125,0.0,1933.52197265625,-0.6320075392723083,0.7749621868133545,88888030
231,1,673.8427734375,0.0,1932.6527099609375,-0.6320075392723083,0.7749621868133545,88888030
231,2,672.9392700195312,0.0,1932.573974609375,-0.6320075392723083,0.7749621868133545,88888030
231,3,672.6803588867188,0.0,1931.7047119140625,-0.6320075392723083,0.7749621868133545,88888030
232,0,3470.63818359375,0.0,1301.7540283203125,0.027226382866501808,-0.9996292591094971,88888250
232,1,3471.3740234375,0.0,1302.2841796875,0.027226382866501808,-0.9996292591094971,88888250
232,2,3472.1376953125,0.0,1301.7947998046875,0.027226382866501808,-0.9996292591094971,88888250
232,3,3472.87353515625,0.0,1302.3250732421875,0.027226382866501808,-0.9996292591094971,88888250
233,0,3475.420166015625,0.0,1283.02392578125,-0.027226382866501808,0.9996292591094971,88888250
233,1,3474.684326171875,0.0,1282.4937744140625,-0.027226382866501808,0.9996292591094971,88888250
233,2,3473.920654296875,0.0,1282.983154296875,-0.027226382866501808,0.9996292591094971,88888250
233,3,3473.184814453125,0.0,1282.452880859375,-0.027226382866501808,0.9996292591094971,88888250
234,0,2827.294677734375,0.0,2648.038330078125,0.8535405397415161,-0.5210263729095459,88888100
234,1,2827.25,0.0,2648.944091796875,0.8535405397415161,-0.5210263729095459,88888100
234,2,2828.076171875,0.0,2649.318603515625,0.8535405397415161,-0.5210263729095459,88888100
234,3,2828.031494140625,0.0,2650.224365234375,0.8535405397415161,-0.5210263729095459,88888100
235,0,2845.59765625,0.0,2641.8681640625,-0.8535405397415161,0.5210263729095459,88888140
235,1,2845.642333984375,0.0,2640.96240234375,-0.8535405397415161,0.5210263729095459,88888140
235,2,2844.816162109375,0.0,2640.587890625,-0.8535405397415161,0.5210263729095459,88888140
235,3,2844.86083984375,0.0,2639.68212890625,-0.8535405397415161,0.5210263729095459,88888140
236,0,1590.8214111328125,0.020796556025743484,2033.2803955078125,-0.007693734485656023,0.9999697804450989,88888150
236,1,1590.075439453125,0.021373530849814415,2032.7645263671875,-0.007693734485656023,0.9999697804450989,88888150
236,2,1589.321533203125,0.020803013816475868,2033.268798828125,-0.007693734485656023,0.9999697804450989,88888150
236,3,1588.575439453125,0.0213799886405468,2032.7530517578125,-0.007693734485656023,0.9999697804450989,88888150
237,0,1586.4053955078125,-0.000550050986930728,2052.23828125,0.007693734485656023,-0.9999697804450989,88888110
237,1,1587.1513671875,-0.0011270249960944057,2052.75390625,0.007693734485656023,-0.9999697804450989,88888110
237,2,1587.9052734375,-0.000556508544832468,2052.249755859375,0.007693734485656023,-0.9999697804450989,88888110
237,3,1588.6513671875,-0.001133482437580824,2052.765625,0.007693734485656023,-0.9999697804450989,88888110
238,0,891.347900390625,0.0,1401.2347412109375,0.998893141746521,-0.04703724384307861,88888050
238,1,890.8737182617188,0.0,1402.008056640625,0.998893141746521,-0.04703724384307861,88888050
238,2,891.41845703125,0.0,1402.733154296875,0.998893141746521,-0.04703724384307861,88888050
238,3,890.9442749023438,0.0,1403.50634765625,0.998893141746521,-0.04703724384307861,88888050
239,0,910.3697509765625,0.0,1404.61376953125,-0.998893141746521,0.04703724384307861,88888060
239,1,910.8439331054688,0.0,1403.8404541015625,-0.998893141746521,0.04703724384307861,88888060
239,2,910.2991943359375,0.0,1403.1153564453125,-0.998893141746521,0.04703724384307861,88888060
239,3,910.7733764648438,0.0,1402.3421630859375,-0.998893141746521,0.04703724384307861,88888060
240,0,3377.327392578125,0.0,2340.95068359375,0.9419883489608765,0.3356456756591797,88888210
240,1,3376.59521484375,0.0,2341.486083984375,0.9419883489608765,0.3356456756591797,88888210
240,2,3376.823974609375,0.0,2342.36376953125,0.9419883489608765,0.3356456756591797,88888210
240,3,3376.091796875,0.0,2342.899169921875,0.9419883489608765,0.3356456756591797,88888210
241,0,3393.669677734375,0.0,2351.306640625,-0.9419883489608765,-0.3356456756591797,88888210
241,1,3394.40185546875,0.0,2350.771240234375,-0.9419883489608765,-0.3356456756591797,88888210
241,2,3394.173095703125,0.0,2349.8935546875,-0.9419883489608765,-0.3356456756591797,88888210
241,3,3394.9052734375,0.0,2349.358154296875,-0.9419883489608765,-0.3356456756591797,88888210
242,0,3684.668212890625,0.0,1316.9605712890625,0.9980140328407288,0.06299382448196411,88888240
242,1,3684.11181640625,0.0,1317.677001953125,0.9980140328407288,0.06299382448196411,88888240
242,2,3684.57373046875,0.0,1318.45751953125,0.9980140328407288,0.06299382448196411,88888240
242,3,3684.017333984375,0.0,1319.1739501953125,0.9980140328407288,0.06299382448196411,88888240
243,0,3714.1552734375,0.0,1323.1002197265625,-0.9980140328407288,-0.06299382448196411,88888240
243,1,3714.711669921875,0.0,1322.3837890625,-0.9980140328407288,-0.06299382448196411,88888240
243,2,3714.249755859375,0.0,1321.603271484375,-0.9980140328407288,-0.06299382448196411,88888240
243,3,3714.80615234375,0.0,1320.8868408203125,-0.9980140328407288,-0.06299382448196411,88888240
244,0,3305.630859375,0.0,982.2085571289062,0.535470187664032,0.84455406665802,88888240
244,1,3304.72412109375,0.0,982.179443359375,0.535470187664032,0.84455406665802,88888240
244,2,3304.364013671875,0.0,983.0117797851562,0.535470187664032,0.84455406665802,88888240
244,3,3303.457275390625,0.0,982.982666015625,0.535470187664032,0.84455406665802,88888240
245,0,3312.569091796875,0.0,1001.1260986328125,-0.535470187664032,-0.84455406665802,88888250
245,1,3313.475830078125,0.0,1001.1552124023438,-0.535470187664032,-0.84455406665802,88888250
245,2,3313.8359375,0.0,1000.3228759765625,-0.535470187664032,-0.84455406665802,88888250
245,3,3314.74267578125,0.0,1000.3519897460938,-0.535470187664032,-0.84455406665802,88888250
246,0,2138.281005859375,0.0,2556.858642578125,0.9999896883964539,0.004542827606201172,88888121
246,1,2137.767578125,0.0,2557.6064453125,0.9999896883964539,0.004542827606201172,88888121
246,2,2138.274169921875,0.0,2558.358642578125,0.9999896883964539,0.004542827606201172,88888121
246,3,2137.7607421875,0.0,2559.1064453125,0.9999896883964539,0.004542827606201172,88888121
247,0,2157.103759765625,0.0,2561.214111328125,-0.9999896883964539,-0.004542827606201172,88888121
247,1,2157.6171875,0.0,2560.46630859375,-0.9999896883964539,-0.004542827606201172,88888121
247,2,2157.110595703125,0.0,2559.714111328125,-0.9999896883964539,-0.004542827606201172,88888121
247,3,2157.6240234375,0.0,2558.96630859375,-0.9999896883964539,-0.004542827606201172,88888121
248,0,3340.845703125,0.0,1826.55908203125,0.9981504082679749,-0.06079292297363281,88888232
248,1,3340.38232421875,0.0,1827.3387451171875,0.9981504082679749,-0.06079292297363281,88888232
248,2,3340.93701171875,0.0,1828.056396484375,0.9981504082679749,-0.06079292297363281,88888232
248,3,3340.4736328125,0.0,1828.8359375,0.9981504082679749,-0.06079292297363281,88888232
249,0,3359.855224609375,0.0,1829.6793212890625,-0.9981504082679749,0.06079292297363281,88888232
249,1,3360.318603515625,0.0,1828.899658203125,-0.9981504082679749,0.06079292297363281,88888232
249,2,3359.763916015625,0.0,1828.1820068359375,-0.9981504082679749,0.06079292297363281,88888232
249,3,3360.227294921875,0.0,1827.4024658203125,-0.9981504082679749,0.06079292297363281,88888232
250,0,2576.623291015625,0.0,2497.24560546875,0.9999219179153442,-0.01250910758972168,88888100
250,1,2576.12255859375,0.0,2498.001708984375,0.9999219179153442,-0.01250910758972168,88888100
250,2,2576.641845703125,0.0,2498.745361328125,0.9999219179153442,-0.01250910758972168,88888100
250,3,2576.141357421875,0.0,2499.501708984375,0.9999219179153442,-0.01250910758972168,88888100
251,0,2595.513671875,0.0,2501.279296875,-0.9999219179153442,0.01250910758972168,88888100
251,1,2596.014404296875,0.0,2500.523193359375,-0.9999219179153442,0.01250910758972168,88888100
251,2,2595.4951171875,0.0,2499.779541015625,-0.9999219179153442,0.01250910758972168,88888100
251,3,2595.99560546875,0.0,2499.023193359375,-0.9999219179153442,0.01250910758972168,88888100
252,0,3628.17626953125,0.0,1074.091064453125,0.9749898910522461,-0.22224962711334229,88888240
252,1,3627.845703125,0.0,1074.9356689453125,0.9749898910522461,-0.22224962711334229,88888240
252,2,3628.509765625,0.0,1075.553466796875,0.9749898910522461,-0.22224962711334229,88888240
252,3,3628.17919921875,0.0,1076.398193359375,0.9749898910522461,-0.22224962711334229,88888240
253,0,3657.734619140625,0.0,1071.7327880859375,-0.9749898910522461,0.22224962711334229,88888260
253,1,3658.065185546875,0.0,1070.88818359375,-0.9749898910522461,0.22224962711334229,88888260
253,2,3657.401123046875,0.0,1070.2703857421875,-0.9749898910522461,0.22224962711334229,88888260
253,3,3657.731689453125,0.0,1069.4256591796875,-0.9749898910522461,0.22224962711334229,88888260
254,0,1316.1556396484375,-0.11048467457294464,1898.988525390625,-0.6210803985595703,0.7837462425231934,88888060
254,1,1315.884521484375,-0.11099734157323837,1898.123046875,-0.6210803985595703,0.7837462425231934,88888060
254,2,1314.97998046875,-0.11049500852823257,1898.056884765625,-0.6210803985595703,0.7837462425231934,88888060
254,3,1314.708984375,-0.11100766807794571,1897.19140625,-0.6210803985595703,0.7837462425231934,88888060
255,0,1295.16748046875,-0.0822489857673645,1918.5982666015625,0.6210803985595703,-0.7837462425231934,88888110
255,1,1295.4385986328125,-0.08173631876707077,1919.4637451171875,0.6210803985595703,-0.7837462425231934,88888110
255,2,1296.3431396484375,-0.08223865181207657,1919.5299072265625,0.6210803985595703,-0.7837462425231934,88888110
255,3,1296.6141357421875,-0.08172599226236343,1920.3953857421875,0.6210803985595703,-0.7837462425231934,88888110
256,0,3170.727294921875,0.0,1704.9827880859375,0.07356741279363632,0.9972902536392212,88888232
256,1,3169.94189453125,0.0,1704.529296875,0.07356741279363632,0.9972902536392212,88888232
256,2,3169.2314453125,0.0,1705.0931396484375,0.07356741279363632,0.9972902536392212,88888232
256,3,3168.44580078125,0.0,1704.6396484375,0.07356741279363632,0.9972902536392212,88888232
257,0,3168.58447265625,0.0,1733.9725341796875,-0.07356741279363632,-0.9972902536392212,88888232
257,1,3169.369873046875,0.0,1734.426025390625,-0.07356741279363632,-0.9972902536392212,88888232
257,2,3170.080322265625,0.0,1733.8621826171875,-0.07356741279363632,-0.9972902536392212,88888232
257,3,3170.865966796875,0.0,1734.315673828125,-0.07356741279363632,-0.9972902536392212,88888232
258,0,2138.79052734375,0.0,2504.492431640625,0.9999887943267822,0.004747509956359863,88888121
258,1,2138.27685546875,0.0,2505.239990234375,0.9999887943267822,0.004747509956359863,88888121
258,2,2138.783203125,0.0,2505.992431640625,0.9999887943267822,0.004747509956359863,88888121
258,3,2138.269775390625,0.0,2506.739990234375,0.9999887943267822,0.004747509956359863,88888121
259,0,2157.6142578125,0.0,2508.85205078125,-0.9999887943267822,-0.004747509956359863,88888121
259,1,2158.1279296875,0.0,2508.1044921875,-0.9999887943267822,-0.004747509956359863,88888121
259,2,2157.62158203125,0.0,2507.35205078125,-0.9999887943267822,-0.004747509956359863,88888121
259,3,2158.135009765625,0.0,2506.6044921875,-0.9999887943267822,-0.004747509956359863,88888121
260,0,3657.370849609375,0.0,1778.6025390625,0.112094946205616,0.9936975240707397,88888230
260,1,3656.568359375,0.0,1778.1798095703125,0.112094946205616,0.9936975240707397,88888230
260,2,3655.88037109375,0.0,1778.770751953125,0.112094946205616,0.9936975240707397,88888230
260,3,3655.077880859375,0.0,1778.3480224609375,0.112094946205616,0.9936975240707397,88888230
261,0,3655.241455078125,0.0,1797.8175048828125,-0.112094946205616,-0.9936975240707397,88888230
261,1,3656.0439453125,0.0,1798.240234375,-0.112094946205616,-0.9936975240707397,88888230
261,2,3656.73193359375,0.0,1797.6492919921875,-0.112094946205616,-0.9936975240707397,88888230
261,3,3657.534423828125,0.0,1798.072021484375,-0.112094946205616,-0.9936975240707397,88888230
262,0,1947.00341796875,0.0,1745.8233642578125,-0.011427171528339386,0.999934732913971,88888180
262,1,1946.25927734375,0.0,1745.3048095703125,-0.011427171528339386,0.999934732913971,88888180
262,2,1945.5035400390625,0.0,1745.80615234375,-0.011427171528339386,0.999934732913971,88888180
262,3,1944.7593994140625,0.0,1745.28759765625,-0.011427171528339386,0.999934732913971,88888180
263,0,1942.405029296875,0.0,1774.5257568359375,0.011427171528339386,-0.999934732913971,88888150
263,1,1943.149169921875,0.0,1775.0443115234375,0.011427171528339386,-0.999934732913971,88888150
263,2,1943.9049072265625,0.0,1774.54296875,0.011427171528339386,-0.999934732913971,88888150
263,3,1944.6490478515625,0.0,1775.0615234375,0.011427171528339386,-0.999934732913971,88888150
264,0,2297.24072265625,0.0,1771.748046875,0.9999596476554871,-0.008985757827758789,88888150
264,1,2296.737548828125,0.0,1772.502685546875,0.9999596476554871,-0.008985757827758789,88888150
264,2,2297.25439453125,0.0,1773.2479248046875,0.9999596476554871,-0.008985757827758789,88888150
264,3,2296.7509765625,0.0,1774.0025634765625,0.9999596476554871,-0.008985757827758789,88888150
265,0,2316.11572265625,0.0,1775.8485107421875,-0.9999596476554871,0.008985757827758789,88888160
265,1,2316.618896484375,0.0,1775.0938720703125,-0.9999596476554871,0.008985757827758789,88888160
265,2,2316.10205078125,0.0,1774.3486328125,-0.9999596476554871,0.008985757827758789,88888160
265,3,2316.60546875,0.0,1773.593994140625,-0.9999596476554871,0.008985757827758789,88888160
266,0,1843.614013671875,0.0,2220.5966796875,-0.05920051038265228,0.9982461333274841,88888121
266,1,1842.8955078125,0.0,2220.043212890625,-0.05920051038265228,0.9982461333274841,88888121
266,2,1842.11669921875,0.0,2220.5078125,-0.05920051038265228,0.9982461333274841,88888121
266,3,1841.398193359375,0.0,2219.954345703125,-0.05920051038265228,0.9982461333274841,88888121
267,0,1837.6060791015625,0.0,2249.778076171875,0.05920051038265228,-0.9982461333274841,88888121
267,1,1838.3245849609375,0.0,2250.33154296875,0.05920051038265228,-0.9982461333274841,88888121
267,2,1839.1033935546875,0.0,2249.866943359375,0.05920051038265228,-0.9982461333274841,88888121
267,3,1839.8218994140625,0.0,2250.42041015625,0.05920051038265228,-0.9982461333274841,88888121
268,0,3593.422607421875,-0.07788825780153275,1584.98291015625,0.1867891252040863,0.9824000000953674,88888232
268,1,3592.590576171875,-0.07800684124231339,1584.6220703125,0.1867891252040863,0.9824000000953674,88888232
268,2,3591.948974609375,-0.07789243757724762,1585.2630615234375,0.1867891252040863,0.9824000000953674,88888232
268,3,3591.116943359375,-0.07801102846860886,1584.9022216796875,0.1867891252040863,0.9824000000953674,88888232
269,0,3594.73828125,-0.07116173952817917,1614.7613525390625,-0.1867891252040863,-0.9824000000953674,88888232
269,1,3595.5703125,-0.07104315608739853,1615.1221923828125,-0.1867891252040863,-0.9824000000953674,88888232
269,2,3596.2119140625,-0.0711575597524643,1614.481201171875,-0.1867891252040863,-0.9824000000953674,88888232
269,3,3597.0439453125,-0.07103896886110306,1614.842041015625,-0.1867891252040863,-0.9824000000953674,88888232
270,0,1472.429443359375,0.0,2067.16357421875,0.7148310542106628,-0.699297308921814,88888110
270,1,1472.58935546875,0.0,2068.056396484375,0.7148310542106628,-0.699297308921814,88888110
270,2,1473.4783935546875,0.0,2068.23583984375,0.7148310542106628,-0.699297308921814,88888110
270,3,1473.6383056640625,0.0,2069.128662109375,0.7148310542106628,-0.699297308921814,88888110
271,0,1489.2757568359375,0.0,2056.656982421875,-0.7148310542106628,0.699297308921814,88888110
271,1,1489.1158447265625,0.0,2055.76416015625,-0.7148310542106628,0.699297308921814,88888110
271,2,1488.226806640625,0.0,2055.584716796875,-0.7148310542106628,0.699297308921814,88888110
271,3,1488.06689453125,0.0,2054.69189453125,-0.7148310542106628,0.699297308921814,88888110
272,0,1896.1236572265625,-0.012089842930436134,2691.822021484375,-0.01792256534099579,0.9995389580726624,88888090
272,1,1895.3829345703125,-0.02458103746175766,2691.298828125,-0.01792256534099579,0.9995389580726624,88888090
272,2,1894.6239013671875,-0.012074925005435944,2691.795166015625,-0.01792256534099579,0.9995389580726624,88888090
273,0,1892.57763671875,-0.011835400015115738,2707.193603515625,0.017877940088510513,-0.9995598793029785,88888090
273,1,1893.318359375,-0.023909281939268112,2707.716796875,0.017877940088510513,-0.9995598793029785,88888090
273,2,1894.077392578125,-0.011836501769721508,2707.220458984375,0.017877940088510513,-0.9995598793029785,88888090
274,0,1110.8040771484375,0.0,2067.80419921875,-0.6480074524879456,0.7616340517997742,88888040
274,1,1110.563232421875,0.0,2066.9296875,-0.6480074524879456,0.7616340517997742,88888040
274,2,1109.66162109375,0.0,2066.83203125,-0.6480074524879456,0.7616340517997742,88888040
274,3,1109.4207763671875,0.0,2065.957763671875,-0.6480074524879456,0.7616340517997742,88888040
275,0,1088.93115234375,0.0,2086.923095703125,0.6480074524879456,-0.7616340517997742,88888040
275,1,1089.1719970703125,0.0,2087.797607421875,0.6480074524879456,-0.7616340517997742,88888040
275,2,1090.0736083984375,0.0,2087.895263671875,0.6480074524879456,-0.7616340517997742,88888040
275,3,1090.314453125,0.0,2088.76953125,0.6480074524879456,-0.7616340517997742,88888040
276,0,1487.523681640625,0.0,2372.12646484375,0.8051894307136536,0.5930177569389343,88888110
276,1,1486.668212890625,0.0,2372.427734375,0.8051894307136536,0.5930177569389343,88888110
276,2,1486.6341552734375,0.0,2373.334228515625,0.8051894307136536,0.5930177569389343,88888110
276,3,1485.7786865234375,0.0,2373.635498046875,0.8051894307136536,0.5930177569389343,88888110
277,0,1500.159423828125,0.0,2386.73583984375,-0.8051894307136536,-0.5930177569389343,88888110
277,1,1501.014892578125,0.0,2386.4345703125,-0.8051894307136536,-0.5930177569389343,88888110
277,2,1501.0489501953125,0.0,2385.528076171875,-0.8051894307136536,-0.5930177569389343,88888110
277,3,1501.9044189453125,0.0,2385.226806640625,-0.8051894307136536,-0.5930177569389343,88888110
278,0,3620.35400390625,0.0007901179487816989,1800.36328125,-0.07644875347614288,-0.9970735311508179,88888231
278,1,3621.140869140625,0.00080577761400491,1800.814453125,-0.07644875347614288,-0.9970735311508179,88888231
278,2,3621.849609375,0.0007878226460888982,1800.2486572265625,-0.07644875347614288,-0.9970735311508179,88888231
278,3,3622.636474609375,0.0008034823113121092,1800.6998291015625,-0.07644875347614288,-0.9970735311508179,88888231
279,0,3623.166015625,0.00016062828944996,1781.189208984375,0.07644875347614288,0.9970735311508179,88888230
279,1,3622.379150390625,0.0001449686533305794,1780.738037109375,0.07644875347614288,0.9970735311508179,88888230
279,2,3621.67041015625,0.00016292357759084553,1781.3038330078125,0.07644875347614288,0.9970735311508179,88888230
279,3,3620.883544921875,0.00014726395602338016,1780.8526611328125,0.07644875347614288,0.9970735311508179,88888230
280,0,747.4639892578125,0.0,1479.2081298828125,0.7731348872184753,0.6342416405677795,88888030
280,1,746.593994140625,0.0,1479.4644775390625,0.7731348872184753,0.6342416405677795,88888030
280,2,746.5126342773438,0.0,1480.3677978515625,0.7731348872184753,0.6342416405677795,88888030
280,3,745.6426391601562,0.0,1480.6241455078125,0.7731348872184753,0.6342416405677795,88888030
281,0,752.6669921875,0.0,1488.9993896484375,-0.7731348872184753,-0.6342416405677795,88888030
281,1,753.5369873046875,0.0,1488.7430419921875,-0.7731348872184753,-0.6342416405677795,88888030
281,2,753.6183471679688,0.0,1487.8397216796875,-0.7731348872184753,-0.6342416405677795,88888030
281,3,754.4883422851562,0.0,1487.5833740234375,-0.7731348872184753,-0.6342416405677795,88888030
282,0,2577.336181640625,0.0,2205.211181640625,0.9995772838592529,0.029074788093566895,88888130
282,1,2576.8046875,0.0,2205.94580078125,0.9995772838592529,0.029074788093566895,88888130
282,2,2577.292724609375,0.0,2206.71044921875,0.9995772838592529,0.029074788093566895,88888130
282,3,2576.760986328125,0.0,2207.4453125,0.9995772838592529,0.029074788093566895,88888130
283,0,2596.089599609375,0.0,2210.028564453125,-0.9995772838592529,-0.029074788093566895,88888140
283,1,2596.62109375,0.0,2209.2939453125,-0.9995772838592529,-0.029074788093566895,88888140
283,2,2596.133056640625,0.0,2208.529296875,-0.9995772838592529,-0.029074788093566895,88888140
283,3,2596.664794921875,0.0,2207.79443359375,-0.9995772838592529,-0.029074788093566895,88888140
284,0,2414.351806640625,0.0,1334.534912109375,0.9999732375144958,0.007317602634429932,88888181
284,1,2413.83642578125,0.0,1335.281005859375,0.9999732375144958,0.007317602634429932,88888181
284,2,2414.3408203125,0.0,1336.0347900390625,0.9999732375144958,0.007317602634429932,88888181
284,3,2413.825439453125,0.0,1336.781005859375,0.9999732375144958,0.007317602634429932,88888181
285,0,2433.15283203125,0.0,1338.9425048828125,-0.9999732375144958,-0.007317602634429932,88888190
285,1,2433.668212890625,0.0,1338.1964111328125,-0.9999732375144958,-0.007317602634429932,88888190
285,2,2433.163818359375,0.0,1337.442626953125,-0.9999732375144958,-0.007317602634429932,88888190
285,3,2433.67919921875,0.0,1336.6964111328125,-0.9999732375144958,-0.007317602634429932,88888190
286,0,1909.1942138671875,0.0,1737.6182861328125,0.9997971057891846,-0.020145058631896973,88888170
286,1,1908.6993408203125,0.0,1738.3782958984375,0.9997971057891846,-0.020145058631896973,88888170
286,2,1909.224365234375,0.0,1739.117919921875,0.9997971057891846,-0.020145058631896973,88888170
286,3,1908.7296142578125,0.0,1739.8780517578125,0.9997971057891846,-0.020145058631896973,88888170
287,0,1937.978515625,0.0,1741.3089599609375,-0.9997971057891846,0.020145058631896973,88888180
287,1,1938.473388671875,0.0,1740.5489501953125,-0.9997971057891846,0.020145058631896973,88888180
287,2,1937.9483642578125,0.0,1739.809326171875,-0.9997971057891846,0.020145058631896973,88888180
287,3,1938.443115234375,0.0,1739.0491943359375,-0.9997971057891846,0.020145058631896973,88888180
288,0,1182.8701171875,0.0,1749.1234130859375,0.770162045955658,0.6378483176231384,88888060
288,1,1181.9989013671875,0.0,1749.375732421875,0.770162045955658,0.6378483176231384,88888060
288,2,1181.913330078125,0.0,1750.2786865234375,0.770162045955658,0.6378483176231384,88888060
288,3,1181.0421142578125,0.0,1750.531005859375,0.770162045955658,0.6378483176231384,88888060
289,0,1194.662109375,0.0,1764.433837890625,-0.770162045955658,-0.6378483176231384,88888060
289,1,1195.5333251953125,0.0,1764.1815185546875,-0.770162045955658,-0.6378483176231384,88888060
289,2,1195.618896484375,0.0,1763.278564453125,-0.770162045955658,-0.6378483176231384,88888060
289,3,1196.4901123046875,0.0,1763.0262451171875,-0.770162045955658,-0.6378483176231384,88888060
290,0,1897.9825439453125,-0.08186507970094681,2478.715576171875,0.9999993443489075,-0.0011111786589026451,88888120
290,1,1897.4732666015625,-0.08169203251600266,2479.466064453125,0.9999993443489075,-0.0011111786589026451,88888120
290,2,1897.984130859375,-0.08186536282300949,2480.215576171875,0.9999993443489075,-0.0011111786589026451,88888120
290,3,1897.4749755859375,-0.08169231563806534,2480.966064453125,0.9999993443489075,-0.0011111786589026451,88888120
291,0,1926.6678466796875,-0.09160546213388443,2482.953857421875,-0.9999993443489075,0.0011111786589026451,88888121
291,1,1927.1771240234375,-0.09177850931882858,2482.203369140625,-0.9999993443489075,0.0011111786589026451,88888121
291,2,1926.666259765625,-0.09160517901182175,2481.453857421875,-0.9999993443489075,0.0011111786589026451,88888121
291,3,1927.1754150390625,-0.0917782261967659,2480.703369140625,-0.9999993443489075,0.0011111786589026451,88888121
292,0,1932.206298828125,-0.10009342432022095,2222.089599609375,-0.6991838216781616,0.7149420380592346,88888121
292,1,1932.026611328125,-0.10017584264278412,2221.20068359375,-0.6991838216781616,0.7149420380592346,88888121
292,2,1931.1337890625,-0.10009530931711197,2221.040771484375,-0.6991838216781616,0.7149420380592346,88888121
292,3,1930.9542236328125,-0.10017772018909454,2220.15185546875,-0.6991838216781616,0.7149420380592346,88888121
292,4,1930.0614013671875,-0.1000971868634224,2219.991943359375,-0.6991838216781616,0.7149420380592346,88888121
292,5,1929.8818359375,-0.10017960518598557,2219.10302734375,-0.6991838216781616,0.7149420380592346,88888121
292,6,1928.989013671875,-0.10009907186031342,2218.943359375,-0.6991838216781616,0.7149420380592346,88888121
292,7,1928.809326171875,-0.10018148273229599,2218.054443359375,-0.6991838216781616,0.7149420380592346,88888121
292,8,1927.9166259765625,-0.10010095685720444,2217.89453125,-0.6991838216781616,0.7149420380592346,88888121
292,9,1927.7369384765625,-0.10018336772918701,2217.005615234375,-0.6991838216781616,0.7149420380592346,88888121
293,0,1893.876953125,-0.09292387962341309,2246.593994140625,0.6991838216781616,-0.7149420380592346,88888121
293,1,1894.056640625,-0.09285646677017212,2247.48291015625,0.6991838216781616,-0.7149420380592346,88888121
293,2,1894.949462890625,-0.09295199811458588,2247.642822265625,0.6991838216781616,-0.7149420380592346,88888121
293,3,1895.1290283203125,-0.09288458526134491,2248.53173828125,0.6991838216781616,-0.7149420380592346,88888121
293,4,1896.0218505859375,-0.09298011660575867,2248.691650390625,0.6991838216781616,-0.7149420380592346,88888121
293,5,1896.201416015625,-0.0929127037525177,2249.58056640625,0.6991838216781616,-0.7149420380592346,88888121
293,6,1897.09423828125,-0.09300822764635086,2249.740234375,0.6991838216781616,-0.7149420380592346,88888121
293,7,1897.27392578125,-0.0929408147931099,2250.629150390625,0.6991838216781616,-0.7149420380592346,88888121
293,8,1898.1666259765625,-0.09303634613752365,2250.7890625,0.6991838216781616,-0.7149420380592346,88888121
293,9,1898.3463134765625,-0.09296893328428268,2251.677978515625,0.6991838216781616,-0.7149420380592346,88888121
294,0,693.8207397460938,-0.08519706130027771,1734.517333984375,0.7756777405738831,-0.6309858560562134,88888031
294,1,693.8984375,-0.07834403961896896,1735.4208984375,0.7756777405738831,-0.6309858560562134,88888031
294,2,694.767333984375,-0.08520525693893433,1735.6810302734375,0.7756777405738831,-0.6309858560562134,88888031
294,3,694.8450317382812,-0.07835223525762558,1736.5845947265625,0.7756777405738831,-0.6309858560562134,88888031
295,0,718.6635131835938,-0.0846649631857872,1719.81396484375,-0.775750994682312,0.6310271620750427,88888030
295,1,718.5858764648438,-0.08268766105175018,1718.910400390625,-0.775750994682312,0.6310271620750427,88888030
295,2,717.7169799804688,-0.08465863764286041,1718.6502685546875,-0.775750994682312,0.6310271620750427,88888030
295,3,717.6393432617188,-0.0826813280582428,1717.7467041015625,-0.775750994682312,0.6310271620750427,88888030
296,0,2158.06103515625,-0.08141367882490158,2335.951416015625,-0.9999822378158569,-0.005955219268798828,88888121
296,1,2158.575439453125,-0.08140318095684052,2335.204345703125,-0.9999822378158569,-0.005955219268798828,88888121
296,2,2158.070068359375,-0.08141355216503143,2334.451416015625,-0.9999822378158569,-0.005955219268798828,88888121
296,3,2158.58447265625,-0.08140305429697037,2333.704345703125,-0.9999822378158569,-0.005955219268798828,88888121
297,0,2139.00732421875,-0.08180377632379532,2331.56787109375,0.9999822378158569,0.005955219268798828,88888121
297,1,2138.492919921875,-0.08181427419185638,2332.31494140625,0.9999822378158569,0.005955219268798828,88888121
297,2,2138.998291015625,-0.08180390298366547,2333.06787109375,0.9999822378158569,0.005955219268798828,88888121
297,3,2138.48388671875,-0.08181440085172653,2333.81494140625,0.9999822378158569,0.005955219268798828,88888121
298,0,2811.8505859375,0.0,2213.871826171875,0.05886814743280411,0.9982657432556152,88888140
298,1,2811.07177734375,0.0,2213.406982421875,0.05886814743280411,0.9982657432556152,88888140
298,2,2810.35302734375,0.0,2213.960205078125,0.05886814743280411,0.9982657432556152,88888140
298,3,2809.574462890625,0.0,2213.495361328125,0.05886814743280411,0.9982657432556152,88888140
299,0,2809.28271484375,0.0,2242.859619140625,-0.05886814743280411,-0.9982657432556152,88888140
299,1,2810.0615234375,0.0,2243.324462890625,-0.05886814743280411,-0.9982657432556152,88888140
299,2,2810.7802734375,0.0,2242.771240234375,-0.05886814743280411,-0.9982657432556152,88888140
299,3,2811.558837890625,0.0,2243.236083984375,-0.05886814743280411,-0.9982657432556152,88888140
300,0,1887.906982421875,0.0,2593.20166015625,0.011418218724429607,-0.9999349117279053,88888090
300,1,1888.651123046875,0.0,2593.72021484375,0.011418218724429607,-0.9999349117279053,88888090
300,2,1889.4068603515625,0.0,2593.21875,0.011418218724429607,-0.9999349117279053,88888090
300,3,1890.1510009765625,0.0,2593.7373046875,0.011418218724429607,-0.9999349117279053,88888090
301,0,1892.5048828125,0.0,2564.520263671875,-0.011418218724429607,0.9999349117279053,88888090
301,1,1891.7607421875,0.0,2564.001708984375,-0.011418218724429607,0.9999349117279053,88888090
301,2,1891.0050048828125,0.0,2564.503173828125,-0.011418218724429607,0.9999349117279053,88888090
301,3,1890.2608642578125,0.0,2563.984619140625,-0.011418218724429607,0.9999349117279053,88888090
302,0,3285.525634765625,0.0,996.2572631835938,0.5371283888816833,0.8435004949569702,88888240
302,1,3284.619140625,0.0,996.22998046875,0.5371283888816833,0.8435004949569702,88888240
302,2,3284.260498046875,0.0,997.06298828125,0.5371283888816833,0.8435004949569702,88888240
302,3,3283.35400390625,0.0,997.03564453125,0.5371283888816833,0.8435004949569702,88888240
303,0,3292.039306640625,0.0,1014.4357299804688,-0.5371283888816833,-0.8435004949569702,88888250
303,1,3292.94580078125,0.0,1014.4630126953125,-0.5371283888816833,-0.8435004949569702,88888250
303,2,3293.304443359375,0.0,1013.6300048828125,-0.5371283888816833,-0.8435004949569702,88888250
303,3,3294.2109375,0.0,1013.6573486328125,-0.5371283888816833,-0.8435004949569702,88888250
304,0,1313.1988525390625,0.0,1247.378662109375,0.9877396821975708,0.15611004829406738,88888070
304,1,1312.5780029296875,0.0,1248.039794921875,0.9877396821975708,0.15611004829406738,88888070
304,2,1312.9647216796875,0.0,1248.8602294921875,0.9877396821975708,0.15611004829406738,88888070
304,3,1312.3438720703125,0.0,1249.521484375,0.9877396821975708,0.15611004829406738,88888070
305,0,1331.1485595703125,0.0,1254.538330078125,-0.9877396821975708,-0.15611004829406738,88888071
305,1,1331.7694091796875,0.0,1253.877197265625,-0.9877396821975708,-0.15611004829406738,88888071
305,2,1331.3826904296875,0.0,1253.0567626953125,-0.9877396821975708,-0.15611004829406738,88888071
305,3,1332.0035400390625,0.0,1252.3955078125,-0.9877396821975708,-0.15611004829406738,88888071
306,0,1988.18798828125,0.0,2053.911376953125,-0.009159678593277931,-0.9999580383300781,88888120
306,1,1988.942626953125,0.0,2054.41455078125,-0.009159678593277931,-0.9999580383300781,88888120
306,2,1989.6878662109375,0.0,2053.897705078125,-0.009159678593277931,-0.9999580383300781,88888120
306,3,1990.4425048828125,0.0,2054.40087890625,-0.009159678593277931,-0.9999580383300781,88888120
307,0,1992.2864990234375,0.0,2035.188232421875,0.009159678593277931,0.9999580383300781,88888150
307,1,1991.5318603515625,0.0,2034.68505859375,0.009159678593277931,0.9999580383300781,88888150
307,2,1990.78662109375,0.0,2035.201904296875,0.009159678593277931,0.9999580383300781,88888150
307,3,1990.031982421875,0.0,2034.6988525390625,0.009159678593277931,0.9999580383300781,88888150
308,0,2745.282470703125,0.0,1352.5850830078125,-0.027895625680685043,0.9996108412742615,88888190
308,1,2744.546875,0.0,1352.054443359375,-0.027895625680685043,0.9996108412742615,88888190
308,2,2743.782958984375,0.0,1352.543212890625,-0.027895625680685043,0.9996108412742615,88888190
308,3,2743.04736328125,0.0,1352.0125732421875,-0.027895625680685043,0.9996108412742615,88888190
309,0,2740.212646484375,0.0,1381.1807861328125,0.027895625680685043,-0.9996108412742615,88888250
309,1,2740.9482421875,0.0,1381.71142578125,0.027895625680685043,-0.9996108412742615,88888250
309,2,2741.712158203125,0.0,1381.22265625,0.027895625680685043,-0.9996108412742615,88888250
309,3,2742.44775390625,0.0,1381.7532958984375,0.027895625680685043,-0.9996108412742615,88888250
310,0,794.5613403320312,0.0,1672.2899169921875,-0.6425186395645142,0.7662700414657593,88888040
310,1,794.3143310546875,0.0,1671.417236328125,-0.6425186395645142,0.7662700414657593,88888040
310,2,793.4119262695312,0.0,1671.3260498046875,-0.6425186395645142,0.7662700414657593,88888040
310,3,793.1649169921875,0.0,1670.4534912109375,-0.6425186395645142,0.7662700414657593,88888040
311,0,782.1109008789062,0.0,1680.4925537109375,0.6425186395645142,-0.7662700414657593,88888040
311,1,782.35791015625,0.0,1681.365234375,0.6425186395645142,-0.7662700414657593,88888040
311,2,783.2603149414062,0.0,1681.4564208984375,0.6425186395645142,-0.7662700414657593,88888040
311,3,783.50732421875,0.0,1682.3289794921875,0.6425186395645142,-0.7662700414657593,88888040
312,0,3012.586669921875,0.0,1176.24267578125,0.5559226274490356,0.8312340378761292,88888190
312,1,3011.679931640625,0.0,1176.2357177734375,0.5559226274490356,0.8312340378761292,88888190
312,2,3011.33984375,0.0,1177.0765380859375,0.5559226274490356,0.8312340378761292,88888190
312,3,3010.432861328125,0.0,1177.069580078125,0.5559226274490356,0.8312340378761292,88888190
313,0,3019.658447265625,0.0,1194.4971923828125,-0.5559226274490356,-0.8312340378761292,88888190
313,1,3020.565185546875,0.0,1194.504150390625,-0.5559226274490356,-0.8312340378761292,88888190
313,2,3020.9052734375,0.0,1193.663330078125,-0.5559226274490356,-0.8312340378761292,88888190
313,3,3021.812255859375,0.0,1193.6702880859375,-0.5559226274490356,-0.8312340378761292,88888190
314,0,1195.833251953125,0.0,2011.995361328125,0.7638022899627686,0.6454502940177917,88888040
314,1,1194.9595947265625,0.0,2012.239013671875,0.7638022899627686,0.6454502940177917,88888040
314,2,1194.8651123046875,0.0,2013.14111328125,0.7638022899627686,0.6454502940177917,88888040
314,3,1193.991455078125,0.0,2013.384765625,0.7638022899627686,0.6454502940177917,88888040
315,0,1200.877685546875,0.0,2021.8486328125,-0.7638022899627686,-0.6454502940177917,88888110
315,1,1201.7513427734375,0.0,2021.60498046875,-0.7638022899627686,-0.6454502940177917,88888110
315,2,1201.8458251953125,0.0,2020.702880859375,-0.7638022899627686,-0.6454502940177917,88888110
315,3,1202.719482421875,0.0,2020.459228515625,-0.7638022899627686,-0.6454502940177917,88888110
316,0,1318.416748046875,0.0,1204.2027587890625,-0.190826877951622,0.9816237092018127,88888072
316,1,1317.7777099609375,0.0,1203.5589599609375,-0.190826877951622,0.9816237092018127,88888072
316,2,1316.9442138671875,0.0,1203.91650390625,-0.190826877951622,0.9816237092018127,88888072
316,3,1316.3052978515625,0.0,1203.272705078125,-0.190826877951622,0.9816237092018127,88888072
317,0,1307.20166015625,0.0,1239.516357421875,0.190826877951622,-0.9816237092018127,88888070
317,1,1307.8406982421875,0.0,1240.16015625,0.190826877951622,-0.9816237092018127,88888070
317,2,1308.6741943359375,0.0,1239.8026123046875,0.190826877951622,-0.9816237092018127,88888070
317,3,1309.3131103515625,0.0,1240.4464111328125,0.190826877951622,-0.9816237092018127,88888070
318,0,3965.99365234375,0.0,1794.4039306640625,0.13668768107891083,-0.9906145334243774,88888221
318,1,3966.666748046875,0.0,1795.01171875,0.13668768107891083,-0.9906145334243774,88888221
318,2,3967.4794921875,0.0,1794.6090087890625,0.13668768107891083,-0.9906145334243774,88888221
318,3,3968.15283203125,0.0,1795.216796875,0.13668768107891083,-0.9906145334243774,88888221
319,0,3972.810302734375,0.0,1776.241455078125,-0.13668768107891083,0.9906145334243774,88888220
319,1,3972.13720703125,0.0,1775.6336669921875,-0.13668768107891083,0.9906145334243774,88888220
319,2,3971.324462890625,0.0,1776.036376953125,-0.13668768107891083,0.9906145334243774,88888220
319,3,3970.651123046875,0.0,1775.4285888671875,-0.13668768107891083,0.9906145334243774,88888221
320,0,2324.727783203125,0.0,1737.7774658203125,0.011457704938948154,0.9999343752861023,88888181
320,1,2323.97216796875,0.0,1737.2760009765625,0.011457704938948154,0.9999343752861023,88888181
320,2,2323.22802734375,0.0,1737.7945556640625,0.011457704938948154,0.9999343752861023,88888181
320,3,2322.47216796875,0.0,1737.293212890625,0.011457704938948154,0.9999343752861023,88888181
321,0,2320.788818359375,0.0,1766.6953125,-0.011457704938948154,-0.9999343752861023,88888160
321,1,2321.54443359375,0.0,1767.19677734375,-0.011457704938948154,-0.9999343752861023,88888160
321,2,2322.28857421875,0.0,1766.67822265625,-0.011457704938948154,-0.9999343752861023,88888160
321,3,2323.04443359375,0.0,1767.1795654296875,-0.011457704938948154,-0.9999343752861023,88888160
322,0,3058.373779296875,-0.08909455686807632,1711.7696533203125,0.16962586343288422,0.9855085611343384,88888232
322,1,3057.54833984375,-0.08912893384695053,1711.394287109375,0.16962586343288422,0.9855085611343384,88888232
322,2,3056.8955078125,-0.08909410983324051,1712.024169921875,0.16962586343288422,0.9855085611343384,88888232
322,3,3056.070068359375,-0.08912848681211472,1711.6488037109375,0.16962586343288422,0.9855085611343384,88888232
323,0,3059.060791015625,-0.0871354416012764,1740.934814453125,-0.16962586343288422,-0.9855085611343384,88888232
323,1,3059.88623046875,-0.08710106462240219,1741.3101806640625,-0.16962586343288422,-0.9855085611343384,88888232
323,2,3060.5390625,-0.08713588863611221,1740.6802978515625,-0.16962586343288422,-0.9855085611343384,88888232
323,3,3061.364501953125,-0.087101511657238,1741.0556640625,-0.16962586343288422,-0.9855085611343384,88888232
324,0,2142.951416015625,0.0,2057.6904296875,0.9999983310699463,0.0018479228019714355,88888120
324,1,2142.43994140625,0.0,2058.439453125,0.9999983310699463,0.0018479228019714355,88888120
324,2,2142.94873046875,0.0,2059.1904296875,0.9999983310699463,0.0018479228019714355,88888120
324,3,2142.437255859375,0.0,2059.939453125,0.9999983310699463,0.0018479228019714355,88888120
325,0,2161.77880859375,0.0,2061.995361328125,-0.9999983310699463,-0.0018479228019714355,88888130
325,1,2162.290283203125,0.0,2061.246337890625,-0.9999983310699463,-0.0018479228019714355,88888130
325,2,2161.781494140625,0.0,2060.495361328125,-0.9999983310699463,-0.0018479228019714355,88888130
325,3,2162.29296875,0.0,2059.746337890625,-0.9999983310699463,-0.0018479228019714355,88888130
326,0,3671.53369140625,0.0,2181.671630859375,0.0545494481921196,-0.9985110759735107,88888210
326,1,3672.254638671875,0.0,2182.221923828125,0.0545494481921196,-0.9985110759735107,88888210
326,2,3673.031494140625,0.0,2181.75341796875,0.0545494481921196,-0.9985110759735107,88888210
326,3,3673.75244140625,0.0,2182.3037109375,0.0545494481921196,-0.9985110759735107,88888210
327,0,3676.823974609375,0.0,2163.115234375,-0.0545494481921196,0.9985110759735107,88888230
327,1,3676.10302734375,0.0,2162.56494140625,-0.0545494481921196,0.9985110759735107,88888230
327,2,3675.326171875,0.0,2163.033447265625,-0.0545494481921196,0.9985110759735107,88888230
327,3,3674.605224609375,0.0,2162.483154296875,-0.0545494481921196,0.9985110759735107,88888230
328,0,686.551025390625,0.010853917337954044,1968.7080078125,0.6584881544113159,-0.7525720596313477,88888010
328,1,686.7796630859375,0.013577619567513466,1969.585693359375,0.6584881544113159,-0.7525720596313477,88888010
328,2,687.6798706054688,0.010852024890482426,1969.69580078125,0.6584881544113159,-0.7525720596313477,88888010
328,3,687.9085083007812,0.013575727120041847,1970.5733642578125,0.6584881544113159,-0.7525720596313477,88888010
329,0,702.1803588867188,-0.08988392353057861,1957.329833984375,-0.6584881544113159,0.7525720596313477,88888040
329,1,701.9517211914062,-0.09260762482881546,1956.4521484375,-0.6584881544113159,0.7525720596313477,88888040
329,2,701.051513671875,-0.089882031083107,1956.342041015625,-0.6584881544113159,0.7525720596313477,88888040
329,3,700.8228759765625,-0.09260573238134384,1955.4644775390625,-0.6584881544113159,0.7525720596313477,88888040
330,0,1895.9508056640625,0.002523967996239662,2707.567626953125,0.9945287108421326,0.10438187420368195,88888090
330,1,1895.3653564453125,0.00462544709444046,2708.26025390625,0.9945287108421326,0.10438187420368195,88888090
330,2,1895.794189453125,0.0025216301437467337,2709.059326171875,0.9945287108421326,0.10438187420368195,88888090
331,0,1924.1676025390625,-0.08759255707263947,2713.746826171875,-0.9984092712402344,-0.05381988734006882,88888100
331,1,1924.7171630859375,-0.07902143150568008,2713.025390625,-0.9984092712402344,-0.05381988734006882,88888100
331,2,1924.248291015625,-0.08758267015218735,2712.2490234375,-0.9984092712402344,-0.05381988734006882,88888100
332,0,3358.925537109375,0.0,2133.970947265625,0.946624755859375,0.3223378658294678,88888232
332,1,3358.201171875,0.0,2134.5166015625,0.946624755859375,0.3223378658294678,88888232
332,2,3358.44189453125,0.0,2135.390869140625,0.946624755859375,0.3223378658294678,88888232
332,3,3357.717529296875,0.0,2135.9365234375,0.946624755859375,0.3223378658294678,88888232
333,0,3375.997314453125,0.0,2144.294677734375,-0.946624755859375,-0.3223378658294678,88888230
333,1,3376.7216796875,0.0,2143.7490234375,-0.946624755859375,-0.3223378658294678,88888232
333,2,3376.48095703125,0.0,2142.874755859375,-0.946624755859375,-0.3223378658294678,88888232
333,3,3377.205322265625,0.0,2142.3291015625,-0.946624755859375,-0.3223378658294678,88888232
334,0,1678.5849609375,0.0,2499.17724609375,0.0,-1.0,88888090
334,1,1679.3349609375,0.0,2499.687255859375,0.0,-1.0,88888090
334,2,1680.0849609375,0.0,2499.17724609375,0.0,-1.0,88888090
334,3,1680.8349609375,0.0,2499.687255859375,0.0,-1.0,88888090
335,0,1682.85498046875,0.0,2480.30615234375,0.0,1.0,88888090
335,1,1682.10498046875,0.0,2479.796142578125,0.0,1.0,88888090
335,2,1681.35498046875,0.0,2480.30615234375,0.0,1.0,88888090
335,3,1680.60498046875,0.0,2479.796142578125,0.0,1.0,88888090
336,0,1939.5491943359375,0.0,2221.0107421875,-0.003535923780873418,0.9999937415122986,88888121
336,1,1938.801025390625,0.0,2220.498046875,-0.003535923780873418,0.9999937415122986,88888121
336,2,1938.0491943359375,0.0,2221.00537109375,-0.003535923780873418,0.9999937415122986,88888121
336,3,1937.301025390625,0.0,2220.49267578125,-0.003535923780873418,0.9999937415122986,88888121
337,0,1935.1795654296875,0.0,2249.201904296875,0.003535923780873418,-0.9999937415122986,88888121
337,1,1935.927734375,0.0,2249.714599609375,0.003535923780873418,-0.9999937415122986,88888121
337,2,1936.6795654296875,0.0,2249.207275390625,0.003535923780873418,-0.9999937415122986,88888121
337,3,1937.427734375,0.0,2249.719970703125,0.003535923780873418,-0.9999937415122986,88888121
338,0,1687.3427734375,0.0,2549.478515625,0.9999935030937195,0.0036023855209350586,88888090
338,1,1686.830078125,0.0,2550.2265625,0.9999935030937195,0.0036023855209350586,88888090
338,2,1687.33740234375,0.0,2550.978515625,0.9999935030937195,0.0036023855209350586,88888090
338,3,1686.82470703125,0.0,2551.7265625,0.9999935030937195,0.0036023855209350586,88888090
339,0,1706.2874755859375,0.0,2553.816650390625,-0.9999935030937195,-0.0036023855209350586,88888090
339,1,1706.8001708984375,0.0,2553.068603515625,-0.9999935030937195,-0.0036023855209350586,88888090
339,2,1706.2928466796875,0.0,2552.316650390625,-0.9999935030937195,-0.0036023855209350586,88888090
339,3,1706.8055419921875,0.0,2551.568603515625,-0.9999935030937195,-0.0036023855209350586,88888090
340,0,2604.032470703125,0.0,2246.613525390625,0.043322063982486725,-0.9990612268447876,88888140
340,1,2604.759765625,0.0,2247.155517578125,0.043322063982486725,-0.9990612268447876,88888140
340,2,2605.531005859375,0.0,2246.678466796875,0.043322063982486725,-0.9990612268447876,88888140
340,3,2606.258544921875,0.0,2247.220458984375,0.043322063982486725,-0.9990612268447876,88888140
341,0,2609.54541015625,0.0,2218.04833984375,-0.043322063982486725,0.9990612268447876,88888140
341,1,2608.818115234375,0.0,2217.50634765625,-0.043322063982486725,0.9990612268447876,88888140
341,2,2608.046875,0.0,2217.9833984375,-0.043322063982486725,0.9990612268447876,88888140
341,3,2607.3193359375,0.0,2217.44140625,-0.043322063982486725,0.9990612268447876,88888140
342,0,2780.01806640625,0.0,2202.361572265625,0.9969972968101501,-0.07743775844573975,88888140
342,1,2779.567626953125,0.0,2203.14892578125,0.9969972968101501,-0.07743775844573975,88888140
342,2,2780.13427734375,0.0,2203.857177734375,0.9969972968101501,-0.07743775844573975,88888140
342,3,2779.68359375,0.0,2204.64453125,0.9969972968101501,-0.07743775844573975,88888140
343,0,2798.882080078125,0.0,2205.17919921875,-0.9969972968101501,0.07743775844573975,88888140
343,1,2799.33251953125,0.0,2204.391845703125,-0.9969972968101501,0.07743775844573975,88888140
343,2,2798.765869140625,0.0,2203.68359375,-0.9969972968101501,0.07743775844573975,88888140
343,3,2799.216552734375,0.0,2202.896240234375,-0.9969972968101501,0.07743775844573975,88888140
344,0,2157.763671875,-0.08850690722465515,2477.33837890625,-0.9999790787696838,0.006413179915398359,88888121
344,1,2158.268798828125,-0.08898357301950455,2476.585205078125,-0.9999790787696838,0.006413179915398359,88888121
344,2,2157.754150390625,-0.08850240707397461,2475.83837890625,-0.9999790787696838,0.006413179915398359,88888121
344,3,2158.25927734375,-0.0889790803194046,2475.085205078125,-0.9999790787696838,0.006413179915398359,88888121
345,0,2138.84619140625,-0.07075506448745728,2473.189453125,0.9999790787696838,-0.006413179915398359,88888121
345,1,2138.341064453125,-0.07027839869260788,2473.942626953125,0.9999790787696838,-0.006413179915398359,88888121
345,2,2138.855712890625,-0.07075956463813782,2474.689453125,0.9999790787696838,-0.006413179915398359,88888121
345,3,2138.3505859375,-0.07028289139270782,2475.442626953125,0.9999790787696838,-0.006413179915398359,88888121
346,0,1685.3826904296875,0.03574807941913605,2682.93212890625,0.9924215078353882,0.11213477700948715,88888090
346,1,1684.7923583984375,0.060785017907619476,2683.620361328125,0.9924215078353882,0.11213477700948715,88888090
346,2,1685.2142333984375,0.034563373774290085,2684.4228515625,0.9924215078353882,0.11213477700948715,88888090
347,0,1704.9244384765625,-0.10993460565805435,2688.763916015625,-0.991338849067688,-0.1313294768333435,88888090
347,1,1705.528564453125,-0.10996460169553757,2688.08740234375,-0.991338849067688,-0.1313294768333435,88888090
347,2,1705.1214599609375,-0.10999459773302078,2687.27685546875,-0.991338849067688,-0.1313294768333435,88888090
348,0,3125.577880859375,-0.10805386304855347,2477.02294921875,0.9999987483024597,0.0016050325939431787,88888142
348,1,3125.066650390625,-0.10801680386066437,2477.772216796875,0.9999987483024597,0.0016050325939431787,88888142
348,2,3125.575439453125,-0.10805375874042511,2478.52294921875,0.9999987483024597,0.0016050325939431787,88888142
348,3,3125.064208984375,-0.10801669955253601,2479.272216796875,0.9999987483024597,0.0016050325939431787,88888142
349,0,3152.890625,-0.11003613471984863,2481.336669921875,-0.9999987483024597,-0.0016050325939431787,88888200
349,1,3153.40185546875,-0.11007319390773773,2480.58740234375,-0.9999987483024597,-0.0016050325939431787,88888200
349,2,3152.89306640625,-0.11003623902797699,2479.836669921875,-0.9999987483024597,-0.0016050325939431787,88888200
349,3,3153.404296875,-0.11007329821586609,2479.08740234375,-0.9999987483024597,-0.0016050325939431787,88888200
350,0,674.6954345703125,0.0,1590.3714599609375,0.6399697065353394,-0.7684003114700317,88888030
350,1,674.9454345703125,0.0,1591.2432861328125,0.6399697065353394,-0.7684003114700317,88888030
350,2,675.8480834960938,0.0,1591.3314208984375,0.6399697065353394,-0.7684003114700317,88888030
350,3,676.0980224609375,0.0,1592.2032470703125,0.6399697065353394,-0.7684003114700317,88888030
351,0,687.0625,0.0,1582.1949462890625,-0.6399697065353394,0.7684003114700317,88888030
351,1,686.8125,0.0,1581.3231201171875,-0.6399697065353394,0.7684003114700317,88888030
351,2,685.9098510742188,0.0,1581.2349853515625,-0.6399697065353394,0.7684003114700317,88888030
351,3,685.659912109375,0.0,1580.3631591796875,-0.6399697065353394,0.7684003114700317,88888030
352,0,3121.659912109375,0.0,2053.60009765625,0.12273585051298141,0.9924393892288208,88888230
352,1,3120.85302734375,0.0,2053.18603515625,0.12273585051298141,0.9924393892288208,88888230
352,2,3120.171142578125,0.0,2053.7841796875,0.12273585051298141,0.9924393892288208,88888230
352,3,3119.364501953125,0.0,2053.3701171875,0.12273585051298141,0.9924393892288208,88888230
353,0,3119.773681640625,0.0,2073.140380859375,-0.12273585051298141,-0.9924393892288208,88888210
353,1,3120.58056640625,0.0,2073.554443359375,-0.12273585051298141,-0.9924393892288208,88888210
353,2,3121.262451171875,0.0,2072.956298828125,-0.12273585051298141,-0.9924393892288208,88888210
353,3,3122.069091796875,0.0,2073.370361328125,-0.12273585051298141,-0.9924393892288208,88888210
354,0,3745.518798828125,0.0,1646.0361328125,0.9959514737129211,-0.08989262580871582,88888230
354,1,3745.078125,0.0,1646.8289794921875,0.9959514737129211,-0.08989262580871582,88888230
354,2,3745.653564453125,0.0,1647.530029296875,0.9959514737129211,-0.08989262580871582,88888230
354,3,3745.212890625,0.0,1648.3228759765625,0.9959514737129211,-0.08989262580871582,88888230
355,0,3774.545654296875,0.0,1647.70361328125,-0.9959514737129211,0.08989262580871582,88888220
355,1,3774.986328125,0.0,1646.9107666015625,-0.9959514737129211,0.08989262580871582,88888220
355,2,3774.410888671875,0.0,1646.209716796875,-0.9959514737129211,0.08989262580871582,88888220
355,3,3774.8515625,0.0,1645.4168701171875,-0.9959514737129211,0.08989262580871582,88888220
356,0,1687.6495361328125,0.0,2503.8037109375,0.999993622303009,-0.0035849809646606445,88888090
356,1,1687.1422119140625,0.0,2504.555419921875,0.999993622303009,-0.0035849809646606445,88888090
356,2,1687.6549072265625,0.0,2505.3037109375,0.999993622303009,-0.0035849809646606445,88888090
356,3,1687.1475830078125,0.0,2506.055419921875,0.999993622303009,-0.0035849809646606445,88888090
357,0,1706.6456298828125,0.0,2508.005859375,-0.999993622303009,0.0035849809646606445,88888090
357,1,1707.1529541015625,0.0,2507.254150390625,-0.999993622303009,0.0035849809646606445,88888090
357,2,1706.6402587890625,0.0,2506.505859375,-0.999993622303009,0.0035849809646606445,88888090
357,3,1707.1475830078125,0.0,2505.754150390625,-0.999993622303009,0.0035849809646606445,88888090
358,0,3098.40087890625,-0.08756691217422485,1934.274658203125,0.17419077455997467,0.9847119450569153,88888230
358,1,3097.573486328125,-0.08756376802921295,1933.9031982421875,0.17419077455997467,0.9847119450569153,88888230
358,2,3096.923828125,-0.08756691217422485,1934.5360107421875,0.17419077455997467,0.9847119450569153,88888230
358,3,3096.096435546875,-0.08756376802921295,1934.1644287109375,0.17419077455997467,0.9847119450569153,88888230
359,0,3097.478515625,-0.08768308162689209,1953.5723876953125,-0.17419077455997467,-0.9847119450569153,88888230
359,1,3098.305908203125,-0.08768622577190399,1953.94384765625,-0.17419077455997467,-0.9847119450569153,88888230
359,2,3098.95556640625,-0.08768308162689209,1953.31103515625,-0.17419077455997467,-0.9847119450569153,88888230
359,3,3099.782958984375,-0.08768622577190399,1953.6826171875,-0.17419077455997467,-0.9847119450569153,88888230
360,0,1022.5877685546875,0.022826507687568665,1305.916015625,-0.6571986079216003,0.75209641456604,88888070
360,1,1022.358154296875,0.04802650958299637,1305.0389404296875,-0.6571986079216003,0.75209641456604,88888070
360,2,1021.458251953125,0.022832443937659264,1304.9290771484375,-0.6571986079216003,0.75209641456604,88888070
361,0,1002.1278076171875,-0.07870611548423767,1326.6341552734375,0.629532516002655,-0.7769732475280762,88888060
361,1,1002.3894653320312,-0.07810436934232712,1327.5025634765625,0.629532516002655,-0.7769732475280762,88888060
361,2,1003.293212890625,-0.07869596034288406,1327.5784912109375,0.629532516002655,-0.7769732475280762,88888060
362,0,824.7168579101562,0.0,2088.9697265625,0.6503517627716064,-0.7596333026885986,88888010
362,1,824.9549560546875,0.0,2089.844970703125,0.6503517627716064,-0.7596333026885986,88888010
362,2,825.8563232421875,0.0,2089.945068359375,0.6503517627716064,-0.7596333026885986,88888010
362,3,826.0943603515625,0.0,2090.8203125,0.6503517627716064,-0.7596333026885986,88888010
363,0,840.233154296875,0.0,2077.41162109375,-0.6503517627716064,0.7596333026885986,88888040
363,1,839.9950561523438,0.0,2076.536376953125,-0.6503517627716064,0.7596333026885986,88888040
363,2,839.0936889648438,0.0,2076.436279296875,-0.6503517627716064,0.7596333026885986,88888040
363,3,838.8556518554688,0.0,2075.56103515625,-0.6503517627716064,0.7596333026885986,88888040
364,0,3727.626953125,0.0,1505.730224609375,0.9729753732681274,-0.23090898990631104,88888240
364,1,3727.3037109375,0.0,1506.5777587890625,0.9729753732681274,-0.23090898990631104,88888240
364,2,3727.97314453125,0.0,1507.189697265625,0.9729753732681274,-0.23090898990631104,88888240
364,3,3727.650146484375,0.0,1508.0372314453125,0.9729753732681274,-0.23090898990631104,88888240
365,0,3756.561279296875,0.0,1503.251953125,-0.9729753732681274,0.23090898990631104,88888240
365,1,3756.884521484375,0.0,1502.4044189453125,-0.9729753732681274,0.23090898990631104,88888240
365,2,3756.215087890625,0.0,1501.79248046875,-0.9729753732681274,0.23090898990631104,88888240
365,3,3756.5380859375,0.0,1500.9449462890625,-0.9729753732681274,0.23090898990631104,88888240
366,0,4066.341796875,0.0,2031.7587890625,-0.9657565355300903,-0.25945019721984863,88888220
366,1,4067.02880859375,0.0,2031.166748046875,-0.9657565355300903,-0.25945019721984863,88888220
366,2,4066.73095703125,0.0,2030.3101806640625,-0.9657565355300903,-0.25945019721984863,88888220
366,3,4067.41796875,0.0,2029.7181396484375,-0.9657565355300903,-0.25945019721984863,88888220
367,0,4032.1923828125,0.0,2018.1630859375,0.9657565355300903,0.25945019721984863,88888221
367,1,4031.50537109375,0.0,2018.755126953125,0.9657565355300903,0.25945019721984863,88888221
367,2,4031.80322265625,0.0,2019.6116943359375,0.9657565355300903,0.25945019721984863,88888221
367,3,4031.1162109375,0.0,2020.2037353515625,0.9657565355300903,0.25945019721984863,88888221
368,0,3165.6240234375,0.0,2488.71142578125,-0.023276660591363907,0.9997290372848511,88888200
368,1,3164.885986328125,0.0,2488.18408203125,-0.023276660591363907,0.9997290372848511,88888200
368,2,3164.124267578125,0.0,2488.676513671875,-0.023276660591363907,0.9997290372848511,88888200
368,3,3163.386474609375,0.0,2488.149169921875,-0.023276660591363907,0.9997290372848511,88888200
369,0,3160.648193359375,0.0,2518.964111328125,0.023276660591363907,-0.9997290372848511,88888200
369,1,3161.38623046875,0.0,2519.491455078125,0.023276660591363907,-0.9997290372848511,88888200
369,2,3162.14794921875,0.0,2518.9990234375,0.023276660591363907,-0.9997290372848511,88888200
369,3,3162.8857421875,0.0,2519.5263671875,0.023276660591363907,-0.9997290372848511,88888200
370,0,3344.52783203125,0.0,1887.624755859375,0.9981261491775513,-0.061190009117126465,88888232
370,1,3344.064697265625,0.0,1888.404541015625,0.9981261491775513,-0.061190009117126465,88888232
370,2,3344.61962890625,0.0,1889.1219482421875,0.9981261491775513,-0.061190009117126465,88888232
370,3,3344.156494140625,0.0,1889.9017333984375,0.9981261491775513,-0.061190009117126465,88888232
371,0,3363.53466796875,0.0,1890.7374267578125,-0.9981261491775513,0.061190009117126465,88888232
371,1,3363.997802734375,0.0,1889.9576416015625,-0.9981261491775513,0.061190009117126465,88888232
371,2,3363.44287109375,0.0,1889.240234375,-0.9981261491775513,0.061190009117126465,88888232
371,3,3363.906005859375,0.0,1888.46044921875,-0.9981261491775513,0.061190009117126465,88888232
372,0,2750.1787109375,0.0,1343.624755859375,0.9997923970222473,0.020375490188598633,88888190
372,1,2749.653564453125,0.0,1344.3641357421875,0.9997923970222473,0.020375490188598633,88888190
372,2,2750.148193359375,0.0,1345.1243896484375,0.9997923970222473,0.020375490188598633,88888190
372,3,2749.622802734375,0.0,1345.8638916015625,0.9997923970222473,0.020375490188598633,88888190
373,0,2768.102783203125,0.0,1348.2607421875,-0.9997923970222473,-0.020375490188598633,88888190
373,1,2768.6279296875,0.0,1347.5213623046875,-0.9997923970222473,-0.020375490188598633,88888190
373,2,2768.13330078125,0.0,1346.7611083984375,-0.9997923970222473,-0.020375490188598633,88888190
373,3,2768.65869140625,0.0,1346.0216064453125,-0.9997923970222473,-0.020375490188598633,88888190
374,0,1843.084716796875,0.0,2035.1356201171875,-0.005809917114675045,0.9999831318855286,88888150
374,1,1842.337646484375,0.0,2034.6212158203125,-0.005809917114675045,0.9999831318855286,88888150
374,2,1841.584716796875,0.0,2035.1268310546875,-0.005809917114675045,0.9999831318855286,88888150
374,3,1840.837646484375,0.0,2034.612548828125,-0.005809917114675045,0.9999831318855286,88888150
375,0,1838.7052001953125,0.0,2053.948486328125,0.005809917114675045,-0.9999831318855286,88888120
375,1,1839.4522705078125,0.0,2054.462890625,0.005809917114675045,-0.9999831318855286,88888120
375,2,1840.2052001953125,0.0,2053.957275390625,0.005809917114675045,-0.9999831318855286,88888120
375,3,1840.9522705078125,0.0,2054.4716796875,0.005809917114675045,-0.9999831318855286,88888120
376,0,2142.0634765625,0.0,1773.438232421875,0.9999567270278931,-0.00931394100189209,88888150
376,1,2141.560302734375,0.0,1774.1929931640625,0.9999567270278931,-0.00931394100189209,88888150
376,2,2142.077392578125,0.0,1774.9381103515625,0.9999567270278931,-0.00931394100189209,88888150
376,3,2141.57421875,0.0,1775.69287109375,0.9999567270278931,-0.00931394100189209,88888150
377,0,2160.93994140625,0.0,1777.5325927734375,-0.9999567270278931,0.00931394100189209,88888150
377,1,2161.443115234375,0.0,1776.77783203125,-0.9999567270278931,0.00931394100189209,88888150
377,2,2160.926025390625,0.0,1776.03271484375,-0.9999567270278931,0.00931394100189209,88888150
377,3,2161.42919921875,0.0,1775.2779541015625,-0.9999567270278931,0.00931394100189209,88888150
378,0,2535.6748046875,0.0,1346.542236328125,-0.027747441083192825,0.999614953994751,88888190
378,1,2534.939208984375,0.0,1346.01171875,-0.027747441083192825,0.999614953994751,88888190
378,2,2534.17529296875,0.0,1346.5006103515625,-0.027747441083192825,0.999614953994751,88888190
378,3,2533.439697265625,0.0,1345.9700927734375,-0.027747441083192825,0.999614953994751,88888190
379,0,2530.6025390625,0.0,1375.374755859375,0.027747441083192825,-0.999614953994751,88888250
379,1,2531.338134765625,0.0,1375.9052734375,0.027747441083192825,-0.999614953994751,88888250
379,2,2532.10205078125,0.0,1375.4163818359375,0.027747441083192825,-0.999614953994751,88888250
379,3,2532.837646484375,0.0,1375.9468994140625,0.027747441083192825,-0.999614953994751,88888250
380,0,1899.0306396484375,0.0,2058.91259765625,0.9999877214431763,0.0049765706062316895,88888121
380,1,1898.516845703125,0.0,2059.66015625,0.9999877214431763,0.0049765706062316895,88888121
380,2,1899.023193359375,0.0,2060.41259765625,0.9999877214431763,0.0049765706062316895,88888121
380,3,1898.5093994140625,0.0,2061.16015625,0.9999877214431763,0.0049765706062316895,88888121
381,0,1927.7266845703125,0.0,2063.325439453125,-0.9999877214431763,-0.0049765706062316895,88888121
381,1,1928.240478515625,0.0,2062.577880859375,-0.9999877214431763,-0.0049765706062316895,88888121
381,2,1927.734130859375,0.0,2061.825439453125,-0.9999877214431763,-0.0049765706062316895,88888121
381,3,1928.2479248046875,0.0,2061.077880859375,-0.9999877214431763,-0.0049765706062316895,88888121
382,0,1216.5809326171875,0.0,1460.396728515625,0.7721051573753357,0.6354948282241821,88888070
382,1,1215.71044921875,0.0,1460.6517333984375,0.7721051573753357,0.6354948282241821,88888070
382,2,1215.627685546875,0.0,1461.554931640625,0.7721051573753357,0.6354948282241821,88888070
382,3,1214.7572021484375,0.0,1461.809814453125,0.7721051573753357,0.6354948282241821,88888070
383,0,1228.4173583984375,0.0,1475.669189453125,-0.7721051573753357,-0.6354948282241821,88888071
383,1,1229.287841796875,0.0,1475.4141845703125,-0.7721051573753357,-0.6354948282241821,88888071
383,2,1229.37060546875,0.0,1474.510986328125,-0.7721051573753357,-0.6354948282241821,88888071
383,3,1230.2410888671875,0.0,1474.256103515625,-0.7721051573753357,-0.6354948282241821,88888071
384,0,2422.586181640625,0.0398862287402153,2223.513427734375,-0.0005816716584376991,0.9991685748100281,88888130
384,1,2421.83642578125,0.06068899482488632,2223.00341796875,-0.0005816716584376991,0.9991685748100281,88888130
384,2,2421.086181640625,0.03991106525063515,2223.5126953125,-0.0005816716584376991,0.9991685748100281,88888130
384,3,2420.33642578125,0.060713835060596466,2223.002685546875,-0.0005816716584376991,0.9991685748100281,88888130
385,0,2418.3095703125,0.06872247159481049,2249.984375,-0.0007369715021923184,-0.9999997019767761,88888130
385,1,2419.06005859375,0.06877816468477249,2250.493896484375,-0.0007369715021923184,-0.9999997019767761,88888130
385,2,2419.8095703125,0.06881320476531982,2249.9833984375,-0.0007369715021923184,-0.9999997019767761,88888130
385,3,2420.56005859375,0.06886889785528183,2250.492919921875,-0.0007369715021923184,-0.9999997019767761,88888130
386,0,1883.0147705078125,0.0,1522.98046875,0.9147993326187134,-0.4039090871810913,88888170
386,1,1882.85107421875,0.0,1523.87255859375,0.9147993326187134,-0.4039090871810913,88888170
386,2,1883.62060546875,0.0,1524.3526611328125,0.9147993326187134,-0.4039090871810913,88888170
386,3,1883.45703125,0.0,1525.2447509765625,0.9147993326187134,-0.4039090871810913,88888170
387,0,1911.007568359375,0.0,1515.2886962890625,-0.9147993326187134,0.4039090871810913,88888180
387,1,1911.1712646484375,0.0,1514.3966064453125,-0.9147993326187134,0.4039090871810913,88888180
387,2,1910.4017333984375,0.0,1513.91650390625,-0.9147993326187134,0.4039090871810913,88888180
387,3,1910.5653076171875,0.0,1513.0244140625,-0.9147993326187134,0.4039090871810913,88888180
388,0,1710.922119140625,0.0,1780.123779296875,1.0,0.0003076791763305664,88888150
388,1,1710.411865234375,0.0,1780.8736572265625,1.0,0.0003076791763305664,88888150
388,2,1710.9217529296875,0.0,1781.623779296875,1.0,0.0003076791763305664,88888150
388,3,1710.4114990234375,0.0,1782.3736572265625,1.0,0.0003076791763305664,88888150
389,0,1729.764404296875,0.0,1784.3995361328125,-1.0,-0.0003076791763305664,88888150
389,1,1730.274658203125,0.0,1783.649658203125,-1.0,-0.0003076791763305664,88888150
389,2,1729.7647705078125,0.0,1782.8995361328125,-1.0,-0.0003076791763305664,88888150
389,3,1730.2750244140625,0.0,1782.149658203125,-1.0,-0.0003076791763305664,88888150
390,0,3225.638427734375,0.0,2109.90625,0.3557688295841217,-0.9345740079879761,88888210
390,1,3226.157958984375,0.0,2110.649658203125,0.3557688295841217,-0.9345740079879761,88888210
390,2,3227.040283203125,0.0,2110.43994140625,0.3557688295841217,-0.9345740079879761,88888210
390,3,3227.559814453125,0.0,2111.183349609375,0.3557688295841217,-0.9345740079879761,88888210
391,0,3236.34765625,0.0,2093.77685546875,-0.3557688295841217,0.9345740079879761,88888230
391,1,3235.828125,0.0,2093.033447265625,-0.3557688295841217,0.9345740079879761,88888230
391,2,3234.94580078125,0.0,2093.2431640625,-0.3557688295841217,0.9345740079879761,88888230
391,3,3234.42626953125,0.0,2092.499755859375,-0.3557688295841217,0.9345740079879761,88888230
392,0,3557.994873046875,0.0,1276.600341796875,0.999888002872467,0.014968633651733398,88888250
392,1,3557.4736328125,0.0,1277.342529296875,0.999888002872467,0.014968633651733398,88888250
392,2,3557.972412109375,0.0,1278.1002197265625,0.999888002872467,0.014968633651733398,88888250
392,3,3557.451171875,0.0,1278.8424072265625,0.999888002872467,0.014968633651733398,88888250
393,0,3576.552001953125,0.0,1281.1485595703125,-0.999888002872467,-0.014968633651733398,88888240
393,1,3577.0732421875,0.0,1280.4063720703125,-0.999888002872467,-0.014968633651733398,88888240
393,2,3576.574462890625,0.0,1279.648681640625,-0.999888002872467,-0.014968633651733398,88888240
393,3,3577.095703125,0.0,1278.906494140625,-0.999888002872467,-0.014968633651733398,88888240
394,0,2296.62646484375,0.0,2022.550048828125,0.9999514818191528,-0.009852886199951172,88888150
394,1,2296.123779296875,0.0,2023.3050537109375,0.9999514818191528,-0.009852886199951172,88888150
394,2,2296.64111328125,0.0,2024.0499267578125,0.9999514818191528,-0.009852886199951172,88888150
394,3,2296.138671875,0.0,2024.804931640625,0.9999514818191528,-0.009852886199951172,88888150
395,0,2315.50830078125,0.0,2026.63427734375,-0.9999514818191528,0.009852886199951172,88888160
395,1,2316.010986328125,0.0,2025.8792724609375,-0.9999514818191528,0.009852886199951172,88888160
395,2,2315.49365234375,0.0,2025.1343994140625,-0.9999514818191528,0.009852886199951172,88888160
395,3,2315.99609375,0.0,2024.37939453125,-0.9999514818191528,0.009852886199951172,88888160
396,0,2568.669189453125,0.0,2706.527099609375,-0.02860969863831997,-0.9995906352996826,88888100
396,1,2569.433349609375,0.0,2707.015380859375,-0.02860969863831997,-0.9995906352996826,88888100
396,2,2570.16845703125,0.0,2706.484130859375,-0.02860969863831997,-0.9995906352996826,88888100
396,3,2570.932861328125,0.0,2706.97265625,-0.02860969863831997,-0.9995906352996826,88888100
397,0,2571.889892578125,0.0,2669.818359375,0.02860969863831997,0.9995906352996826,88888100
397,1,2571.125732421875,0.0,2669.330078125,0.02860969863831997,0.9995906352996826,88888100
397,2,2570.390625,0.0,2669.861328125,0.02860969863831997,0.9995906352996826,88888100
397,3,2569.626220703125,0.0,2669.372802734375,0.02860969863831997,0.9995906352996826,88888100
398,0,682.2388305664062,0.0,1557.7978515625,0.7694476842880249,0.6387098431587219,88888030
398,1,681.367431640625,0.0,1558.04931640625,0.7694476842880249,0.6387098431587219,88888030
398,2,681.28076171875,0.0,1558.9520263671875,0.7694476842880249,0.6387098431587219,88888030
398,3,680.4093627929688,0.0,1559.2034912109375,0.7694476842880249,0.6387098431587219,88888030
399,0,687.3828125,0.0,1567.6173095703125,-0.7694476842880249,-0.6387098431587219,88888030
399,1,688.2542114257812,0.0,1567.3658447265625,-0.7694476842880249,-0.6387098431587219,88888030
399,2,688.3408813476562,0.0,1566.463134765625,-0.7694476842880249,-0.6387098431587219,88888030
399,3,689.2122802734375,0.0,1566.211669921875,-0.7694476842880249,-0.6387098431587219,88888030
400,0,684.737060546875,0.0,1930.6575927734375,0.7592580318450928,0.6507896780967712,88888030
400,1,683.8617553710938,0.0,1930.8951416015625,0.7592580318450928,0.6507896780967712,88888030
400,2,683.7608642578125,0.0,1931.79638671875,0.7592580318450928,0.6507896780967712,88888030
400,3,682.8855590820312,0.0,1932.033935546875,0.7592580318450928,0.6507896780967712,88888030
401,0,696.1962280273438,0.0,1946.1036376953125,-0.7592580318450928,-0.6507896780967712,88888040
401,1,697.071533203125,0.0,1945.8660888671875,-0.7592580318450928,-0.6507896780967712,88888040
401,2,697.1724243164062,0.0,1944.96484375,-0.7592580318450928,-0.6507896780967712,88888040
401,3,698.0477294921875,0.0,1944.727294921875,-0.7592580318450928,-0.6507896780967712,88888040
402,0,719.9362182617188,0.0,2197.76611328125,0.9999945759773254,0.003282606601715088,88888010
402,1,719.4237060546875,0.0,2198.514404296875,0.9999945759773254,0.003282606601715088,88888010
402,2,719.9312744140625,0.0,2199.26611328125,0.9999945759773254,0.003282606601715088,88888010
402,3,719.4188232421875,0.0,2200.014404296875,0.9999945759773254,0.003282606601715088,88888010
403,0,737.3603515625,0.0,2202.093505859375,-0.9999945759773254,-0.003282606601715088,88888010
403,1,737.8728637695312,0.0,2201.34521484375,-0.9999945759773254,-0.003282606601715088,88888010
403,2,737.3652954101562,0.0,2200.593505859375,-0.9999945759773254,-0.003282606601715088,88888010
403,3,737.8777465820312,0.0,2199.84521484375,-0.9999945759773254,-0.003282606601715088,88888010
404,0,1832.8160400390625,0.0,1326.6925048828125,0.9974663853645325,-0.07113933563232422,88888070
404,1,1832.3607177734375,0.0,1327.4769287109375,0.9974663853645325,-0.07113933563232422,88888070
404,2,1832.9227294921875,0.0,1328.188720703125,0.9974663853645325,-0.07113933563232422,88888070
404,3,1832.4674072265625,0.0,1328.97314453125,0.9974663853645325,-0.07113933563232422,88888070
405,0,1861.9237060546875,0.0,1328.8975830078125,-0.9974663853645325,0.07113933563232422,88888180
405,1,1862.3790283203125,0.0,1328.1131591796875,-0.9974663853645325,0.07113933563232422,88888180
405,2,1861.8170166015625,0.0,1327.4013671875,-0.9974663853645325,0.07113933563232422,88888180
405,3,1862.2723388671875,0.0,1326.616943359375,-0.9974663853645325,0.07113933563232422,88888180
406,0,3943.848388671875,0.0,2412.017822265625,-0.9182925820350647,-0.39590275287628174,88888220
406,1,3944.613525390625,0.0,2411.531005859375,-0.9182925820350647,-0.39590275287628174,88888220
406,2,3944.442138671875,0.0,2410.640380859375,-0.9182925820350647,-0.39590275287628174,88888220
406,3,3945.207275390625,0.0,2410.153564453125,-0.9182925820350647,-0.39590275287628174,88888220
407,0,3911.865478515625,0.0,2393.579345703125,0.9182925820350647,0.39590275287628174,88888220
407,1,3911.100341796875,0.0,2394.066162109375,0.9182925820350647,0.39590275287628174,88888220
407,2,3911.271728515625,0.0,2394.956787109375,0.9182925820350647,0.39590275287628174,88888220
407,3,3910.506591796875,0.0,2395.443603515625,0.9182925820350647,0.39590275287628174,88888220
408,0,545.4976806640625,0.03443304821848869,1851.40869140625,0.6443613767623901,-0.7646934390068054,88888010
408,1,545.7425537109375,0.03775109350681305,1852.281982421875,0.6443613767623901,-0.7646934390068054,88888010
408,2,546.6447143554688,0.03444346785545349,1852.375244140625,0.6443613767623901,-0.7646934390068054,88888010
408,3,546.8896484375,0.03776151314377785,1853.24853515625,0.6443613767623901,-0.7646934390068054,88888010
409,0,561.0223388671875,-0.08912304788827896,1839.6114501953125,-0.6443613767623901,0.7646934390068054,88888030
409,1,560.7774658203125,-0.09244110435247421,1838.7381591796875,-0.6443613767623901,0.7646934390068054,88888030
409,2,559.8753051757812,-0.08913347125053406,1838.6448974609375,-0.6443613767623901,0.7646934390068054,88888030
409,3,559.63037109375,-0.09245152026414871,1837.7716064453125,-0.6443613767623901,0.7646934390068054,88888030
410,0,854.8436279296875,0.0,2075.971435546875,0.749885082244873,0.6615681052207947,88888040
410,1,853.9649658203125,0.0,2076.196533203125,0.749885082244873,0.6615681052207947,88888040
410,2,853.8512573242188,0.0,2077.096435546875,0.749885082244873,0.6615681052207947,88888040
410,3,852.9725952148438,0.0,2077.3212890625,0.749885082244873,0.6615681052207947,88888040
411,0,866.1546630859375,0.0,2091.644775390625,-0.749885082244873,-0.6615681052207947,88888040
411,1,867.0333251953125,0.0,2091.419677734375,-0.749885082244873,-0.6615681052207947,88888040
411,2,867.1470336914062,0.0,2090.519775390625,-0.749885082244873,-0.6615681052207947,88888040
411,3,868.0256958007812,0.0,2090.294921875,-0.749885082244873,-0.6615681052207947,88888040
412,0,1405.136962890625,-0.05246830731630325,2620.037109375,-0.000864360888954252,0.9990968704223633,88888081
412,1,1404.387451171875,-0.07413537800312042,2619.52685546875,-0.000864360888954252,0.9990968704223633,88888081
412,2,1403.636962890625,-0.05247078835964203,2620.03564453125,-0.000864360888954252,0.9990968704223633,88888081
413,0,1401.8468017578125,-0.0028764496091753244,2642.705810546875,0.0008989038178697228,-0.999983012676239,88888081
413,1,1402.5963134765625,-0.0058111632242798805,2643.216552734375,0.0008989038178697228,-0.999983012676239,88888081
413,2,1403.3468017578125,-0.0028769054915755987,2642.707275390625,0.0008989038178697228,-0.999983012676239,88888081
414,0,3604.030517578125,0.0,1614.6300048828125,0.9222120046615601,-0.3866851329803467,88888230
414,1,3603.850341796875,0.0,1615.5189208984375,0.9222120046615601,-0.3866851329803467,88888230
414,2,3604.610595703125,0.0,1616.0133056640625,0.9222120046615601,-0.3866851329803467,88888230
414,3,3604.430419921875,0.0,1616.9022216796875,0.9222120046615601,-0.3866851329803467,88888230
415,0,3623.452392578125,0.0,1611.1165771484375,-0.9222120046615601,0.3866851329803467,88888240
415,1,3623.632568359375,0.0,1610.2276611328125,-0.9222120046615601,0.3866851329803467,88888240
415,2,3622.872314453125,0.0,1609.7332763671875,-0.9222120046615601,0.3866851329803467,88888240
415,3,3623.052490234375,0.0,1608.8443603515625,-0.9222120046615601,0.3866851329803467,88888240
416,0,2859.229248046875,0.0,2694.635986328125,-0.011711450293660164,-0.9999315738677979,88888100
416,1,2859.98486328125,0.0,2695.13720703125,-0.011711450293660164,-0.9999315738677979,88888100
416,2,2860.72900390625,0.0,2694.618408203125,-0.011711450293660164,-0.9999315738677979,88888100
416,3,2861.48486328125,0.0,2695.11962890625,-0.011711450293660164,-0.9999315738677979,88888100
417,0,2863.067626953125,0.0,2657.774658203125,0.011711450293660164,0.9999315738677979,88888140
417,1,2862.31201171875,0.0,2657.2734375,0.011711450293660164,0.9999315738677979,88888140
417,2,2861.56787109375,0.0,2657.792236328125,0.011711450293660164,0.9999315738677979,88888140
417,3,2860.81201171875,0.0,2657.291015625,0.011711450293660164,0.9999315738677979,88888140
418,0,567.3651733398438,-0.08553248643875122,1601.2088623046875,0.6934124827384949,-0.7204201817512512,88888031
418,1,567.5518798828125,-0.07880816608667374,1602.096435546875,0.6934124827384949,-0.7204201817512512,88888031
418,2,568.4458618164062,-0.08554136753082275,1602.2491455078125,0.6934124827384949,-0.7204201817512512,88888031
418,3,568.6326293945312,-0.07881704717874527,1603.1365966796875,0.6934124827384949,-0.7204201817512512,88888031
419,0,588.0250854492188,-0.08445132523775101,1582.04345703125,-0.5824186205863953,0.8128260970115662,88888030
419,1,587.7124633789062,-0.07928702235221863,1581.1920166015625,-0.5824186205863953,0.8128260970115662,88888030
419,2,586.8057861328125,-0.08445528894662857,1581.1697998046875,-0.5824186205863953,0.8128260970115662,88888030
419,3,586.4931640625,-0.07929098606109619,1580.318359375,-0.5824186205863953,0.8128260970115662,88888030
420,0,3532.1923828125,0.0,710.321533203125,0.46890076994895935,0.8832508325576782,88888240
420,1,3531.290771484375,0.0,710.2227783203125,0.46890076994895935,0.8832508325576782,88888240
420,2,3530.867431640625,0.0,711.02490234375,0.46890076994895935,0.8832508325576782,88888240
420,3,3529.9658203125,0.0,710.9260864257812,0.46890076994895935,0.8832508325576782,88888240
421,0,3545.647705078125,0.0,744.7735595703125,-0.46890076994895935,-0.8832508325576782,88888240
421,1,3546.54931640625,0.0,744.872314453125,-0.46890076994895935,-0.8832508325576782,88888240
421,2,3546.97265625,0.0,744.0701904296875,-0.46890076994895935,-0.8832508325576782,88888240
421,3,3547.874267578125,0.0,744.1690063476562,-0.46890076994895935,-0.8832508325576782,88888240
422,0,2408.00732421875,0.0,1087.7716064453125,0.031986307352781296,0.9994882941246033,88888180
422,1,2407.241455078125,0.0,1087.2857666015625,0.031986307352781296,0.9994882941246033,88888180
422,2,2406.50830078125,0.0,1087.819580078125,0.031986307352781296,0.9994882941246033,88888180
422,3,2405.7421875,0.0,1087.333740234375,0.031986307352781296,0.9994882941246033,88888180
423,0,2404.913818359375,0.0,1124.5872802734375,-0.031986307352781296,-0.9994882941246033,88888181
423,1,2405.6796875,0.0,1125.0731201171875,-0.031986307352781296,-0.9994882941246033,88888181
423,2,2406.412841796875,0.0,1124.539306640625,-0.031986307352781296,-0.9994882941246033,88888181
423,3,2407.178955078125,0.0,1125.025146484375,-0.031986307352781296,-0.9994882941246033,88888181
424,0,3016.25,-0.08937464654445648,1853.0650634765625,0.009296450763940811,-0.9999566078186035,88888160
424,1,3016.995361328125,-0.08902334421873093,1853.5821533203125,0.009296450763940811,-0.9999566078186035,88888160
424,2,3017.75,-0.08936990797519684,1853.0791015625,0.009296450763940811,-0.9999566078186035,88888160
424,3,3018.495361328125,-0.08901860564947128,1853.5960693359375,0.009296450763940811,-0.9999566078186035,88888160
425,0,3020.603759765625,-0.0955253466963768,1844.095703125,-0.009296450763940811,0.9999566078186035,88888160
425,1,3019.8583984375,-0.09587664902210236,1843.57861328125,-0.009296450763940811,0.9999566078186035,88888160
425,2,3019.103759765625,-0.09553008526563644,1844.0816650390625,-0.009296450763940811,0.9999566078186035,88888160
425,3,3018.3583984375,-0.095881387591362,1843.564697265625,-0.009296450763940811,0.9999566078186035,88888160
426,0,3628.0322265625,0.0,1771.7806396484375,0.9955430626869202,-0.09430921077728271,88888230
426,1,3627.59521484375,0.0,1772.575439453125,0.9955430626869202,-0.09430921077728271,88888230
426,2,3628.173828125,0.0,1773.27392578125,0.9955430626869202,-0.09430921077728271,88888230
426,3,3627.736572265625,0.0,1774.0687255859375,0.9955430626869202,-0.09430921077728271,88888230
427,0,3647.224853515625,0.0,1774.251708984375,-0.9955430626869202,0.09430921077728271,88888230
427,1,3647.661865234375,0.0,1773.4569091796875,-0.9955430626869202,0.09430921077728271,88888230
427,2,3647.083251953125,0.0,1772.7584228515625,-0.9955430626869202,0.09430921077728271,88888230
427,3,3647.5205078125,0.0,1771.963623046875,-0.9955430626869202,0.09430921077728271,88888230
428,0,2428.61181640625,0.032879237085580826,1853.53173828125,0.9999309182167053,0.00987795740365982,88888160
428,1,2428.094482421875,0.03613264858722687,1854.2767333984375,0.9999309182167053,0.00987795740365982,88888160
428,2,2428.59716796875,0.032879237085580826,1855.0316162109375,0.9999309182167053,0.00987795740365982,88888160
428,3,2428.07958984375,0.03613264858722687,1855.776611328125,0.9999309182167053,0.00987795740365982,88888160
429,0,2447.6728515625,-0.08899000287055969,1857.9901123046875,-0.9999309182167053,-0.00987795740365982,88888160
429,1,2448.190185546875,-0.09224341809749603,1857.2451171875,-0.9999309182167053,-0.00987795740365982,88888160
429,2,2447.6875,-0.08899000287055969,1856.490234375,-0.9999309182167053,-0.00987795740365982,88888160
429,3,2448.205078125,-0.09224341809749603,1855.7452392578125,-0.9999309182167053,-0.00987795740365982,88888160
430,0,740.7442016601562,-0.1353321373462677,1468.20458984375,0.5896141529083252,-0.7972607612609863,88888030
430,1,741.0464477539062,-0.2012951672077179,1469.0572509765625,0.5896141529083252,-0.7972607612609863,88888030
430,2,741.9501953125,-0.1353256106376648,1469.0965576171875,0.5896141529083252,-0.7972607612609863,88888030
430,3,742.2525024414062,-0.201288640499115,1469.9490966796875,0.5896141529083252,-0.7972607612609863,88888030
431,0,768.7677612304688,0.0,1454.0894775390625,-0.8322117924690247,0.5544577836990356,88888050
431,1,768.7763671875,0.0,1453.1826171875,-0.8322117924690247,0.5544577836990356,88888050
431,2,767.93603515625,0.0,1452.8411865234375,-0.8322117924690247,0.5544577836990356,88888050
431,3,767.9446411132812,0.0,1451.934326171875,-0.8322117924690247,0.5544577836990356,88888050
432,0,3346.56201171875,0.0,1920.271484375,0.9981260299682617,-0.06119406223297119,88888232
432,1,3346.098876953125,0.0,1921.05126953125,0.9981260299682617,-0.06119406223297119,88888232
432,2,3346.65380859375,0.0,1921.7686767578125,0.9981260299682617,-0.06119406223297119,88888232
432,3,3346.190673828125,0.0,1922.5484619140625,0.9981260299682617,-0.06119406223297119,88888232
433,0,3365.47412109375,0.0,1923.389892578125,-0.9981260299682617,0.06119406223297119,88888232
433,1,3365.937255859375,0.0,1922.610107421875,-0.9981260299682617,0.06119406223297119,88888232
433,2,3365.38232421875,0.0,1921.8927001953125,-0.9981260299682617,0.06119406223297119,88888232
433,3,3365.845458984375,0.0,1921.1129150390625,-0.9981260299682617,0.06119406223297119,88888232
434,0,2598.126708984375,0.0,1523.9713134765625,0.9999948143959045,-0.003239154815673828,88888250
434,1,2597.619140625,0.0,1524.7230224609375,0.9999948143959045,-0.003239154815673828,88888250
434,2,2598.131591796875,0.0,1525.4713134765625,0.9999948143959045,-0.003239154815673828,88888250
434,3,2597.6240234375,0.0,1526.2230224609375,0.9999948143959045,-0.003239154815673828,88888250
435,0,2617.5693359375,0.0,1528.178466796875,-0.9999948143959045,0.003239154815673828,88888250
435,1,2618.076904296875,0.0,1527.4267578125,-0.9999948143959045,0.003239154815673828,88888250
435,2,2617.564453125,0.0,1526.678466796875,-0.9999948143959045,0.003239154815673828,88888250
435,3,2618.072021484375,0.0,1525.9267578125,-0.9999948143959045,0.003239154815673828,88888250
436,0,898.24462890625,-0.08864782750606537,2440.65234375,0.5177988409996033,-0.8555023670196533,88888080
436,1,898.6221313476562,-0.08867620676755905,2441.47705078125,0.5177988409996033,-0.8555023670196533,88888080
436,2,899.52783203125,-0.08864782750606537,2441.428955078125,0.5177988409996033,-0.8555023670196533,88888080
436,3,899.9053955078125,-0.08867620676755905,2442.253662109375,0.5177988409996033,-0.8555023670196533,88888080
437,0,920.9314575195312,-0.08660217374563217,2411.415771484375,-0.5177988409996033,0.8555023670196533,88888080
437,1,920.553955078125,-0.08657379448413849,2410.591064453125,-0.5177988409996033,0.8555023670196533,88888080
437,2,919.6482543945312,-0.08660217374563217,2410.63916015625,-0.5177988409996033,0.8555023670196533,88888080
437,3,919.2706909179688,-0.08657379448413849,2409.814453125,-0.5177988409996033,0.8555023670196533,88888080
438,0,4013.321533203125,0.0,1440.824951171875,-0.053921882063150406,0.9985451698303223,88888260
438,1,4012.600341796875,0.0,1440.2752685546875,-0.053921882063150406,0.9985451698303223,88888260
438,2,4011.82373046875,0.0,1440.7440185546875,-0.053921882063150406,0.9985451698303223,88888260
438,3,4011.1025390625,0.0,1440.1943359375,-0.053921882063150406,0.9985451698303223,88888260
439,0,4007.5087890625,0.0,1469.284912109375,0.053921882063150406,-0.9985451698303223,88888240
439,1,4008.22998046875,0.0,1469.8345947265625,0.053921882063150406,-0.9985451698303223,88888240
439,2,4009.006591796875,0.0,1469.3658447265625,0.053921882063150406,-0.9985451698303223,88888240
439,3,4009.727783203125,0.0,1469.91552734375,0.053921882063150406,-0.9985451698303223,88888240
440,0,2776.7509765625,0.0,2492.532470703125,-0.05003436282277107,-0.9987475872039795,88888100
440,1,2777.525634765625,0.0,2493.004150390625,-0.05003436282277107,-0.9987475872039795,88888100
440,2,2778.2490234375,0.0,2492.457275390625,-0.05003436282277107,-0.9987475872039795,88888100
440,3,2779.023681640625,0.0,2492.928955078125,-0.05003436282277107,-0.9987475872039795,88888100
441,0,2780.071533203125,0.0,2473.468994140625,0.05003436282277107,0.9987475872039795,88888140
441,1,2779.296875,0.0,2472.997314453125,0.05003436282277107,0.9987475872039795,88888140
441,2,2778.573486328125,0.0,2473.544189453125,0.05003436282277107,0.9987475872039795,88888140
441,3,2777.798828125,0.0,2473.072509765625,0.05003436282277107,0.9987475872039795,88888140
442,0,2848.134765625,0.0,1624.3616943359375,-0.03713984414935112,-0.9993102550506592,88888181
442,1,2848.9033203125,0.0,1624.8433837890625,-0.03713984414935112,-0.9993102550506592,88888181
442,2,2849.6337890625,0.0,1624.305908203125,-0.03713984414935112,-0.9993102550506592,88888181
442,3,2850.40234375,0.0,1624.7877197265625,-0.03713984414935112,-0.9993102550506592,88888181
443,0,2851.32470703125,0.0,1595.2197265625,0.03713984414935112,0.9993102550506592,88888250
443,1,2850.55615234375,0.0,1594.738037109375,0.03713984414935112,0.9993102550506592,88888250
443,2,2849.82568359375,0.0,1595.2755126953125,0.03713984414935112,0.9993102550506592,88888250
443,3,2849.05712890625,0.0,1594.793701171875,0.03713984414935112,0.9993102550506592,88888250
444,0,1386.4224853515625,0.0,1777.98681640625,-0.021332088857889175,-0.9997725486755371,88888060
444,1,1387.1832275390625,0.0,1778.480712890625,-0.021332088857889175,-0.9997725486755371,88888060
444,2,1387.922119140625,0.0,1777.954833984375,-0.021332088857889175,-0.9997725486755371,88888060
444,3,1388.682861328125,0.0,1778.44873046875,-0.021332088857889175,-0.9997725486755371,88888060
445,0,1390.0775146484375,0.0,1749.1141357421875,0.021332088857889175,0.9997725486755371,88888060
445,1,1389.3167724609375,0.0,1748.6202392578125,0.021332088857889175,0.9997725486755371,88888060
445,2,1388.577880859375,0.0,1749.1461181640625,0.021332088857889175,0.9997725486755371,88888060
445,3,1387.817138671875,0.0,1748.6522216796875,0.021332088857889175,0.9997725486755371,88888060
446,0,1427.822509765625,-0.012776460498571396,2631.5556640625,0.04452122747898102,0.9986974596977234,88888090
446,1,1427.050537109375,-0.025491176173090935,2631.079833984375,0.04452122747898102,0.9986974596977234,88888090
447,0,1424.79443359375,-0.010153214447200298,2646.540771484375,0.13068772852420807,-0.9912272691726685,88888090
447,1,1425.4713134765625,-0.02020835131406784,2647.14453125,0.13068772852420807,-0.9912272691726685,88888090
448,0,941.1399536132812,0.0,1957.166259765625,0.636339545249939,-0.7714091539382935,88888040
448,1,941.3939819335938,0.0,1958.0369873046875,0.636339545249939,-0.7714091539382935,88888040
448,2,942.2970581054688,0.0,1958.120849609375,0.636339545249939,-0.7714091539382935,88888040
448,3,942.5510864257812,0.0,1958.991455078125,0.636339545249939,-0.7714091539382935,88888040
449,0,962.7056274414062,0.0,1937.7333984375,-0.636339545249939,0.7714091539382935,88888040
449,1,962.4515991210938,0.0,1936.8626708984375,-0.636339545249939,0.7714091539382935,88888040
449,2,961.5485229492188,0.0,1936.77880859375,-0.636339545249939,0.7714091539382935,88888040
449,3,961.2944946289062,0.0,1935.908203125,-0.636339545249939,0.7714091539382935,88888040
450,0,3532.2783203125,0.0,1086.64306640625,0.9918875098228455,-0.12711882591247559,88888250
450,1,3531.867919921875,0.0,1087.4517822265625,0.9918875098228455,-0.12711882591247559,88888250
450,2,3532.468994140625,0.0,1088.130859375,0.9918875098228455,-0.12711882591247559,88888250
450,3,3532.05859375,0.0,1088.9395751953125,0.9918875098228455,-0.12711882591247559,88888250
451,0,3551.51318359375,0.0,1088.4827880859375,-0.9918875098228455,0.12711882591247559,88888240
451,1,3551.923583984375,0.0,1087.674072265625,-0.9918875098228455,0.12711882591247559,88888240
451,2,3551.322509765625,0.0,1086.9949951171875,-0.9918875098228455,0.12711882591247559,88888240
451,3,3551.73291015625,0.0,1086.186279296875,-0.9918875098228455,0.12711882591247559,88888240
452,0,3915.502685546875,0.0,1978.13623046875,-0.047715701162815094,0.9988609552383423,88888221
452,1,3914.77783203125,0.0,1977.5909423828125,-0.047715701162815094,0.9988609552383423,88888221
452,2,3914.00439453125,0.0,1978.0645751953125,-0.047715701162815094,0.9988609552383423,88888221
452,3,3913.279541015625,0.0,1977.5194091796875,-0.047715701162815094,0.9988609552383423,88888221
453,0,3909.8662109375,0.0,2006.636474609375,0.047715701162815094,-0.9988609552383423,88888221
453,1,3910.591064453125,0.0,2007.1817626953125,0.047715701162815094,-0.9988609552383423,88888221
453,2,3911.364501953125,0.0,2006.7081298828125,0.047715701162815094,-0.9988609552383423,88888221
453,3,3912.08935546875,0.0,2007.2532958984375,0.047715701162815094,-0.9988609552383423,88888221
454,0,524.5909423828125,-0.10707525163888931,1811.3387451171875,-0.5794726610183716,0.8140661120414734,88888030
454,1,524.2755126953125,-0.1268814355134964,1810.4886474609375,-0.5794726610183716,0.8140661120414734,88888030
454,2,523.3689575195312,-0.10708097368478775,1810.4688720703125,-0.5794726610183716,0.8140661120414734,88888030
454,3,523.053466796875,-0.12688715755939484,1809.6187744140625,-0.5794726610183716,0.8140661120414734,88888030
455,0,510.26092529296875,-0.0879996195435524,1824.111572265625,0.5797553658485413,-0.8147711753845215,88888010
455,1,510.5763244628906,-0.0851355493068695,1824.9619140625,0.5797553658485413,-0.8147711753845215,88888010
455,2,511.48309326171875,-0.0880105122923851,1824.981201171875,0.5797553658485413,-0.8147711753845215,88888010
455,3,511.7984924316406,-0.08514644205570221,1825.83154296875,0.5797553658485413,-0.8147711753845215,88888010
456,0,1441.3853759765625,0.0,1444.42333984375,0.7856830358505249,0.6186293363571167,88888071
456,1,1440.5206298828125,0.0,1444.6971435546875,0.7856830358505249,0.6186293363571167,88888071
456,2,1440.4573974609375,0.0,1445.6019287109375,0.7856830358505249,0.6186293363571167,88888071
456,3,1439.5926513671875,0.0,1445.8756103515625,0.7856830358505249,0.6186293363571167,88888071
457,0,1453.3880615234375,0.0,1459.3089599609375,-0.7856830358505249,-0.6186293363571167,88888070
457,1,1454.2528076171875,0.0,1459.03515625,-0.7856830358505249,-0.6186293363571167,88888070
457,2,1454.3160400390625,0.0,1458.13037109375,-0.7856830358505249,-0.6186293363571167,88888070
457,3,1455.1807861328125,0.0,1457.856689453125,-0.7856830358505249,-0.6186293363571167,88888070
458,0,913.8165893554688,0.0,1560.6561279296875,0.9900797009468079,-0.14050710201263428,88888050
458,1,913.4170532226562,0.0,1561.4703369140625,0.9900797009468079,-0.14050710201263428,88888050
458,2,914.02734375,0.0,1562.1412353515625,0.9900797009468079,-0.14050710201263428,88888050
458,3,913.6278076171875,0.0,1562.9554443359375,0.9900797009468079,-0.14050710201263428,88888050
459,0,932.2926025390625,0.0,1562.3466796875,-0.9900797009468079,0.14050710201263428,88888060
459,1,932.692138671875,0.0,1561.532470703125,-0.9900797009468079,0.14050710201263428,88888060
459,2,932.0818481445312,0.0,1560.861572265625,-0.9900797009468079,0.14050710201263428,88888060
459,3,932.4813842773438,0.0,1560.04736328125,-0.9900797009468079,0.14050710201263428,88888060
460,0,3755.013427734375,0.0,1761.1737060546875,0.9996768236160278,0.025426208972930908,88888230
460,1,3754.484619140625,0.0,1761.9105224609375,0.9996768236160278,0.025426208972930908,88888230
460,2,3754.975341796875,0.0,1762.6732177734375,0.9996768236160278,0.025426208972930908,88888230
460,3,3754.446533203125,0.0,1763.4100341796875,0.9996768236160278,0.025426208972930908,88888230
461,0,3783.702392578125,0.0,1766.1746826171875,-0.9996768236160278,-0.025426208972930908,88888220
461,1,3784.231201171875,0.0,1765.4378662109375,-0.9996768236160278,-0.025426208972930908,88888220
461,2,3783.740478515625,0.0,1764.6751708984375,-0.9996768236160278,-0.025426208972930908,88888220
461,3,3784.269287109375,0.0,1763.9383544921875,-0.9996768236160278,-0.025426208972930908,88888220
462,0,3647.84423828125,0.002956696320325136,1964.8231201171875,0.996846079826355,-0.079237200319767,88888231
462,1,3647.395263671875,0.005206689704209566,1965.6112060546875,0.996846079826355,-0.079237200319767,88888231
462,2,3647.963134765625,0.0029486583080142736,1966.318359375,0.996846079826355,-0.079237200319767,88888231
462,3,3647.51416015625,0.005198651924729347,1967.1064453125,0.996846079826355,-0.079237200319767,88888231
463,0,3667.33642578125,-0.08198581635951996,1967.55712890625,-0.996846079826355,0.079237200319767,88888230
463,1,3667.785400390625,-0.08423580229282379,1966.76904296875,-0.996846079826355,0.079237200319767,88888230
463,2,3667.217529296875,-0.08197777718305588,1966.0618896484375,-0.996846079826355,0.079237200319767,88888230
463,3,3667.66650390625,-0.08422776311635971,1965.2738037109375,-0.996846079826355,0.079237200319767,88888230
464,0,2764.30078125,0.0,2047.03369140625,-0.0031206009443849325,0.9999951124191284,88888160
464,1,2763.552490234375,0.0,2046.521240234375,-0.0031206009443849325,0.9999951124191284,88888160
464,2,2762.80078125,0.0,2047.0289306640625,-0.0031206009443849325,0.9999951124191284,88888160
464,3,2762.052490234375,0.0,2046.5166015625,-0.0031206009443849325,0.9999951124191284,88888160
465,0,2759.97216796875,0.0,2065.85791015625,0.0031206009443849325,-0.9999951124191284,88888140
465,1,2760.720458984375,0.0,2066.3701171875,0.0031206009443849325,-0.9999951124191284,88888140
465,2,2761.47216796875,0.0,2065.862548828125,0.0031206009443849325,-0.9999951124191284,88888140
465,3,2762.220458984375,0.0,2066.374755859375,0.0031206009443849325,-0.9999951124191284,88888140
466,0,2692.02734375,0.0,1116.010009765625,0.9684876203536987,-0.24906253814697266,88888190
466,1,2691.72021484375,0.0,1116.863525390625,0.9684876203536987,-0.24906253814697266,88888190
466,2,2692.40087890625,0.0,1117.4627685546875,0.9684876203536987,-0.24906253814697266,88888190
466,3,2692.09375,0.0,1118.316162109375,0.9684876203536987,-0.24906253814697266,88888190
467,0,2711.782958984375,0.0,1115.3385009765625,-0.9684876203536987,0.24906253814697266,88888190
467,1,2712.090087890625,0.0,1114.4849853515625,-0.9684876203536987,0.24906253814697266,88888190
467,2,2711.409423828125,0.0,1113.8857421875,-0.9684876203536987,0.24906253814697266,88888190
467,3,2711.716552734375,0.0,1113.0323486328125,-0.9684876203536987,0.24906253814697266,88888190
468,0,1407.5623779296875,0.0,2214.109619140625,-0.9945945143699646,-0.10383665561676025,88888110
468,1,1408.1474609375,0.0,2213.41650390625,-0.9945945143699646,-0.10383665561676025,88888110
468,2,1407.7181396484375,0.0,2212.61767578125,-0.9945945143699646,-0.10383665561676025,88888110
468,3,1408.30322265625,0.0,2211.9248046875,-0.9945945143699646,-0.10383665561676025,88888110
469,0,1388.518310546875,0.0,2207.827880859375,0.9945945143699646,0.10383665561676025,88888110
469,1,1387.9332275390625,0.0,2208.52099609375,0.9945945143699646,0.10383665561676025,88888110
469,2,1388.362548828125,0.0,2209.31982421875,0.9945945143699646,0.10383665561676025,88888110
469,3,1387.7774658203125,0.0,2210.0126953125,0.9945945143699646,0.10383665561676025,88888110
470,0,1320.2852783203125,0.0,1356.2510986328125,0.21051372587680817,-0.9775912761688232,88888071
470,1,1320.9110107421875,0.0,1356.9075927734375,0.21051372587680817,-0.9775912761688232,88888071
470,2,1321.751708984375,0.0,1356.56689453125,0.21051372587680817,-0.9775912761688232,88888071
470,3,1322.37744140625,0.0,1357.2232666015625,0.21051372587680817,-0.9775912761688232,88888071
471,0,1328.6697998046875,0.0,1337.5982666015625,-0.21051372587680817,0.9775912761688232,88888071
471,1,1328.0440673828125,0.0,1336.9417724609375,-0.21051372587680817,0.9775912761688232,88888071
471,2,1327.203369140625,0.0,1337.282470703125,-0.21051372587680817,0.9775912761688232,88888071
471,3,1326.57763671875,0.0,1336.6260986328125,-0.21051372587680817,0.9775912761688232,88888071
472,0,3387.6201171875,0.0,2383.81103515625,0.3187924325466156,-0.9478247165679932,88888200
472,1,3388.16845703125,0.0,2384.53369140625,0.3187924325466156,-0.9478247165679932,88888200
472,2,3389.0419921875,0.0,2384.289306640625,0.3187924325466156,-0.9478247165679932,88888200
472,3,3389.590087890625,0.0,2385.01171875,0.3187924325466156,-0.9478247165679932,88888200
473,0,3400.749755859375,0.0,2358.16943359375,-0.3187924325466156,0.9478247165679932,88888210
473,1,3400.201416015625,0.0,2357.44677734375,-0.3187924325466156,0.9478247165679932,88888210
473,2,3399.327880859375,0.0,2357.691162109375,-0.3187924325466156,0.9478247165679932,88888210
473,3,3398.77978515625,0.0,2356.96875,-0.3187924325466156,0.9478247165679932,88888210
474,0,1507.605224609375,0.0,2032.517333984375,-0.010606030002236366,0.999943733215332,88888150
474,1,1506.860595703125,0.0,2031.9993896484375,-0.010606030002236366,0.999943733215332,88888150
474,2,1506.1053466796875,0.0,2032.50146484375,-0.010606030002236366,0.999943733215332,88888150
474,3,1505.3607177734375,0.0,2031.9835205078125,-0.010606030002236366,0.999943733215332,88888150
475,0,1503.134765625,0.0,2051.40234375,0.010606030002236366,-0.999943733215332,88888110
475,1,1503.87939453125,0.0,2051.92041015625,0.010606030002236366,-0.999943733215332,88888110
475,2,1504.6346435546875,0.0,2051.418212890625,0.010606030002236366,-0.999943733215332,88888110
475,3,1505.3792724609375,0.0,2051.936279296875,0.010606030002236366,-0.999943733215332,88888110
476,0,3620.72802734375,0.0,2738.924560546875,-0.23043982684612274,-0.9730867147445679,88888200
476,1,3621.575439453125,0.0,2739.248046875,-0.23043982684612274,-0.9730867147445679,88888200
476,2,3622.187744140625,0.0,2738.578857421875,-0.23043982684612274,-0.9730867147445679,88888200
476,3,3623.034912109375,0.0,2738.90234375,-0.23043982684612274,-0.9730867147445679,88888200
477,0,3616.416748046875,0.0,2702.188720703125,0.23043982684612274,0.9730867147445679,88888200
477,1,3615.5693359375,0.0,2701.865234375,0.23043982684612274,0.9730867147445679,88888200
477,2,3614.95703125,0.0,2702.534423828125,0.23043982684612274,0.9730867147445679,88888200
477,3,3614.10986328125,0.0,2702.2109375,0.23043982684612274,0.9730867147445679,88888200
478,0,1899.130859375,0.0,2026.3724365234375,0.9999869465827942,0.00510638952255249,88888150
478,1,1898.6170654296875,0.0,2027.119873046875,0.9999869465827942,0.00510638952255249,88888150
478,2,1899.123291015625,0.0,2027.8724365234375,0.9999869465827942,0.00510638952255249,88888150
478,3,1898.609375,0.0,2028.619873046875,0.9999869465827942,0.00510638952255249,88888150
479,0,1927.8385009765625,0.0,2030.7891845703125,-0.9999869465827942,-0.00510638952255249,88888150
479,1,1928.352294921875,0.0,2030.041748046875,-0.9999869465827942,-0.00510638952255249,88888150
479,2,1927.8460693359375,0.0,2029.2891845703125,-0.9999869465827942,-0.00510638952255249,88888150
479,3,1928.3599853515625,0.0,2028.541748046875,-0.9999869465827942,-0.00510638952255249,88888150
480,0,2163.966552734375,0.0,2775.217529296875,-0.09683988988399506,-0.9952999353408813,88888100
480,1,2164.762451171875,0.0,2775.65234375,-0.09683988988399506,-0.9952999353408813,88888100
480,2,2165.45947265625,0.0,2775.072265625,-0.09683988988399506,-0.9952999353408813,88888100
480,3,2166.25537109375,0.0,2775.507080078125,-0.09683988988399506,-0.9952999353408813,88888100
481,0,2164.65625,0.0,2738.21044921875,0.09683988988399506,0.9952999353408813,88888100
481,1,2163.8603515625,0.0,2737.775634765625,0.09683988988399506,0.9952999353408813,88888100
481,2,2163.163330078125,0.0,2738.355712890625,0.09683988988399506,0.9952999353408813,88888100
481,3,2162.367431640625,0.0,2737.9208984375,0.09683988988399506,0.9952999353408813,88888100
482,0,2781.384521484375,0.0,2308.73486328125,0.9999967813491821,0.002531766891479492,88888140
482,1,2780.87255859375,0.0,2309.483642578125,0.9999967813491821,0.002531766891479492,88888140
482,2,2781.380859375,0.0,2310.23486328125,0.9999967813491821,0.002531766891479492,88888140
482,3,2780.868896484375,0.0,2310.983642578125,0.9999967813491821,0.002531766891479492,88888140
483,0,2800.214111328125,0.0,2313.052490234375,-0.9999967813491821,-0.002531766891479492,88888140
483,1,2800.72607421875,0.0,2312.3037109375,-0.9999967813491821,-0.002531766891479492,88888140
483,2,2800.2177734375,0.0,2311.552490234375,-0.9999967813491821,-0.002531766891479492,88888140
483,3,2800.729736328125,0.0,2310.8037109375,-0.9999967813491821,-0.002531766891479492,88888140
484,0,1438.463623046875,0.0,2500.782470703125,0.0036513586528599262,-0.9999933242797852,88888090
484,1,1439.2117919921875,0.0,2501.295166015625,0.0036513586528599262,-0.9999933242797852,88888090
484,2,1439.963623046875,0.0,2500.7880859375,0.0036513586528599262,-0.9999933242797852,88888090
484,3,1440.7117919921875,0.0,2501.30078125,0.0036513586528599262,-0.9999933242797852,88888090
485,0,1442.802734375,0.0,2481.881591796875,-0.0036513586528599262,0.9999933242797852,88888090
485,1,1442.0545654296875,0.0,2481.368896484375,-0.0036513586528599262,0.9999933242797852,88888090
485,2,1441.302734375,0.0,2481.8759765625,-0.0036513586528599262,0.9999933242797852,88888090
485,3,1440.5545654296875,0.0,2481.36328125,-0.0036513586528599262,0.9999933242797852,88888090
486,0,3757.284423828125,0.0,1970.9774169921875,-0.0002288087853230536,1.0,88888230
486,1,3756.534423828125,0.0,1970.46728515625,-0.0002288087853230536,1.0,88888230
486,2,3755.784423828125,0.0,1970.97705078125,-0.0002288087853230536,1.0,88888230
486,3,3755.034423828125,0.0,1970.4669189453125,-0.0002288087853230536,1.0,88888230
487,0,3753.008056640625,0.0,1999.7186279296875,0.0002288087853230536,-1.0,88888230
487,1,3753.758056640625,0.0,2000.228759765625,0.0002288087853230536,-1.0,88888230
487,2,3754.508056640625,0.0,1999.718994140625,0.0002288087853230536,-1.0,88888230
487,3,3755.258056640625,0.0,2000.2291259765625,0.0002288087853230536,-1.0,88888230
488,0,370.3919982910156,0.0,1784.6156005859375,0.9091241955757141,0.4165251851081848,88888010
488,1,369.6159362792969,0.0,1785.0850830078125,0.9091241955757141,0.4165251851081848,88888010
488,2,369.7672119140625,0.0,1785.9793701171875,0.9091241955757141,0.4165251851081848,88888010
488,3,368.99114990234375,0.0,1786.44873046875,0.9091241955757141,0.4165251851081848,88888010
489,0,401.9693298339844,0.0,1803.780029296875,-0.9091241955757141,-0.4165251851081848,88888010
489,1,402.7453918457031,0.0,1803.310546875,-0.9091241955757141,-0.4165251851081848,88888010
489,2,402.5941162109375,0.0,1802.416259765625,-0.9091241955757141,-0.4165251851081848,88888010
489,3,403.37017822265625,0.0,1801.9468994140625,-0.9091241955757141,-0.4165251851081848,88888010
490,0,3691.36669921875,0.0,2487.415283203125,0.9429799318313599,0.33284956216812134,88888200
490,1,3690.635986328125,0.0,2487.952880859375,0.9429799318313599,0.33284956216812134,88888200
490,2,3690.867431640625,0.0,2488.82958984375,0.9429799318313599,0.33284956216812134,88888200
490,3,3690.13671875,0.0,2489.3671875,0.9429799318313599,0.33284956216812134,88888200
491,0,3717.046875,0.0,2501.008056640625,-0.9429799318313599,-0.33284956216812134,88888200
491,1,3717.777587890625,0.0,2500.470458984375,-0.9429799318313599,-0.33284956216812134,88888200
491,2,3717.546142578125,0.0,2499.59375,-0.9429799318313599,-0.33284956216812134,88888200
491,3,3718.27685546875,0.0,2499.05615234375,-0.9429799318313599,-0.33284956216812134,88888200
492,0,2409.45751953125,0.0,1376.5841064453125,0.9996757507324219,0.02546447515487671,88888180
492,1,2408.928466796875,0.0,1377.3209228515625,0.9996757507324219,0.02546447515487671,88888180
492,2,2409.419189453125,0.0,1378.0836181640625,0.9996757507324219,0.02546447515487671,88888180
492,3,2408.890380859375,0.0,1378.8204345703125,0.9996757507324219,0.02546447515487671,88888180
493,0,2438.08056640625,0.0,1381.58447265625,-0.9996757507324219,-0.02546447515487671,88888250
493,1,2438.609619140625,0.0,1380.84765625,-0.9996757507324219,-0.02546447515487671,88888250
493,2,2438.118896484375,0.0,1380.0849609375,-0.9996757507324219,-0.02546447515487671,88888250
493,3,2438.647705078125,0.0,1379.34814453125,-0.9996757507324219,-0.02546447515487671,88888250
494,0,2450.068359375,0.0,2056.011474609375,0.07799042016267776,-0.9969542026519775,88888130
494,1,2450.776123046875,0.0,2056.57861328125,0.07799042016267776,-0.9969542026519775,88888130
494,2,2451.563720703125,0.0,2056.12841796875,0.07799042016267776,-0.9969542026519775,88888130
494,3,2452.271728515625,0.0,2056.695556640625,0.07799042016267776,-0.9969542026519775,88888130
495,0,2455.802001953125,0.0,2037.468017578125,-0.07799042016267776,0.9969542026519775,88888160
495,1,2455.09423828125,0.0,2036.901123046875,-0.07799042016267776,0.9969542026519775,88888160
495,2,2454.306640625,0.0,2037.35107421875,-0.07799042016267776,0.9969542026519775,88888160
495,3,2453.5986328125,0.0,2036.7841796875,-0.07799042016267776,0.9969542026519775,88888160
496,0,2577.405517578125,0.0,2255.2646484375,0.9995439648628235,0.03019958734512329,88888130
496,1,2576.873046875,0.0,2255.9990234375,0.9995439648628235,0.03019958734512329,88888130
496,2,2577.3603515625,0.0,2256.763916015625,0.9995439648628235,0.03019958734512329,88888130
496,3,2576.827880859375,0.0,2257.498291015625,0.9995439648628235,0.03019958734512329,88888130
497,0,2595.212890625,0.0,2260.07470703125,-0.9995439648628235,-0.03019958734512329,88888140
497,1,2595.745361328125,0.0,2259.34033203125,-0.9995439648628235,-0.03019958734512329,88888140
497,2,2595.258056640625,0.0,2258.575439453125,-0.9995439648628235,-0.03019958734512329,88888140
497,3,2595.79052734375,0.0,2257.841064453125,-0.9995439648628235,-0.03019958734512329,88888140
498,0,1436.9468994140625,0.0,1435.205810546875,0.6012502312660217,-0.7990608215332031,88888071
498,1,1437.2396240234375,0.0,1436.064208984375,0.6012502312660217,-0.7990608215332031,88888071
498,2,1438.1455078125,0.0,1436.107666015625,0.6012502312660217,-0.7990608215332031,88888071
498,3,1438.438232421875,0.0,1436.966064453125,0.6012502312660217,-0.7990608215332031,88888071
499,0,1451.69921875,0.0,1422.7021484375,-0.6012502312660217,0.7990608215332031,88888071
499,1,1451.406494140625,0.0,1421.84375,-0.6012502312660217,0.7990608215332031,88888071
499,2,1450.5006103515625,0.0,1421.80029296875,-0.6012502312660217,0.7990608215332031,88888071
499,3,1450.2078857421875,0.0,1420.94189453125,-0.6012502312660217,0.7990608215332031,88888071
500,0,2750.1376953125,0.0,1210.1507568359375,0.9999999403953552,6.973743438720703e-06,88888190
500,1,2749.627685546875,0.0,1210.9007568359375,0.9999999403953552,6.973743438720703e-06,88888190
500,2,2750.1376953125,0.0,1211.6507568359375,0.9999999403953552,6.973743438720703e-06,88888190
500,3,2749.627685546875,0.0,1212.4007568359375,0.9999999403953552,6.973743438720703e-06,88888190
501,0,2768.969482421875,0.0,1214.4208984375,-0.9999999403953552,-6.973743438720703e-06,88888190
501,1,2769.4794921875,0.0,1213.6708984375,-0.9999999403953552,-6.973743438720703e-06,88888190
501,2,2768.969482421875,0.0,1212.9208984375,-0.9999999403953552,-6.973743438720703e-06,88888190
501,3,2769.4794921875,0.0,1212.1708984375,-0.9999999403953552,-6.973743438720703e-06,88888190
502,0,3677.032958984375,0.0,1283.9237060546875,0.9984137415885925,0.05630481243133545,88888240
502,1,3676.4814453125,0.0,1284.643798828125,0.9984137415885925,0.05630481243133545,88888240
502,2,3676.948486328125,0.0,1285.4212646484375,0.9984137415885925,0.05630481243133545,88888240
502,3,3676.39697265625,0.0,1286.1414794921875,0.9984137415885925,0.05630481243133545,88888240
503,0,3706.545654296875,0.0,1289.8648681640625,-0.9984137415885925,-0.05630481243133545,88888260
503,1,3707.09716796875,0.0,1289.144775390625,-0.9984137415885925,-0.05630481243133545,88888260
503,2,3706.630126953125,0.0,1288.3673095703125,-0.9984137415885925,-0.05630481243133545,88888260
503,3,3707.181640625,0.0,1287.6470947265625,-0.9984137415885925,-0.05630481243133545,88888260
504,0,3012.99462890625,0.0,1628.200439453125,0.9960144758224487,-0.08919155597686768,88888181
504,1,3012.553466796875,0.0,1628.992919921875,0.9960144758224487,-0.08919155597686768,88888181
504,2,3013.12841796875,0.0,1629.6944580078125,0.9960144758224487,-0.08919155597686768,88888181
504,3,3012.687255859375,0.0,1630.4869384765625,0.9960144758224487,-0.08919155597686768,88888181
505,0,3041.977294921875,0.0,1629.8922119140625,-0.9960144758224487,0.08919155597686768,88888230
505,1,3042.41845703125,0.0,1629.0997314453125,-0.9960144758224487,0.08919155597686768,88888230
505,2,3041.843505859375,0.0,1628.398193359375,-0.9960144758224487,0.08919155597686768,88888230
505,3,3042.28466796875,0.0,1627.605712890625,-0.9960144758224487,0.08919155597686768,88888230
506,0,1810.8729248046875,0.0,2221.550537109375,0.003946747165173292,0.9999921917915344,88888110
506,1,1810.1209716796875,0.0,2221.043701171875,0.003946747165173292,0.9999921917915344,88888110
506,2,1809.3729248046875,0.0,2221.556640625,0.003946747165173292,0.9999921917915344,88888110
506,3,1808.6209716796875,0.0,2221.049560546875,0.003946747165173292,0.9999921917915344,88888110
507,0,1806.71630859375,0.0,2250.31103515625,-0.003946747165173292,-0.9999921917915344,88888120
507,1,1807.46826171875,0.0,2250.81787109375,-0.003946747165173292,-0.9999921917915344,88888120
507,2,1808.21630859375,0.0,2250.304931640625,-0.003946747165173292,-0.9999921917915344,88888120
507,3,1808.96826171875,0.0,2250.81201171875,-0.003946747165173292,-0.9999921917915344,88888120
508,0,2291.92236328125,0.0,2031.60302734375,0.0180134829133749,0.9998377561569214,88888150
508,1,2291.1630859375,0.0,2031.106689453125,0.0180134829133749,0.9998377561569214,88888150
508,2,2290.422607421875,0.0,2031.6300048828125,0.0180134829133749,0.9998377561569214,88888150
508,3,2289.663330078125,0.0,2031.1336669921875,0.0180134829133749,0.9998377561569214,88888150
509,0,2287.982666015625,0.0,2049.984375,-0.0180134829133749,-0.9998377561569214,88888130
509,1,2288.741943359375,0.0,2050.480712890625,-0.0180134829133749,-0.9998377561569214,88888130
509,2,2289.482421875,0.0,2049.957275390625,-0.0180134829133749,-0.9998377561569214,88888130
509,3,2290.24169921875,0.0,2050.453857421875,-0.0180134829133749,-0.9998377561569214,88888130
510,0,2744.425537109375,0.0,1186.6920166015625,0.616068959236145,-0.7876924276351929,88888190
510,1,2744.701904296875,0.0,1187.5557861328125,0.616068959236145,-0.7876924276351929,88888190
510,2,2745.60693359375,0.0,1187.6160888671875,0.616068959236145,-0.7876924276351929,88888190
510,3,2745.883544921875,0.0,1188.4798583984375,0.616068959236145,-0.7876924276351929,88888190
511,0,2759.386962890625,0.0,1174.4937744140625,-0.616068959236145,0.7876924276351929,88888190
511,1,2759.110595703125,0.0,1173.6300048828125,-0.616068959236145,0.7876924276351929,88888190
511,2,2758.20556640625,0.0,1173.5697021484375,-0.616068959236145,0.7876924276351929,88888190
511,3,2757.928955078125,0.0,1172.7059326171875,-0.616068959236145,0.7876924276351929,88888190
512,0,635.09814453125,0.0,2299.549072265625,0.7476266026496887,0.6641192436218262,88888010
512,1,634.21875,0.0,2299.771240234375,0.7476266026496887,0.6641192436218262,88888010
512,2,634.1019287109375,0.0,2300.67041015625,0.7476266026496887,0.6641192436218262,88888010
512,3,633.2225952148438,0.0,2300.892578125,0.7476266026496887,0.6641192436218262,88888010
513,0,646.5183715820312,0.0,2315.405029296875,-0.7476266026496887,-0.6641192436218262,88888020
513,1,647.3977661132812,0.0,2315.182861328125,-0.7476266026496887,-0.6641192436218262,88888020
513,2,647.5145874023438,0.0,2314.28369140625,-0.7476266026496887,-0.6641192436218262,88888020
513,3,648.3939208984375,0.0,2314.0615234375,-0.7476266026496887,-0.6641192436218262,88888020
514,0,3034.697998046875,-0.017505325376987457,1856.38134765625,-0.9997154474258423,-1.9150320440530777e-08,88888160
514,1,3035.207763671875,-0.02967434749007225,1855.63134765625,-0.9997154474258423,-1.9150320440530777e-08,88888160
514,2,3034.697998046875,-0.017505327239632607,1854.88134765625,-0.9997154474258423,-1.9150320440530777e-08,88888160
515,0,3020.183837890625,-0.01193278282880783,1853.1112060546875,0.99977707862854,2.0336301531642675e-08,88888160
515,1,3019.674072265625,-0.0227018091827631,1853.8612060546875,0.99977707862854,2.0336301531642675e-08,88888160
515,2,3020.183837890625,-0.011932783760130405,1854.6112060546875,0.99977707862854,2.0336301531642675e-08,88888160
516,0,3085.9599609375,0.0,2070.897216796875,0.9754527807235718,0.2202087640762329,88888140
516,1,3085.297119140625,0.0,2071.516357421875,0.9754527807235718,0.2202087640762329,88888140
516,2,3085.629638671875,0.0,2072.3603515625,0.9754527807235718,0.2202087640762329,88888140
516,3,3084.966796875,0.0,2072.9794921875,0.9754527807235718,0.2202087640762329,88888140
517,0,3113.9033203125,0.0,2081.582763671875,-0.9754527807235718,-0.2202087640762329,88888210
517,1,3114.566162109375,0.0,2080.963623046875,-0.9754527807235718,-0.2202087640762329,88888210
517,2,3114.233642578125,0.0,2080.11962890625,-0.9754527807235718,-0.2202087640762329,88888210
517,3,3114.896484375,0.0,2079.50048828125,-0.9754527807235718,-0.2202087640762329,88888210
518,0,3549.689453125,0.0,2383.541015625,0.551770806312561,0.8339958190917969,88888210
518,1,3548.782470703125,0.0,2383.529541015625,0.551770806312561,0.8339958190917969,88888210
518,2,3548.4384765625,0.0,2384.36865234375,0.551770806312561,0.8339958190917969,88888210
518,3,3547.531494140625,0.0,2384.357177734375,0.551770806312561,0.8339958190917969,88888210
519,0,3562.052978515625,0.0,2409.966796875,-0.551770806312561,-0.8339958190917969,88888210
519,1,3562.9599609375,0.0,2409.978271484375,-0.551770806312561,-0.8339958190917969,88888210
519,2,3563.303955078125,0.0,2409.13916015625,-0.551770806312561,-0.8339958190917969,88888210
519,3,3564.2109375,0.0,2409.150634765625,-0.551770806312561,-0.8339958190917969,88888210
520,0,795.3777465820312,0.0,1836.4788818359375,0.6509885787963867,-0.7590876817703247,88888040
520,1,795.6150512695312,0.0,1837.354248046875,0.6509885787963867,-0.7590876817703247,88888040
520,2,796.5164184570312,0.0,1837.4554443359375,0.6509885787963867,-0.7590876817703247,88888040
520,3,796.753662109375,0.0,1838.3306884765625,0.6509885787963867,-0.7590876817703247,88888040
521,0,817.344970703125,0.0,1817.42333984375,-0.6509885787963867,0.7590876817703247,88888040
521,1,817.107666015625,0.0,1816.5479736328125,-0.6509885787963867,0.7590876817703247,88888040
521,2,816.206298828125,0.0,1816.44677734375,-0.6509885787963867,0.7590876817703247,88888040
521,3,815.9690551757812,0.0,1815.571533203125,-0.6509885787963867,0.7590876817703247,88888040
522,0,3433.146728515625,-0.03605227172374725,1825.7440185546875,-0.9978833794593811,0.06499972939491272,88888231
522,1,3433.607177734375,-0.0370582714676857,1824.96240234375,-0.9978833794593811,0.06499972939491272,88888231
522,2,3433.04931640625,-0.036040518432855606,1824.2471923828125,-0.9978833794593811,0.06499972939491272,88888231
522,3,3433.509521484375,-0.037046514451503754,1823.465576171875,-0.9978833794593811,0.06499972939491272,88888231
523,0,3414.248046875,0.0010052568977698684,1822.6959228515625,0.9978833794593811,-0.06499972939491272,88888230
523,1,3413.78759765625,0.0020112544298171997,1823.4775390625,0.9978833794593811,-0.06499972939491272,88888230
523,2,3414.345458984375,0.0009935017442330718,1824.1927490234375,0.9978833794593811,-0.06499972939491272,88888230
523,3,3413.88525390625,0.001999499276280403,1824.974365234375,0.9978833794593811,-0.06499972939491272,88888230
524,0,3201.9560546875,-0.09253358840942383,1052.726318359375,0.27700820565223694,0.9608675241470337,88888240
524,1,3201.093994140625,-0.0926077738404274,1052.444091796875,0.27700820565223694,0.9608675241470337,88888240
524,2,3200.5146484375,-0.09253836423158646,1053.141845703125,0.27700820565223694,0.9608675241470337,88888240
524,3,3199.652587890625,-0.09261254221200943,1052.859619140625,0.27700820565223694,0.9608675241470337,88888240
525,0,3202.951171875,-0.08995641022920609,1071.5938720703125,-0.27700820565223694,-0.9608675241470337,88888250
525,1,3203.813232421875,-0.08988222479820251,1071.8760986328125,-0.27700820565223694,-0.9608675241470337,88888250
525,2,3204.392578125,-0.08995163440704346,1071.1783447265625,-0.27700820565223694,-0.9608675241470337,88888250
525,3,3205.254638671875,-0.08987745642662048,1071.4605712890625,-0.27700820565223694,-0.9608675241470337,88888250
526,0,2137.86376953125,0.0,2599.494140625,0.9999908208847046,0.004282772541046143,88888100
526,1,2137.3505859375,0.0,2600.241943359375,0.9999908208847046,0.004282772541046143,88888100
526,2,2137.857421875,0.0,2600.994140625,0.9999908208847046,0.004282772541046143,88888100
526,3,2137.34423828125,0.0,2601.741943359375,0.9999908208847046,0.004282772541046143,88888100
527,0,2156.6884765625,0.0,2603.844970703125,-0.9999908208847046,-0.004282772541046143,88888100
527,1,2157.20166015625,0.0,2603.09716796875,-0.9999908208847046,-0.004282772541046143,88888100
527,2,2156.69482421875,0.0,2602.344970703125,-0.9999908208847046,-0.004282772541046143,88888100
527,3,2157.2080078125,0.0,2601.59716796875,-0.9999908208847046,-0.004282772541046143,88888100
528,0,3637.045166015625,0.0,2185.35888671875,0.9997949004173279,0.020259559154510498,88888210
528,1,3636.52001953125,0.0,2186.098388671875,0.9997949004173279,0.020259559154510498,88888210
528,2,3637.014892578125,0.0,2186.858642578125,0.9997949004173279,0.020259559154510498,88888210
528,3,3636.489501953125,0.0,2187.59814453125,0.9997949004173279,0.020259559154510498,88888210
529,0,3666.06640625,0.0,2190.217529296875,-0.9997949004173279,-0.020259559154510498,88888210
529,1,3666.591552734375,0.0,2189.47802734375,-0.9997949004173279,-0.020259559154510498,88888210
529,2,3666.0966796875,0.0,2188.7177734375,-0.9997949004173279,-0.020259559154510498,88888210
529,3,3666.6220703125,0.0,2187.978271484375,-0.9997949004173279,-0.020259559154510498,88888210
530,0,267.1835632324219,0.0,2062.38916015625,0.9900102019309998,-0.14099574089050293,88888010
530,1,266.7843933105469,0.0,2063.203857421875,0.9900102019309998,-0.14099574089050293,88888010
530,2,267.3950500488281,0.0,2063.874267578125,0.9900102019309998,-0.14099574089050293,88888010
530,3,266.9958801269531,0.0,2064.688720703125,0.9900102019309998,-0.14099574089050293,88888010
531,0,304.4559326171875,0.0,2061.39404296875,-0.9900102019309998,0.14099574089050293,88888010
531,1,304.8551025390625,0.0,2060.579345703125,-0.9900102019309998,0.14099574089050293,88888010
531,2,304.24444580078125,0.0,2059.908935546875,-0.9900102019309998,0.14099574089050293,88888010
531,3,304.64361572265625,0.0,2059.094482421875,-0.9900102019309998,0.14099574089050293,88888010
532,0,3586.632080078125,0.0,1287.1875,0.1083742305636406,0.9941101670265198,88888240
532,1,3585.83154296875,0.0,1286.76171875,0.1083742305636406,0.9941101670265198,88888240
532,2,3585.14111328125,0.0,1287.3499755859375,0.1083742305636406,0.9941101670265198,88888240
532,3,3584.34033203125,0.0,1286.92431640625,0.1083742305636406,0.9941101670265198,88888240
533,0,3584.432861328125,0.0,1306.412353515625,-0.1083742305636406,-0.9941101670265198,88888240
533,1,3585.2333984375,0.0,1306.838134765625,-0.1083742305636406,-0.9941101670265198,88888240
533,2,3585.923828125,0.0,1306.2498779296875,-0.1083742305636406,-0.9941101670265198,88888240
533,3,3586.724609375,0.0,1306.675537109375,-0.1083742305636406,-0.9941101670265198,88888240
534,0,712.8441162109375,-0.08698215335607529,1757.3406982421875,0.746531069278717,-0.6652336120605469,88888031
534,1,712.9623413085938,-0.08061672002077103,1758.2398681640625,0.746531069278717,-0.6652336120605469,88888031
534,2,713.842041015625,-0.08697961270809174,1758.4605712890625,0.746531069278717,-0.6652336120605469,88888031
534,3,713.9603271484375,-0.08061418682336807,1759.3597412109375,0.746531069278717,-0.6652336120605469,88888031
535,0,737.0101318359375,-0.08328167349100113,1741.5283203125,-0.7465618252754211,0.6653002500534058,88888040
535,1,736.8919067382812,-0.08093176782131195,1740.629150390625,-0.7465618252754211,0.6653002500534058,88888040
535,2,736.01220703125,-0.08327770978212357,1740.4085693359375,-0.7465618252754211,0.6653002500534058,88888040
535,3,735.8939208984375,-0.08092780411243439,1739.50927734375,-0.7465618252754211,0.6653002500534058,88888040
536,0,657.9931030273438,-4.796836705622809e-09,2100.147705078125,0.6648377180099487,-0.7469879388809204,88888010
536,1,658.2142944335938,-4.796836705622809e-09,2101.027099609375,0.6648377180099487,-0.7469879388809204,88888010
536,2,659.1135864257812,-4.796836705622809e-09,2101.14501953125,0.6648377180099487,-0.7469879388809204,88888010
536,3,659.3347778320312,-4.796836705622809e-09,2102.0244140625,0.6648377180099487,-0.7469879388809204,88888010
537,0,669.4619140625,-4.796836705622809e-09,2093.684326171875,-0.6648377180099487,0.7469879388809204,88888010
537,1,669.24072265625,-4.796836705622809e-09,2092.804931640625,-0.6648377180099487,0.7469879388809204,88888010
537,2,668.3414306640625,-4.796836705622809e-09,2092.68701171875,-0.6648377180099487,0.7469879388809204,88888010
537,3,668.1202392578125,-4.796836705622809e-09,2091.8076171875,-0.6648377180099487,0.7469879388809204,88888010
538,0,2983.779296875,0.0,1509.5576171875,0.9695456027984619,-0.24491119384765625,88888250
538,1,2983.46875,0.0,1510.40966796875,0.9695456027984619,-0.24491119384765625,88888250
538,2,2984.146728515625,0.0,1511.011962890625,0.9695456027984619,-0.24491119384765625,88888250
538,3,2983.8359375,0.0,1511.8638916015625,0.9695456027984619,-0.24491119384765625,88888250
539,0,3012.678955078125,0.0,1506.66162109375,-0.9695456027984619,0.24491119384765625,88888250
539,1,3012.989501953125,0.0,1505.8095703125,-0.9695456027984619,0.24491119384765625,88888250
539,2,3012.3115234375,0.0,1505.207275390625,-0.9695456027984619,0.24491119384765625,88888250
539,3,3012.622314453125,0.0,1504.3553466796875,-0.9695456027984619,0.24491119384765625,88888250
540,0,1898.581787109375,0.0,2254.145751953125,0.9999998807907104,0.000529170036315918,88888121
540,1,1898.0714111328125,0.0,2254.8955078125,0.9999998807907104,0.000529170036315918,88888121
540,2,1898.5810546875,0.0,2255.645751953125,0.9999998807907104,0.000529170036315918,88888121
540,3,1898.0706787109375,0.0,2256.3955078125,0.9999998807907104,0.000529170036315918,88888121
541,0,1927.26513671875,0.0,2258.430908203125,-0.9999998807907104,-0.000529170036315918,88888121
541,1,1927.7755126953125,0.0,2257.68115234375,-0.9999998807907104,-0.000529170036315918,88888121
541,2,1927.265869140625,0.0,2256.930908203125,-0.9999998807907104,-0.000529170036315918,88888121
541,3,1927.7762451171875,0.0,2256.18115234375,-0.9999998807907104,-0.000529170036315918,88888121
542,0,1615.0396728515625,0.0,2149.5166015625,-0.20811310410499573,-0.9781051874160767,88888110
542,1,1615.8792724609375,0.0,2149.859375,-0.20811310410499573,-0.9781051874160767,88888110
542,2,1616.5068359375,0.0,2149.204345703125,-0.20811310410499573,-0.9781051874160767,88888110
542,3,1617.346435546875,0.0,2149.547119140625,-0.20811310410499573,-0.9781051874160767,88888110
543,0,1615.4410400390625,0.0,2130.884765625,0.20811310410499573,0.9781051874160767,88888110
543,1,1614.6014404296875,0.0,2130.5419921875,0.20811310410499573,0.9781051874160767,88888110
543,2,1613.973876953125,0.0,2131.197021484375,0.20811310410499573,0.9781051874160767,88888110
543,3,1613.13427734375,0.0,2130.854248046875,0.20811310410499573,0.9781051874160767,88888110
544,0,760.652587890625,0.0,1662.49951171875,0.6425338387489319,-0.7662572860717773,88888030
544,1,760.8995971679688,0.0,1663.3721923828125,0.6425338387489319,-0.7662572860717773,88888030
544,2,761.802001953125,0.0,1663.46337890625,0.6425338387489319,-0.7662572860717773,88888030
544,3,762.0490112304688,0.0,1664.3359375,0.6425338387489319,-0.7662572860717773,88888030
545,0,773.1035766601562,0.0,1654.296630859375,-0.6425338387489319,0.7662572860717773,88888030
545,1,772.8565673828125,0.0,1653.4239501953125,-0.6425338387489319,0.7662572860717773,88888030
545,2,771.9541625976562,0.0,1653.332763671875,-0.6425338387489319,0.7662572860717773,88888030
545,3,771.7071533203125,0.0,1652.460205078125,-0.6425338387489319,0.7662572860717773,88888030
546,0,3181.39306640625,-0.11064660549163818,1090.459228515625,0.8576987981796265,-0.5141511559486389,88888190
546,1,3181.341064453125,-0.11129894852638245,1091.36474609375,0.8576987981796265,-0.5141511559486389,88888190
546,2,3182.164306640625,-0.1106429174542427,1091.7457275390625,0.8576987981796265,-0.5141511559486389,88888190
546,3,3182.1123046875,-0.11129525303840637,1092.6512451171875,0.8576987981796265,-0.5141511559486389,88888190
547,0,3199.751953125,-0.08646339178085327,1084.432373046875,-0.8576987981796265,0.5141511559486389,88888250
547,1,3199.803955078125,-0.08581104874610901,1083.52685546875,-0.8576987981796265,0.5141511559486389,88888250
547,2,3198.980712890625,-0.08646707981824875,1083.1458740234375,-0.8576987981796265,0.5141511559486389,88888250
547,3,3199.03271484375,-0.08581474423408508,1082.2403564453125,-0.8576987981796265,0.5141511559486389,88888250
548,0,1734.1436767578125,0.0,2053.2685546875,0.0026679527945816517,-0.9999964237213135,88888110
548,1,1734.892333984375,0.0,2053.780517578125,0.0026679527945816517,-0.9999964237213135,88888110
548,2,1735.6436767578125,0.0,2053.2724609375,0.0026679527945816517,-0.9999964237213135,88888110
548,3,1736.392333984375,0.0,2053.784423828125,0.0026679527945816517,-0.9999964237213135,88888110
549,0,1738.4639892578125,0.0,2034.435791015625,-0.0026679527945816517,0.9999964237213135,88888150
549,1,1737.71533203125,0.0,2033.9237060546875,-0.0026679527945816517,0.9999964237213135,88888150
549,2,1736.9639892578125,0.0,2034.4317626953125,-0.0026679527945816517,0.9999964237213135,88888150
549,3,1736.21533203125,0.0,2033.919677734375,-0.0026679527945816517,0.9999964237213135,88888150
550,0,1426.1148681640625,0.0148494066670537,1785.8974609375,-0.9999979734420776,0.001931895618326962,88888150
550,1,1426.6234130859375,0.015118302777409554,1785.146484375,-0.9999979734420776,0.001931895618326962,88888150
550,2,1426.1119384765625,0.01484862994402647,1784.3974609375,-0.9999979734420776,0.001931895618326962,88888150
550,3,1426.6204833984375,0.015117526054382324,1783.646484375,-0.9999979734420776,0.001931895618326962,88888150
551,0,1397.493408203125,-0.00026081191026605666,1781.6827392578125,0.9999979734420776,-0.001931895618326962,88888060
551,1,1396.98486328125,-0.0005297077586874366,1782.4337158203125,0.9999979734420776,-0.001931895618326962,88888060
551,2,1397.496337890625,-0.00026003553648479283,1783.1827392578125,0.9999979734420776,-0.001931895618326962,88888060
551,3,1396.98779296875,-0.0005289313849061728,1783.9337158203125,0.9999979734420776,-0.001931895618326962,88888060
552,0,4003.90283203125,0.0,1433.57958984375,-0.9681540131568909,0.25035572052001953,88888260
552,1,4004.208740234375,0.0,1432.725830078125,-0.9681540131568909,0.25035572052001953,88888260
552,2,4003.52734375,0.0,1432.1273193359375,-0.9681540131568909,0.25035572052001953,88888260
552,3,4003.833251953125,0.0,1431.2735595703125,-0.9681540131568909,0.25035572052001953,88888260
553,0,3984.594482421875,0.0,1434.1619873046875,0.9681540131568909,-0.25035572052001953,88888240
553,1,3984.28857421875,0.0,1435.0157470703125,0.9681540131568909,-0.25035572052001953,88888240
553,2,3984.969970703125,0.0,1435.6142578125,0.9681540131568909,-0.25035572052001953,88888240
553,3,3984.6640625,0.0,1436.468017578125,0.9681540131568909,-0.25035572052001953,88888240
554,0,3724.397705078125,0.0,2494.251220703125,0.32154402136802673,-0.9468947649002075,88888200
554,1,3724.94384765625,0.0,2494.975341796875,0.32154402136802673,-0.9468947649002075,88888200
554,2,3725.818115234375,0.0,2494.733642578125,0.32154402136802673,-0.9468947649002075,88888200
554,3,3726.3642578125,0.0,2495.45751953125,0.32154402136802673,-0.9468947649002075,88888200
555,0,3734.498779296875,0.0,2477.786376953125,-0.32154402136802673,0.9468947649002075,88888220
555,1,3733.95263671875,0.0,2477.062255859375,-0.32154402136802673,0.9468947649002075,88888220
555,2,3733.078369140625,0.0,2477.303955078125,-0.32154402136802673,0.9468947649002075,88888220
555,3,3732.5322265625,0.0,2476.580078125,-0.32154402136802673,0.9468947649002075,88888220
556,0,1405.4720458984375,0.0030668231192976236,2616.352294921875,0.9999693632125854,0.005677931942045689,88888081
556,1,1404.957763671875,0.005822008941322565,2617.099365234375,0.9999693632125854,0.005677931942045689,88888081
556,2,1405.463623046875,0.00306682288646698,2617.852294921875,0.9999693632125854,0.005677931942045689,88888081
556,3,1404.9493408203125,0.005822008475661278,2618.599365234375,0.9999693632125854,0.005677931942045689,88888081
557,0,1424.983642578125,0.03677043691277504,2620.7109375,-0.9933239221572876,0.013341350480914116,88888090
557,1,1425.4801025390625,0.09521172940731049,2619.9541015625,-0.9933239221572876,0.013341350480914116,88888090
557,2,1424.9635009765625,0.03677598387002945,2619.211181640625,-0.9933239221572876,0.013341350480914116,88888090
557,3,1425.4599609375,0.0952172726392746,2618.454345703125,-0.9933239221572876,0.013341350480914116,88888090
558,0,2168.16943359375,0.23607054352760315,2313.95068359375,-0.9984668493270874,0.0010586378630250692,88888121
558,1,2168.680419921875,0.2185015082359314,2313.201416015625,-0.9984668493270874,0.0010586378630250692,88888121
558,2,2168.1728515625,0.14448074996471405,2312.453369140625,-0.9984668493270874,0.0010586378630250692,88888121
558,3,2168.683837890625,0.1269117295742035,2311.704345703125,-0.9984668493270874,0.0010586378630250692,88888121
559,0,2140.72216796875,-0.2404024600982666,2309.71435546875,0.9999997615814209,-0.000786073855124414,88888121
559,1,2140.212890625,-0.19459743797779083,2310.463623046875,0.9999997615814209,-0.000786073855124414,88888121
559,2,2140.723388671875,-0.14879238605499268,2311.211669921875,0.9999997615814209,-0.000786073855124414,88888121
559,3,2140.2138671875,-0.10298735648393631,2311.960693359375,0.9999997615814209,-0.000786073855124414,88888121
560,0,3650.080810546875,0.01644560694694519,2003.7530517578125,0.978871762752533,-0.20413893461227417,88888231
560,1,3649.734619140625,0.022423991933465004,2004.5914306640625,0.978871762752533,-0.20413893461227417,88888231
560,2,3650.386962890625,0.0164432842284441,2005.2215576171875,0.978871762752533,-0.20413893461227417,88888231
560,3,3650.040771484375,0.022421669214963913,2006.059814453125,0.978871762752533,-0.20413893461227417,88888231
561,0,3669.15673828125,0.0,2007.032958984375,-0.9992695450782776,0.03821849822998047,88888230
561,1,3669.6376953125,0.0,2006.2640380859375,-0.9992695450782776,0.03821849822998047,88888230
561,2,3669.099365234375,0.0,2005.5340576171875,-0.9992695450782776,0.03821849822998047,88888230
561,3,3669.580322265625,0.0,2004.76513671875,-0.9992695450782776,0.03821849822998047,88888230
562,0,308.4478759765625,0.052016519010066986,2102.8974609375,-0.9591062664985657,0.28301745653152466,88888010
562,1,308.7247314453125,0.05407813936471939,2102.033935546875,-0.9591062664985657,0.28301745653152466,88888010
562,2,308.0233459472656,0.05201896280050278,2101.458984375,-0.9591062664985657,0.28301745653152466,88888010
562,3,308.3002014160156,0.05408058315515518,2100.59521484375,-0.9591062664985657,0.28301745653152466,88888010
563,0,273.26702880859375,-0.09107651561498642,2108.8271484375,0.9591062664985657,-0.28301745653152466,88888010
563,1,272.99017333984375,-0.09313813596963882,2109.690673828125,0.9591062664985657,-0.28301745653152466,88888010
563,2,273.6915588378906,-0.09107895940542221,2110.265625,0.9591062664985657,-0.28301745653152466,88888010
563,3,273.4147033691406,-0.09314057976007462,2111.12939453125,0.9591062664985657,-0.28301745653152466,88888010
564,0,3982.045166015625,0.0,1444.010986328125,0.17233043909072876,0.9850391745567322,88888240
564,1,3981.218505859375,0.0,1443.637939453125,0.17233043909072876,0.9850391745567322,88888240
564,2,3980.567626953125,0.0,1444.26953125,0.17233043909072876,0.9850391745567322,88888240
564,3,3979.740966796875,0.0,1443.8963623046875,0.17233043909072876,0.9850391745567322,88888240
565,0,3982.8017578125,0.0,1473.1131591796875,-0.17233043909072876,-0.9850391745567322,88888240
565,1,3983.62841796875,0.0,1473.4862060546875,-0.17233043909072876,-0.9850391745567322,88888240
565,2,3984.279296875,0.0,1472.8546142578125,-0.17233043909072876,-0.9850391745567322,88888240
565,3,3985.10595703125,0.0,1473.227783203125,-0.17233043909072876,-0.9850391745567322,88888240
566,0,4007.59814453125,0.0,2232.16748046875,-0.9516910910606384,-0.30705726146698,88888220
566,1,4008.313720703125,0.0,2231.610107421875,-0.9516910910606384,-0.30705726146698,88888220
566,2,4008.05859375,0.0,2230.73974609375,-0.9516910910606384,-0.30705726146698,88888220
566,3,4008.7744140625,0.0,2230.1826171875,-0.9516910910606384,-0.30705726146698,88888220
567,0,3974.224365234375,0.0,2216.91259765625,0.9516910910606384,0.30705726146698,88888220
567,1,3973.5087890625,0.0,2217.469970703125,0.9516910910606384,0.30705726146698,88888220
567,2,3973.763916015625,0.0,2218.34033203125,0.9516910910606384,0.30705726146698,88888220
567,3,3973.048095703125,0.0,2218.8974609375,0.9516910910606384,0.30705726146698,88888220
568,0,2518.50146484375,0.0,2061.231201171875,0.06810346990823746,-0.997678279876709,88888130
568,1,2519.215087890625,0.0,2061.791259765625,0.06810346990823746,-0.997678279876709,88888130
568,2,2519.998046875,0.0,2061.33349609375,0.06810346990823746,-0.997678279876709,88888130
568,3,2520.711669921875,0.0,2061.893310546875,0.06810346990823746,-0.997678279876709,88888130
569,0,2524.049072265625,0.0,2042.6597900390625,-0.06810346990823746,0.997678279876709,88888160
569,1,2523.33544921875,0.0,2042.0999755859375,-0.06810346990823746,0.997678279876709,88888160
569,2,2522.552490234375,0.0,2042.5576171875,-0.06810346990823746,0.997678279876709,88888160
569,3,2521.8388671875,0.0,2041.997802734375,-0.06810346990823746,0.997678279876709,88888160
570,0,865.3904418945312,0.0,1120.9400634765625,-0.18340419232845306,0.9830375909805298,88888072
570,1,864.7467041015625,0.0,1120.3011474609375,-0.18340419232845306,0.9830375909805298,88888072
570,2,863.9158935546875,0.0,1120.6649169921875,-0.18340419232845306,0.9830375909805298,88888072
570,3,863.2721557617188,0.0,1120.0260009765625,-0.18340419232845306,0.9830375909805298,88888072
571,0,854.644287109375,0.0,1155.2576904296875,0.18340419232845306,-0.9830375909805298,88888070
571,1,855.2880249023438,0.0,1155.8966064453125,0.18340419232845306,-0.9830375909805298,88888070
571,2,856.1188354492188,0.0,1155.5328369140625,0.18340419232845306,-0.9830375909805298,88888070
571,3,856.7625732421875,0.0,1156.1717529296875,0.18340419232845306,-0.9830375909805298,88888070
572,0,659.0021362304688,0.0,1425.0003662109375,0.15207648277282715,-0.9883687496185303,88888030
572,1,659.6658325195312,0.0,1425.6185302734375,0.15207648277282715,-0.9883687496185303,88888030
572,2,660.4846801757812,0.0,1425.228515625,0.15207648277282715,-0.9883687496185303,88888030
572,3,661.1483764648438,0.0,1425.8465576171875,0.15207648277282715,-0.9883687496185303,88888030
573,0,667.536865234375,0.0,1397.610107421875,-0.15207648277282715,0.9883687496185303,88888050
573,1,666.8731689453125,0.0,1396.991943359375,-0.15207648277282715,0.9883687496185303,88888050
573,2,666.0543212890625,0.0,1397.3819580078125,-0.15207648277282715,0.9883687496185303,88888050
573,3,665.390625,0.0,1396.763916015625,-0.15207648277282715,0.9883687496185303,88888050
574,0,1927.775390625,0.0035670166835188866,2694.6552734375,-0.02142992988228798,0.9997446537017822,88888100
574,1,1927.0364990234375,0.007229394279420376,2694.12939453125,-0.02142992988228798,0.9997446537017822,88888100
574,2,1926.2757568359375,0.00358191947452724,2694.623046875,-0.02142992988228798,0.9997446537017822,88888100
575,0,1923.7822265625,0.007487257476896048,2711.0439453125,0.09131953865289688,-0.995631754398346,88888100
575,1,1924.482421875,0.018418867141008377,2711.620361328125,0.09131953865289688,-0.995631754398346,88888100
575,2,1925.2760009765625,0.009514464996755123,2711.18115234375,0.09131953865289688,-0.995631754398346,88888100
576,0,4180.8349609375,0.0,1451.916748046875,-0.28409191966056824,0.958797037601471,88888260
576,1,4180.26123046875,0.0,1451.214599609375,-0.28409191966056824,0.958797037601471,88888260
576,2,4179.39697265625,0.0,1451.4906005859375,-0.28409191966056824,0.958797037601471,88888260
576,3,4178.82275390625,0.0,1450.7884521484375,-0.28409191966056824,0.958797037601471,88888260
577,0,4168.3916015625,0.0,1478.8828125,0.28409191966056824,-0.958797037601471,88888240
577,1,4168.96533203125,0.0,1479.5849609375,0.28409191966056824,-0.958797037601471,88888240
577,2,4169.82958984375,0.0,1479.3089599609375,0.28409191966056824,-0.958797037601471,88888240
577,3,4170.40380859375,0.0,1480.0111083984375,0.28409191966056824,-0.958797037601471,88888240
578,0,1900.9111328125,-0.0006385912420228124,2215.7841796875,0.7258262634277344,0.6878738403320312,88888121
578,1,1900.025146484375,0.0005954147200100124,2215.9775390625,0.7258262634277344,0.6878738403320312,88888121
578,2,1899.87939453125,-0.0006312118493951857,2216.872802734375,0.7258262634277344,0.6878738403320312,88888121
578,3,1898.9932861328125,0.000602794112637639,2217.06640625,0.7258262634277344,0.6878738403320312,88888121
578,4,1898.8475341796875,-0.000623832456767559,2217.961669921875,0.7258262634277344,0.6878738403320312,88888121
578,5,1897.9615478515625,0.0006101735052652657,2218.155029296875,0.7258262634277344,0.6878738403320312,88888121
578,6,1897.815673828125,-0.0006164530641399324,2219.05029296875,0.7258262634277344,0.6878738403320312,88888121
578,7,1896.9296875,0.0006175528978928924,2219.243896484375,0.7258262634277344,0.6878738403320312,88888121
578,8,1896.783935546875,-0.0006090736715123057,2220.13916015625,0.7258262634277344,0.6878738403320312,88888121
578,9,1895.8978271484375,0.000624932290520519,2220.33251953125,0.7258262634277344,0.6878738403320312,88888121
579,0,1927.0670166015625,-0.11100045591592789,2254.7216796875,-0.7258262634277344,-0.6878738403320312,88888121
579,1,1927.9530029296875,-0.11223446577787399,2254.5283203125,-0.7258262634277344,-0.6878738403320312,88888121
579,2,1928.0987548828125,-0.11100783944129944,2253.633056640625,-0.7258262634277344,-0.6878738403320312,88888121
579,3,1928.98486328125,-0.11224184185266495,2253.439453125,-0.7258262634277344,-0.6878738403320312,88888121
579,4,1929.130615234375,-0.1110152155160904,2252.544189453125,-0.7258262634277344,-0.6878738403320312,88888121
579,5,1930.0166015625,-0.1122492179274559,2252.350830078125,-0.7258262634277344,-0.6878738403320312,88888121
579,6,1930.1624755859375,-0.11102259904146194,2251.45556640625,-0.7258262634277344,-0.6878738403320312,88888121
579,7,1931.0484619140625,-0.11225660145282745,2251.261962890625,-0.7258262634277344,-0.6878738403320312,88888121
579,8,1931.1942138671875,-0.1110299751162529,2250.36669921875,-0.7258262634277344,-0.6878738403320312,88888121
579,9,1932.080322265625,-0.11226397752761841,2250.17333984375,-0.7258262634277344,-0.6878738403320312,88888121
580,0,3479.052490234375,0.0,2414.757080078125,0.3182408809661865,-0.9480099678039551,88888200
580,1,3479.60107421875,0.0,2415.479248046875,0.3182408809661865,-0.9480099678039551,88888200
580,2,3480.474365234375,0.0,2415.234375,0.3182408809661865,-0.9480099678039551,88888200
580,3,3481.023193359375,0.0,2415.95654296875,0.3182408809661865,-0.9480099678039551,88888200
581,0,3492.238525390625,0.0,2388.894287109375,-0.3182408809661865,0.9480099678039551,88888210
581,1,3491.68994140625,0.0,2388.172119140625,-0.3182408809661865,0.9480099678039551,88888210
581,2,3490.816650390625,0.0,2388.4169921875,-0.3182408809661865,0.9480099678039551,88888210
581,3,3490.267822265625,0.0,2387.69482421875,-0.3182408809661865,0.9480099678039551,88888210
582,0,1904.2581787109375,0.0,1746.8333740234375,-0.09171030670404434,0.9957857131958008,88888170
582,1,1903.55810546875,0.0,1746.2568359375,-0.09171030670404434,0.9957857131958008,88888170
582,2,1902.7645263671875,0.0,1746.69580078125,-0.09171030670404434,0.9957857131958008,88888170
582,3,1902.064453125,0.0,1746.1192626953125,-0.09171030670404434,0.9957857131958008,88888170
583,0,1897.3604736328125,0.0,1775.1683349609375,0.09171030670404434,-0.9957857131958008,88888150
583,1,1898.060546875,0.0,1775.744873046875,0.09171030670404434,-0.9957857131958008,88888150
583,2,1898.8541259765625,0.0,1775.305908203125,0.09171030670404434,-0.9957857131958008,88888150
583,3,1899.55419921875,0.0,1775.8824462890625,0.09171030670404434,-0.9957857131958008,88888150
584,0,944.881103515625,0.0,1966.8206787109375,0.7712464928627014,0.6365365982055664,88888040
584,1,944.0103759765625,0.0,1967.074462890625,0.7712464928627014,0.6365365982055664,88888040
584,2,943.92626953125,0.0,1967.9775390625,0.7712464928627014,0.6365365982055664,88888040
584,3,943.0556030273438,0.0,1968.2314453125,0.7712464928627014,0.6365365982055664,88888040
585,0,956.6953125,0.0,1982.1077880859375,-0.7712464928627014,-0.6365365982055664,88888040
585,1,957.5660400390625,0.0,1981.85400390625,-0.7712464928627014,-0.6365365982055664,88888040
585,2,957.650146484375,0.0,1980.950927734375,-0.7712464928627014,-0.6365365982055664,88888040
585,3,958.5208129882812,0.0,1980.697021484375,-0.7712464928627014,-0.6365365982055664,88888040
586,0,4232.41943359375,0.0,1462.714111328125,-0.952949583530426,-0.3031294345855713,88888261
586,1,4233.13232421875,0.0,1462.1539306640625,-0.952949583530426,-0.3031294345855713,88888261
586,2,4232.8740234375,0.0,1461.28466796875,-0.952949583530426,-0.3031294345855713,88888261
586,3,4233.5869140625,0.0,1460.7244873046875,-0.952949583530426,-0.3031294345855713,88888261
587,0,4187.60595703125,0.0,1443.9783935546875,0.952949583530426,0.3031294345855713,88888261
587,1,4186.89306640625,0.0,1444.53857421875,0.952949583530426,0.3031294345855713,88888261
587,2,4187.1513671875,0.0,1445.4078369140625,0.952949583530426,0.3031294345855713,88888261
587,3,4186.4384765625,0.0,1445.968017578125,0.952949583530426,0.3031294345855713,88888261
588,0,1565.2384033203125,0.0,1780.07958984375,0.9999927878379822,-0.003829360008239746,88888150
588,1,1564.7313232421875,0.0,1780.83154296875,0.9999927878379822,-0.003829360008239746,88888150
588,2,1565.244140625,0.0,1781.57958984375,0.9999927878379822,-0.003829360008239746,88888150
588,3,1564.737060546875,0.0,1782.33154296875,0.9999927878379822,-0.003829360008239746,88888150
589,0,1583.2763671875,0.0,1784.280517578125,-0.9999927878379822,0.003829360008239746,88888150
589,1,1583.783447265625,0.0,1783.528564453125,-0.9999927878379822,0.003829360008239746,88888150
589,2,1583.2706298828125,0.0,1782.780517578125,-0.9999927878379822,0.003829360008239746,88888150
589,3,1583.7777099609375,0.0,1782.028564453125,-0.9999927878379822,0.003829360008239746,88888150
590,0,2781.376708984375,0.0,2332.768310546875,0.999997615814209,0.0021633505821228027,88888140
590,1,2780.864990234375,0.0,2333.51708984375,0.999997615814209,0.0021633505821228027,88888140
590,2,2781.37353515625,0.0,2334.268310546875,0.999997615814209,0.0021633505821228027,88888140
590,3,2780.86181640625,0.0,2335.01708984375,0.999997615814209,0.0021633505821228027,88888140
591,0,2800.198486328125,0.0,2337.078857421875,-0.999997615814209,-0.0021633505821228027,88888140
591,1,2800.710205078125,0.0,2336.330078125,-0.999997615814209,-0.0021633505821228027,88888140
591,2,2800.20166015625,0.0,2335.578857421875,-0.999997615814209,-0.0021633505821228027,88888140
591,3,2800.71337890625,0.0,2334.830078125,-0.999997615814209,-0.0021633505821228027,88888140
592,0,2603.26318359375,0.0,2704.77978515625,-0.07793412357568741,-0.9969587326049805,88888100
592,1,2604.050537109375,0.0,2705.229736328125,-0.07793412357568741,-0.9969587326049805,88888100
592,2,2604.758544921875,0.0,2704.662841796875,-0.07793412357568741,-0.9969587326049805,88888100
592,3,2605.546142578125,0.0,2705.11279296875,-0.07793412357568741,-0.9969587326049805,88888100
593,0,2604.65576171875,0.0,2667.80859375,0.07793412357568741,0.9969587326049805,88888100
593,1,2603.868408203125,0.0,2667.358642578125,0.07793412357568741,0.9969587326049805,88888100
593,2,2603.160400390625,0.0,2667.925537109375,0.07793412357568741,0.9969587326049805,88888100
593,3,2602.372802734375,0.0,2667.4755859375,0.07793412357568741,0.9969587326049805,88888100
594,0,2803.431884765625,0.0,2467.5263671875,-0.9982470273971558,0.059187114238739014,88888140
594,1,2803.896484375,0.0,2466.747314453125,-0.9982470273971558,0.059187114238739014,88888140
594,2,2803.343017578125,0.0,2466.02880859375,-0.9982470273971558,0.059187114238739014,88888140
594,3,2803.8076171875,0.0,2465.25,-0.9982470273971558,0.059187114238739014,88888140
595,0,2784.396728515625,0.0,2464.377197265625,0.9982470273971558,-0.059187114238739014,88888140
595,1,2783.93212890625,0.0,2465.15625,0.9982470273971558,-0.059187114238739014,88888140
595,2,2784.485595703125,0.0,2465.874755859375,0.9982470273971558,-0.059187114238739014,88888140
595,3,2784.02099609375,0.0,2466.653564453125,0.9982470273971558,-0.059187114238739014,88888140
596,0,2456.7109375,0.0,1736.197998046875,0.01083862129598856,0.9999412894248962,88888181
596,1,2455.95556640625,0.0,1735.6961669921875,0.01083862129598856,0.9999412894248962,88888181
596,2,2455.211181640625,0.0,1736.21435546875,0.01083862129598856,0.9999412894248962,88888181
596,3,2454.45556640625,0.0,1735.71240234375,0.01083862129598856,0.9999412894248962,88888181
597,0,2452.75537109375,0.0,1765.2188720703125,-0.01083862129598856,-0.9999412894248962,88888160
597,1,2453.5107421875,0.0,1765.720703125,-0.01083862129598856,-0.9999412894248962,88888160
597,2,2454.255126953125,0.0,1765.2025146484375,-0.01083862129598856,-0.9999412894248962,88888160
597,3,2455.0107421875,0.0,1765.7044677734375,-0.01083862129598856,-0.9999412894248962,88888160
598,0,3684.127197265625,0.0,2479.927001953125,0.31924617290496826,-0.9476717710494995,88888200
598,1,3684.675048828125,0.0,2480.64990234375,0.31924617290496826,-0.9476717710494995,88888200
598,2,3685.548583984375,0.0,2480.406005859375,0.31924617290496826,-0.9476717710494995,88888200
598,3,3686.096435546875,0.0,2481.128662109375,0.31924617290496826,-0.9476717710494995,88888200
599,0,3694.19140625,0.0,2463.4267578125,-0.31924617290496826,0.9476717710494995,88888210
599,1,3693.6435546875,0.0,2462.703857421875,-0.31924617290496826,0.9476717710494995,88888210
599,2,3692.77001953125,0.0,2462.94775390625,-0.31924617290496826,0.9476717710494995,88888210
599,3,3692.22216796875,0.0,2462.22509765625,-0.31924617290496826,0.9476717710494995,88888210
600,0,3193.454345703125,0.0,845.211181640625,0.4671284556388855,0.8841894865036011,88888240
600,1,3192.552978515625,0.0,845.110595703125,0.4671284556388855,0.8841894865036011,88888240
600,2,3192.128173828125,0.0,845.911865234375,0.4671284556388855,0.8841894865036011,88888240
600,3,3191.226806640625,0.0,845.811279296875,0.4671284556388855,0.8841894865036011,88888240
601,0,3206.79833984375,0.0,879.609375,-0.4671284556388855,-0.8841894865036011,88888240
601,1,3207.69970703125,0.0,879.7099609375,-0.4671284556388855,-0.8841894865036011,88888240
601,2,3208.12451171875,0.0,878.90869140625,-0.4671284556388855,-0.8841894865036011,88888240
601,3,3209.02587890625,0.0,879.00927734375,-0.4671284556388855,-0.8841894865036011,88888240
602,0,3041.115966796875,-0.07281146198511124,1833.376220703125,0.9833085536956787,-0.18194586038589478,88888160
602,1,3040.7509765625,-0.07253755629062653,1834.2064208984375,0.9833085536956787,-0.18194586038589478,88888160
602,2,3041.388916015625,-0.07281146198511124,1834.8511962890625,0.9833085536956787,-0.18194586038589478,88888160
602,3,3041.02392578125,-0.07253755629062653,1835.681396484375,0.9833085536956787,-0.18194586038589478,88888160
603,0,3070.1376953125,-0.08823854476213455,1832.3487548828125,-0.9833085536956787,0.18194586038589478,88888230
603,1,3070.502685546875,-0.08851245045661926,1831.5185546875,-0.9833085536956787,0.18194586038589478,88888230
603,2,3069.86474609375,-0.08823854476213455,1830.873779296875,-0.9833085536956787,0.18194586038589478,88888230
603,3,3070.229736328125,-0.08851245045661926,1830.0435791015625,-0.9833085536956787,0.18194586038589478,88888230
604,0,1564.6873779296875,0.0,2023.4349365234375,1.0000001192092896,-1.1920928955078125e-07,88888150
604,1,1564.1773681640625,0.0,2024.1849365234375,1.0000001192092896,-1.1920928955078125e-07,88888150
604,2,1564.6873779296875,0.0,2024.9349365234375,1.0000001192092896,-1.1920928955078125e-07,88888150
604,3,1564.1773681640625,0.0,2025.6849365234375,1.0000001192092896,-1.1920928955078125e-07,88888150
605,0,1581.5076904296875,0.0,2027.7049560546875,-1.0000001192092896,1.1920928955078125e-07,88888150
605,1,1582.0177001953125,0.0,2026.9549560546875,-1.0000001192092896,1.1920928955078125e-07,88888150
605,2,1581.5076904296875,0.0,2026.2049560546875,-1.0000001192092896,1.1920928955078125e-07,88888150
605,3,1582.0177001953125,0.0,2025.4549560546875,-1.0000001192092896,1.1920928955078125e-07,88888150
606,0,3790.02783203125,0.0,2186.540283203125,0.09592416137456894,-0.9953887462615967,88888221
606,1,3790.7255859375,0.0,2187.119873046875,0.09592416137456894,-0.9953887462615967,88888221
606,2,3791.52099609375,0.0,2186.684326171875,0.09592416137456894,-0.9953887462615967,88888221
606,3,3792.21875,0.0,2187.263671875,0.09592416137456894,-0.9953887462615967,88888221
607,0,3795.75927734375,0.0,2171.579833984375,-0.09592416137456894,0.9953887462615967,88888221
607,1,3795.0615234375,0.0,2171.000244140625,-0.09592416137456894,0.9953887462615967,88888221
607,2,3794.26611328125,0.0,2171.435791015625,-0.09592416137456894,0.9953887462615967,88888221
607,3,3793.568359375,0.0,2170.8564453125,-0.09592416137456894,0.9953887462615967,88888221
608,0,1611.9378662109375,0.0,2252.719970703125,-0.0028295714873820543,-0.9999959468841553,88888110
608,1,1612.6893310546875,0.0,2253.227783203125,-0.0028295714873820543,-0.9999959468841553,88888110
608,2,1613.4378662109375,0.0,2252.715576171875,-0.0028295714873820543,-0.9999959468841553,88888110
608,3,1614.1893310546875,0.0,2253.2236328125,-0.0028295714873820543,-0.9999959468841553,88888110
609,0,1616.12646484375,0.0,2223.96826171875,0.0028295714873820543,0.9999959468841553,88888110
609,1,1615.375,0.0,2223.46044921875,0.0028295714873820543,0.9999959468841553,88888110
609,2,1614.62646484375,0.0,2223.97265625,0.0028295714873820543,0.9999959468841553,88888110
609,3,1613.875,0.0,2223.464599609375,0.0028295714873820543,0.9999959468841553,88888110
610,0,3173.356201171875,-0.11071793735027313,1057.2232666015625,0.8586163520812988,-0.512616753578186,88888190
610,1,3173.302734375,-0.11147576570510864,1058.128662109375,0.8586163520812988,-0.512616753578186,88888190
610,2,3174.125244140625,-0.11073102056980133,1058.51123046875,0.8586163520812988,-0.512616753578186,88888190
610,3,3174.071533203125,-0.11148884892463684,1059.4166259765625,0.8586163520812988,-0.512616753578186,88888190
611,0,3191.942626953125,-0.08262205868959427,1051.099609375,-0.8586163520812988,0.512616753578186,88888240
611,1,3191.99609375,-0.08186423033475876,1050.1942138671875,-0.8586163520812988,0.512616753578186,88888240
611,2,3191.173583984375,-0.08260897547006607,1049.8116455078125,-0.8586163520812988,0.512616753578186,88888240
611,3,3191.227294921875,-0.08185114711523056,1048.90625,-0.8586163520812988,0.512616753578186,88888240
612,0,2581.20263671875,0.0,1632.870849609375,-0.03934470936655998,-0.9992259740829468,88888181
612,1,2581.971923828125,0.0,1633.3509521484375,-0.03934470936655998,-0.9992259740829468,88888181
612,2,2582.701416015625,0.0,1632.8118896484375,-0.03934470936655998,-0.9992259740829468,88888181
612,3,2583.470947265625,0.0,1633.2919921875,-0.03934470936655998,-0.9992259740829468,88888181
613,0,2584.34130859375,0.0,1604.0623779296875,0.03934470936655998,0.9992259740829468,88888250
613,1,2583.572021484375,0.0,1603.582275390625,0.03934470936655998,0.9992259740829468,88888250
613,2,2582.842529296875,0.0,1604.121337890625,0.03934470936655998,0.9992259740829468,88888250
613,3,2582.072998046875,0.0,1603.6412353515625,0.03934470936655998,0.9992259740829468,88888250
614,0,2577.5634765625,0.0,2149.95361328125,0.9999911189079285,0.0042150020599365234,88888130
614,1,2577.05029296875,0.0,2150.701416015625,0.9999911189079285,0.0042150020599365234,88888130
614,2,2577.55712890625,0.0,2151.45361328125,0.9999911189079285,0.0042150020599365234,88888130
614,3,2577.0439453125,0.0,2152.201416015625,0.9999911189079285,0.0042150020599365234,88888130
615,0,2596.38525390625,0.0,2154.30322265625,-0.9999911189079285,-0.0042150020599365234,88888140
615,1,2596.8984375,0.0,2153.555419921875,-0.9999911189079285,-0.0042150020599365234,88888140
615,2,2596.3916015625,0.0,2152.80322265625,-0.9999911189079285,-0.0042150020599365234,88888140
615,3,2596.90478515625,0.0,2152.055419921875,-0.9999911189079285,-0.0042150020599365234,88888140
616,0,2576.611572265625,0.0,2308.145263671875,0.9999898672103882,0.004502475261688232,88888130
616,1,2576.098388671875,0.0,2308.89306640625,0.9999898672103882,0.004502475261688232,88888130
616,2,2576.60498046875,0.0,2309.645263671875,0.9999898672103882,0.004502475261688232,88888130
616,3,2576.091552734375,0.0,2310.39306640625,0.9999898672103882,0.004502475261688232,88888130
617,0,2595.43212890625,0.0,2312.5,-0.9999898672103882,-0.004502475261688232,88888140
617,1,2595.9453125,0.0,2311.752197265625,-0.9999898672103882,-0.004502475261688232,88888140
617,2,2595.438720703125,0.0,2311.0,-0.9999898672103882,-0.004502475261688232,88888140
617,3,2595.9521484375,0.0,2310.252197265625,-0.9999898672103882,-0.004502475261688232,88888140
618,0,2429.136474609375,0.0,1770.2369384765625,0.9999802112579346,-0.006282448768615723,88888160
618,1,2428.631103515625,0.0,1770.9901123046875,0.9999802112579346,-0.006282448768615723,88888160
618,2,2429.14599609375,0.0,1771.7369384765625,0.9999802112579346,-0.006282448768615723,88888160
618,3,2428.640625,0.0,1772.4901123046875,0.9999802112579346,-0.006282448768615723,88888160
619,0,2448.01953125,0.0,1774.388427734375,-0.9999802112579346,0.006282448768615723,88888160
619,1,2448.52490234375,0.0,1773.63525390625,-0.9999802112579346,0.006282448768615723,88888160
619,2,2448.010009765625,0.0,1772.888427734375,-0.9999802112579346,0.006282448768615723,88888160
619,3,2448.515380859375,0.0,1772.13525390625,-0.9999802112579346,0.006282448768615723,88888160
620,0,3407.469482421875,0.0,1798.090576171875,0.07778407633304596,0.9969702363014221,88888230
620,1,3406.682373046875,0.0,1797.640380859375,0.07778407633304596,0.9969702363014221,88888230
620,2,3405.97412109375,0.0,1798.2071533203125,0.07778407633304596,0.9969702363014221,88888230
620,3,3405.186767578125,0.0,1797.757080078125,0.07778407633304596,0.9969702363014221,88888230
621,0,3404.67822265625,0.0,1817.2091064453125,-0.07778407633304596,-0.9969702363014221,88888230
621,1,3405.46533203125,0.0,1817.6593017578125,-0.07778407633304596,-0.9969702363014221,88888230
621,2,3406.173583984375,0.0,1817.092529296875,-0.07778407633304596,-0.9969702363014221,88888230
621,3,3406.9609375,0.0,1817.5426025390625,-0.07778407633304596,-0.9969702363014221,88888230
622,0,1587.69091796875,0.0,2157.730712890625,0.9994787573814392,0.032287657260894775,88888110
622,1,1587.1568603515625,0.0,2158.4638671875,0.9994787573814392,0.032287657260894775,88888110
622,2,1587.6424560546875,0.0,2159.229736328125,0.9994787573814392,0.032287657260894775,88888110
622,3,1587.1085205078125,0.0,2159.963134765625,0.9994787573814392,0.032287657260894775,88888110
623,0,1607.3250732421875,0.0,2162.636962890625,-0.9994787573814392,-0.032287657260894775,88888110
623,1,1607.859130859375,0.0,2161.90380859375,-0.9994787573814392,-0.032287657260894775,88888110
623,2,1607.37353515625,0.0,2161.137939453125,-0.9994787573814392,-0.032287657260894775,88888110
623,3,1607.907470703125,0.0,2160.404541015625,-0.9994787573814392,-0.032287657260894775,88888110
624,0,3206.485107421875,0.0,1917.615478515625,0.1743067353963852,0.9846913814544678,88888230
624,1,3205.65771484375,0.0,1917.2440185546875,0.1743067353963852,0.9846913814544678,88888230
624,2,3205.008056640625,0.0,1917.876953125,0.1743067353963852,0.9846913814544678,88888230
624,3,3204.1806640625,0.0,1917.5054931640625,0.1743067353963852,0.9846913814544678,88888230
625,0,3205.56494140625,0.0,1936.9140625,-0.1743067353963852,-0.9846913814544678,88888230
625,1,3206.392333984375,0.0,1937.2855224609375,-0.1743067353963852,-0.9846913814544678,88888230
625,2,3207.0419921875,0.0,1936.652587890625,-0.1743067353963852,-0.9846913814544678,88888230
625,3,3207.869384765625,0.0,1937.0240478515625,-0.1743067353963852,-0.9846913814544678,88888230
626,0,601.9545288085938,0.0,1421.634765625,0.9893010258674622,0.14588850736618042,88888030
626,1,601.340576171875,0.0,1422.30224609375,0.9893010258674622,0.14588850736618042,88888030
626,2,601.7357177734375,0.0,1423.1187744140625,0.9893010258674622,0.14588850736618042,88888030
626,3,601.1217651367188,0.0,1423.7862548828125,0.9893010258674622,0.14588850736618042,88888030
627,0,652.99951171875,0.0,1433.478515625,-0.9893010258674622,-0.14588850736618042,88888030
627,1,653.6134643554688,0.0,1432.81103515625,-0.9893010258674622,-0.14588850736618042,88888030
627,2,653.2183227539062,0.0,1431.9945068359375,-0.9893010258674622,-0.14588850736618042,88888030
627,3,653.832275390625,0.0,1431.3270263671875,-0.9893010258674622,-0.14588850736618042,88888030
628,0,3116.104736328125,0.0,887.3966674804688,0.4852561354637146,0.8743720650672913,88888190
628,1,3115.201416015625,0.0,887.314697265625,0.4852561354637146,0.8743720650672913,88888190
628,2,3114.793212890625,0.0,888.12451171875,0.4852561354637146,0.8743720650672913,88888190
628,3,3113.889892578125,0.0,888.0425415039062,0.4852561354637146,0.8743720650672913,88888190
629,0,3130.08935546875,0.0,921.3942260742188,-0.4852561354637146,-0.8743720650672913,88888190
629,1,3130.99267578125,0.0,921.4761962890625,-0.4852561354637146,-0.8743720650672913,88888190
629,2,3131.40087890625,0.0,920.6663818359375,-0.4852561354637146,-0.8743720650672913,88888190
629,3,3132.30419921875,0.0,920.7483520507812,-0.4852561354637146,-0.8743720650672913,88888190
630,0,1737.9083251953125,0.0,2221.994140625,0.00920823309570551,0.9999576210975647,88888110
630,1,1737.1536865234375,0.0,2221.4912109375,0.00920823309570551,0.9999576210975647,88888110
630,2,1736.408447265625,0.0,2222.008056640625,0.00920823309570551,0.9999576210975647,88888110
630,3,1735.65380859375,0.0,2221.5048828125,0.00920823309570551,0.9999576210975647,88888110
631,0,1733.9027099609375,0.0,2250.71240234375,-0.00920823309570551,-0.9999576210975647,88888120
631,1,1734.6573486328125,0.0,2251.21533203125,-0.00920823309570551,-0.9999576210975647,88888120
631,2,1735.402587890625,0.0,2250.698486328125,-0.00920823309570551,-0.9999576210975647,88888120
631,3,1736.1572265625,0.0,2251.20166015625,-0.00920823309570551,-0.9999576210975647,88888120
632,0,1706.1807861328125,-0.0877145305275917,1746.6453857421875,6.604613008676097e-05,1.0,88888170
632,1,1705.4307861328125,-0.08764775097370148,1746.1353759765625,6.604613008676097e-05,1.0,88888170
632,2,1704.6807861328125,-0.0877145305275917,1746.6455078125,6.604613008676097e-05,1.0,88888170
632,3,1703.9307861328125,-0.08764775097370148,1746.135498046875,6.604613008676097e-05,1.0,88888170
633,0,1701.91259765625,-0.0914754718542099,1775.36962890625,-6.604613008676097e-05,-1.0,88888150
633,1,1702.66259765625,-0.09154225140810013,1775.879638671875,-6.604613008676097e-05,-1.0,88888150
633,2,1703.41259765625,-0.0914754718542099,1775.3695068359375,-6.604613008676097e-05,-1.0,88888150
633,3,1704.16259765625,-0.09154225140810013,1775.8795166015625,-6.604613008676097e-05,-1.0,88888150
634,0,3259.733154296875,0.0,1295.7550048828125,0.20295339822769165,0.9791883826255798,88888250
634,1,3258.895263671875,0.0,1295.4078369140625,0.20295339822769165,0.9791883826255798,88888250
634,2,3258.264404296875,0.0,1296.0594482421875,0.20295339822769165,0.9791883826255798,88888250
634,3,3257.426513671875,0.0,1295.7122802734375,0.20295339822769165,0.9791883826255798,88888250
635,0,3259.38232421875,0.0,1315.10107421875,-0.20295339822769165,-0.9791883826255798,88888250
635,1,3260.22021484375,0.0,1315.4482421875,-0.20295339822769165,-0.9791883826255798,88888250
635,2,3260.85107421875,0.0,1314.796630859375,-0.20295339822769165,-0.9791883826255798,88888250
635,3,3261.68896484375,0.0,1315.143798828125,-0.20295339822769165,-0.9791883826255798,88888250
636,0,2781.47802734375,0.0,2251.490234375,0.9996486306190491,0.02651035785675049,88888140
636,1,2780.9482421875,0.0,2252.2265625,0.9996486306190491,0.02651035785675049,88888140
636,2,2781.438232421875,0.0,2252.98974609375,0.9996486306190491,0.02651035785675049,88888140
636,3,2780.90869140625,0.0,2253.72607421875,0.9996486306190491,0.02651035785675049,88888140
637,0,2800.0029296875,0.0,2256.2529296875,-0.9996486306190491,-0.02651035785675049,88888140
637,1,2800.53271484375,0.0,2255.5166015625,-0.9996486306190491,-0.02651035785675049,88888140
637,2,2800.042724609375,0.0,2254.75341796875,-0.9996486306190491,-0.02651035785675049,88888140
637,3,2800.572265625,0.0,2254.01708984375,-0.9996486306190491,-0.02651035785675049,88888140
638,0,3719.379638671875,0.0,1295.8203125,0.17971089482307434,0.9837194681167603,88888260
638,1,3718.55029296875,0.0,1295.453369140625,0.17971089482307434,0.9837194681167603,88888260
638,2,3717.904052734375,0.0,1296.08984375,0.17971089482307434,0.9837194681167603,88888260
638,3,3717.07470703125,0.0,1295.722900390625,0.17971089482307434,0.9837194681167603,88888260
639,0,3718.7314453125,0.0,1316.03369140625,-0.17971089482307434,-0.9837194681167603,88888240
639,1,3719.560791015625,0.0,1316.400634765625,-0.17971089482307434,-0.9837194681167603,88888240
639,2,3720.20703125,0.0,1315.76416015625,-0.17971089482307434,-0.9837194681167603,88888240
639,3,3721.036376953125,0.0,1316.131103515625,-0.17971089482307434,-0.9837194681167603,88888240
640,0,3004.253173828125,0.0,1580.603271484375,0.9985485076904297,-0.05385947227478027,88888250
640,1,3003.7841796875,0.0,1581.3797607421875,0.9985485076904297,-0.05385947227478027,88888250
640,2,3004.333984375,0.0,1582.1011962890625,0.9985485076904297,-0.05385947227478027,88888250
640,3,3003.864990234375,0.0,1582.8775634765625,0.9985485076904297,-0.05385947227478027,88888250
641,0,3033.809814453125,0.0,1583.2852783203125,-0.9985485076904297,0.05385947227478027,88888250
641,1,3034.27880859375,0.0,1582.5087890625,-0.9985485076904297,0.05385947227478027,88888250
641,2,3033.72900390625,0.0,1581.787353515625,-0.9985485076904297,0.05385947227478027,88888250
641,3,3034.197998046875,0.0,1581.010986328125,-0.9985485076904297,0.05385947227478027,88888250
642,0,3793.80908203125,0.0,1770.8953857421875,0.028118200600147247,0.9996045827865601,88888220
642,1,3793.044921875,0.0,1770.40673828125,0.028118200600147247,0.9996045827865601,88888220
642,2,3792.3095703125,0.0,1770.9376220703125,0.028118200600147247,0.9996045827865601,88888220
642,3,3791.54541015625,0.0,1770.4488525390625,0.028118200600147247,0.9996045827865601,88888220
643,0,3790.07080078125,0.0,1789.8594970703125,-0.028118200600147247,-0.9996045827865601,88888220
643,1,3790.8349609375,0.0,1790.34814453125,-0.028118200600147247,-0.9996045827865601,88888220
643,2,3791.5703125,0.0,1789.8172607421875,-0.028118200600147247,-0.9996045827865601,88888220
643,3,3792.33447265625,0.0,1790.3060302734375,-0.028118200600147247,-0.9996045827865601,88888220
644,0,1441.8521728515625,-0.09230802208185196,2006.022216796875,-0.23228800296783447,0.9726133942604065,88888150
644,1,1441.2412109375,-0.0881757140159607,2005.3519287109375,-0.23228800296783447,0.9726133942604065,88888150
644,2,1440.393310546875,-0.09229793399572372,2005.6737060546875,-0.23228800296783447,0.9726133942604065,88888150
644,3,1439.7822265625,-0.08816562592983246,2005.00341796875,-0.23228800296783447,0.9726133942604065,88888150
645,0,1425.1597900390625,-0.08155357092618942,2021.0579833984375,0.6450187563896179,-0.7641652822494507,88888110
645,1,1425.4039306640625,-0.08080007135868073,2021.9315185546875,0.6450187563896179,-0.7641652822494507,88888110
645,2,1426.3060302734375,-0.08154714852571487,2022.0255126953125,0.6450187563896179,-0.7641652822494507,88888110
645,3,1426.5501708984375,-0.08079364895820618,2022.8990478515625,0.6450187563896179,-0.7641652822494507,88888110
646,0,2822.18701171875,0.0,2695.07470703125,-0.013124791905283928,-0.9999139308929443,88888100
646,1,2822.943603515625,0.0,2695.57470703125,-0.013124791905283928,-0.9999139308929443,88888100
646,2,2823.686767578125,0.0,2695.054931640625,-0.013124791905283928,-0.9999139308929443,88888100
646,3,2824.443359375,0.0,2695.55517578125,-0.013124791905283928,-0.9999139308929443,88888100
647,0,2825.973876953125,0.0,2658.2509765625,0.013124791905283928,0.9999139308929443,88888100
647,1,2825.21728515625,0.0,2657.7509765625,0.013124791905283928,0.9999139308929443,88888100
647,2,2824.47412109375,0.0,2658.270751953125,0.013124791905283928,0.9999139308929443,88888100
647,3,2823.717529296875,0.0,2657.7705078125,0.013124791905283928,0.9999139308929443,88888100
648,0,2791.067626953125,-0.002404805738478899,1725.6962890625,0.04986411705613136,0.9987559914588928,88888181
648,1,2790.293212890625,-0.002448127605021,1725.2242431640625,0.04986411705613136,0.9987559914588928,88888181
648,2,2789.569580078125,-0.002401812933385372,1725.7711181640625,0.04986411705613136,0.9987559914588928,88888181
648,3,2788.795166015625,-0.0024451350327581167,1725.299072265625,0.04986411705613136,0.9987559914588928,88888181
649,0,2788.19189453125,5.159235297469422e-05,1753.729736328125,-0.04986411705613136,-0.9987559914588928,88888160
649,1,2788.96630859375,9.491413948126137e-05,1754.2017822265625,-0.04986411705613136,-0.9987559914588928,88888160
649,2,2789.68994140625,4.859959153691307e-05,1753.6549072265625,-0.04986411705613136,-0.9987559914588928,88888160
649,3,2790.46435546875,9.192137804348022e-05,1754.126953125,-0.04986411705613136,-0.9987559914588928,88888160
650,0,3552.837890625,0.0,1304.887939453125,-0.10651452839374542,-0.9943115711212158,88888250
650,1,3553.637939453125,0.0,1305.315185546875,-0.10651452839374542,-0.9943115711212158,88888250
650,2,3554.329345703125,0.0,1304.7281494140625,-0.10651452839374542,-0.9943115711212158,88888250
650,3,3555.12939453125,0.0,1305.1553955078125,-0.10651452839374542,-0.9943115711212158,88888250
651,0,3555.060302734375,0.0,1285.5458984375,0.10651452839374542,0.9943115711212158,88888250
651,1,3554.26025390625,0.0,1285.11865234375,0.10651452839374542,0.9943115711212158,88888250
651,2,3553.56884765625,0.0,1285.7056884765625,0.10651452839374542,0.9943115711212158,88888250
651,3,3552.768798828125,0.0,1285.2784423828125,0.10651452839374542,0.9943115711212158,88888250
652,0,1424.2095947265625,0.0,2254.93603515625,-0.21897822618484497,-0.9757298231124878,88888110
652,1,1425.052978515625,0.0,2255.269287109375,-0.21897822618484497,-0.9757298231124878,88888110
652,2,1425.673095703125,0.0,2254.607666015625,-0.21897822618484497,-0.9757298231124878,88888110
652,3,1426.5166015625,0.0,2254.94091796875,-0.21897822618484497,-0.9757298231124878,88888110
653,0,1421.5958251953125,0.0,2223.79052734375,0.21897822618484497,0.9757298231124878,88888110
653,1,1420.75244140625,0.0,2223.457275390625,0.21897822618484497,0.9757298231124878,88888110
653,2,1420.13232421875,0.0,2224.118896484375,0.21897822618484497,0.9757298231124878,88888110
653,3,1419.288818359375,0.0,2223.78564453125,0.21897822618484497,0.9757298231124878,88888110
654,0,1893.981201171875,-0.09042715281248093,2220.876220703125,0.00471543800085783,0.999988317489624,88888121
654,1,1893.228759765625,-0.09096646308898926,2220.369873046875,0.00471543800085783,0.999988317489624,88888121
654,2,1892.481201171875,-0.09042340517044067,2220.88330078125,0.00471543800085783,0.999988317489624,88888121
654,3,1891.728759765625,-0.090962715446949,2220.376953125,0.00471543800085783,0.999988317489624,88888121
654,4,1890.981201171875,-0.09041966497898102,2220.890380859375,0.00471543800085783,0.999988317489624,88888121
655,0,1888.8485107421875,-0.05949284881353378,2250.040283203125,-0.00471543800085783,-0.999988317489624,88888121
655,1,1889.6009521484375,-0.05895353853702545,2250.546630859375,-0.00471543800085783,-0.999988317489624,88888121
655,2,1890.3485107421875,-0.05949659273028374,2250.033203125,-0.00471543800085783,-0.999988317489624,88888121
655,3,1891.1009521484375,-0.058957282453775406,2250.53955078125,-0.00471543800085783,-0.999988317489624,88888121
655,4,1891.8485107421875,-0.05950034037232399,2250.026123046875,-0.00471543800085783,-0.999988317489624,88888121
656,0,832.13916015625,0.0,2103.259765625,0.7517563700675964,0.6594409942626953,88888010
656,1,831.2611694335938,0.0,2103.487060546875,0.7517563700675964,0.6594409942626953,88888010
656,2,831.1500244140625,0.0,2104.387451171875,0.7517563700675964,0.6594409942626953,88888010
656,3,830.2720336914062,0.0,2104.61474609375,0.7517563700675964,0.6594409942626953,88888010
657,0,843.4635620117188,0.0,2118.873779296875,-0.7517563700675964,-0.6594409942626953,88888020
657,1,844.341552734375,0.0,2118.646484375,-0.7517563700675964,-0.6594409942626953,88888020
657,2,844.4526977539062,0.0,2117.74609375,-0.7517563700675964,-0.6594409942626953,88888020
657,3,845.3306884765625,0.0,2117.518798828125,-0.7517563700675964,-0.6594409942626953,88888020
658,0,2977.129150390625,0.0,1486.163330078125,0.9696407914161682,-0.24453389644622803,88888250
658,1,2976.81787109375,0.0,1487.015380859375,0.9696407914161682,-0.24453389644622803,88888250
658,2,2977.495849609375,0.0,1487.6177978515625,0.9696407914161682,-0.24453389644622803,88888250
658,3,2977.1845703125,0.0,1488.4697265625,0.9696407914161682,-0.24453389644622803,88888250
659,0,3006.03662109375,0.0,1483.2767333984375,-0.9696407914161682,0.24453389644622803,88888250
659,1,3006.347900390625,0.0,1482.4246826171875,-0.9696407914161682,0.24453389644622803,88888250
659,2,3005.669921875,0.0,1481.822265625,-0.9696407914161682,0.24453389644622803,88888250
659,3,3005.981201171875,0.0,1480.9703369140625,-0.9696407914161682,0.24453389644622803,88888250
660,0,1898.6357421875,0.0,2211.43701171875,0.9999687075614929,0.007921874523162842,88888121
660,1,1898.1197509765625,0.0,2212.182861328125,0.9999687075614929,0.007921874523162842,88888121
660,2,1898.623779296875,0.0,2212.93701171875,0.9999687075614929,0.007921874523162842,88888121
660,3,1898.10791015625,0.0,2213.682861328125,0.9999687075614929,0.007921874523162842,88888121
661,0,1925.026611328125,0.0,2215.916259765625,-0.9999687075614929,-0.007921874523162842,88888121
661,1,1925.5426025390625,0.0,2215.17041015625,-0.9999687075614929,-0.007921874523162842,88888121
661,2,1925.03857421875,0.0,2214.416259765625,-0.9999687075614929,-0.007921874523162842,88888121
661,3,1925.554443359375,0.0,2213.67041015625,-0.9999687075614929,-0.007921874523162842,88888121
662,0,1388.2657470703125,-0.08865612745285034,2686.220703125,0.20322762429714203,-0.9791315793991089,88888080
662,1,1388.896484375,-0.08867257833480835,2686.872314453125,0.20322762429714203,-0.9791315793991089,88888080
662,2,1389.7344970703125,-0.08865612745285034,2686.525390625,0.20322762429714203,-0.9791315793991089,88888080
662,3,1390.3651123046875,-0.08867257833480835,2687.17724609375,0.20322762429714203,-0.9791315793991089,88888080
663,0,1399.8951416015625,-0.08747386932373047,2651.201904296875,-0.20322762429714203,0.9791315793991089,88888081
663,1,1399.264404296875,-0.08745741844177246,2650.55029296875,-0.20322762429714203,0.9791315793991089,88888081
663,2,1398.4263916015625,-0.08747386932373047,2650.897216796875,-0.20322762429714203,0.9791315793991089,88888081
663,3,1397.7957763671875,-0.08745741844177246,2650.245361328125,-0.20322762429714203,0.9791315793991089,88888081
664,0,1008.3226318359375,0.0,1685.07958984375,0.6307401061058044,-0.7759941816329956,88888040
664,1,1008.5829467773438,0.0,1685.948486328125,0.6307401061058044,-0.7759941816329956,88888040
664,2,1009.4866333007812,0.0,1686.0257568359375,0.6307401061058044,-0.7759941816329956,88888040
664,3,1009.7469482421875,0.0,1686.89453125,0.6307401061058044,-0.7759941816329956,88888040
665,0,1029.7509765625,0.0,1665.486572265625,-0.6307401061058044,0.7759941816329956,88888060
665,1,1029.4906005859375,0.0,1664.61767578125,-0.6307401061058044,0.7759941816329956,88888060
665,2,1028.5870361328125,0.0,1664.5404052734375,-0.6307401061058044,0.7759941816329956,88888060
665,3,1028.32666015625,0.0,1663.671630859375,-0.6307401061058044,0.7759941816329956,88888060
666,0,2417.587890625,0.0,2053.520751953125,0.07271397858858109,-0.9973529577255249,88888130
666,1,2418.298828125,0.0,2054.083740234375,0.07271397858858109,-0.9973529577255249,88888130
666,2,2419.083984375,0.0,2053.6298828125,0.07271397858858109,-0.9973529577255249,88888130
666,3,2419.794921875,0.0,2054.19287109375,0.07271397858858109,-0.9973529577255249,88888130
667,0,2423.2197265625,0.0,2034.9989013671875,-0.07271397858858109,0.9973529577255249,88888160
667,1,2422.5087890625,0.0,2034.4356689453125,-0.07271397858858109,0.9973529577255249,88888160
667,2,2421.7236328125,0.0,2034.8897705078125,-0.07271397858858109,0.9973529577255249,88888160
667,3,2421.0126953125,0.0,2034.3265380859375,-0.07271397858858109,0.9973529577255249,88888160
668,0,4077.703369140625,0.0,1989.4818115234375,-0.9689928889274597,-0.24708890914916992,88888220
668,1,4078.3828125,0.0,1988.8809814453125,-0.9689928889274597,-0.24708890914916992,88888220
668,2,4078.073974609375,0.0,1988.0283203125,-0.9689928889274597,-0.24708890914916992,88888220
668,3,4078.75341796875,0.0,1987.427490234375,-0.9689928889274597,-0.24708890914916992,88888220
669,0,4043.212158203125,0.0,1976.2799072265625,0.9689928889274597,0.24708890914916992,88888220
669,1,4042.53271484375,0.0,1976.8807373046875,0.9689928889274597,0.24708890914916992,88888220
669,2,4042.841552734375,0.0,1977.7333984375,0.9689928889274597,0.24708890914916992,88888220
669,3,4042.162109375,0.0,1978.334228515625,0.9689928889274597,0.24708890914916992,88888220
670,0,2786.36083984375,0.0,2496.96826171875,0.9981456398963928,-0.060872673988342285,88888100
670,1,2785.8974609375,0.0,2497.748046875,0.9981456398963928,-0.060872673988342285,88888100
670,2,2786.4521484375,0.0,2498.465576171875,0.9981456398963928,-0.060872673988342285,88888100
670,3,2785.98876953125,0.0,2499.2451171875,0.9981456398963928,-0.060872673988342285,88888100
671,0,2805.43310546875,0.0,2500.0830078125,-0.9981456398963928,0.060872673988342285,88888140
671,1,2805.896484375,0.0,2499.30322265625,-0.9981456398963928,0.060872673988342285,88888140
671,2,2805.341796875,0.0,2498.585693359375,-0.9981456398963928,0.060872673988342285,88888140
671,3,2805.80517578125,0.0,2497.80615234375,-0.9981456398963928,0.060872673988342285,88888140
672,0,834.4657592773438,0.0,1182.5069580078125,0.6420876383781433,-0.7666312456130981,88888050
672,1,834.7133178710938,0.0,1183.3795166015625,0.6420876383781433,-0.7666312456130981,88888050
672,2,835.61572265625,0.0,1183.4700927734375,0.6420876383781433,-0.7666312456130981,88888050
672,3,835.8632202148438,0.0,1184.3426513671875,0.6420876383781433,-0.7666312456130981,88888050
673,0,855.3492431640625,0.0,1164.2230224609375,-0.6420876383781433,0.7666312456130981,88888070
673,1,855.1016845703125,0.0,1163.3504638671875,-0.6420876383781433,0.7666312456130981,88888070
673,2,854.1992797851562,0.0,1163.2598876953125,-0.6420876383781433,0.7666312456130981,88888070
673,3,853.9517822265625,0.0,1162.3873291015625,-0.6420876383781433,0.7666312456130981,88888070
674,0,1554.8316650390625,0.014863650314509869,1775.3275146484375,-0.002341808285564184,-0.9999971389770508,88888150
674,1,1555.5828857421875,0.015133201144635677,1775.8358154296875,-0.002341808285564184,-0.9999971389770508,88888150
674,2,1556.3316650390625,0.014862735755741596,1775.323974609375,-0.002341808285564184,-0.9999971389770508,88888150
674,3,1557.0828857421875,0.01513228751718998,1775.832275390625,-0.002341808285564184,-0.9999971389770508,88888150
675,0,1559.03466796875,-0.0002683795755729079,1746.7406005859375,0.002341808285564184,0.9999971389770508,88888170
675,1,1558.283447265625,-0.0005379304056987166,1746.2322998046875,0.002341808285564184,0.9999971389770508,88888170
675,2,1557.53466796875,-0.0002674655697774142,1746.744140625,0.002341808285564184,0.9999971389770508,88888170
675,3,1556.783447265625,-0.0005370163707993925,1746.23583984375,0.002341808285564184,0.9999971389770508,88888170
676,0,1906.3720703125,0.0,1780.2515869140625,0.9999820590019226,0.00601726770401001,88888150
676,1,1905.8575439453125,0.0,1780.99853515625,0.9999820590019226,0.00601726770401001,88888150
676,2,1906.363037109375,0.0,1781.7515869140625,0.9999820590019226,0.00601726770401001,88888150
676,3,1905.8485107421875,0.0,1782.49853515625,0.9999820590019226,0.00601726770401001,88888150
677,0,1935.21826171875,0.0,1784.6954345703125,-0.9999820590019226,-0.00601726770401001,88888150
677,1,1935.7327880859375,0.0,1783.948486328125,-0.9999820590019226,-0.00601726770401001,88888150
677,2,1935.227294921875,0.0,1783.1954345703125,-0.9999820590019226,-0.00601726770401001,88888150
677,3,1935.7418212890625,0.0,1782.448486328125,-0.9999820590019226,-0.00601726770401001,88888150
678,0,2710.37353515625,0.0,1068.430908203125,0.2011888176202774,0.9795525074005127,88888190
678,1,2709.536376953125,0.0,1068.082275390625,0.2011888176202774,0.9795525074005127,88888190
678,2,2708.904296875,0.0,1068.732666015625,0.2011888176202774,0.9795525074005127,88888190
678,3,2708.067138671875,0.0,1068.3841552734375,0.2011888176202774,0.9795525074005127,88888190
679,0,2713.58447265625,0.0,1105.2879638671875,-0.2011888176202774,-0.9795525074005127,88888190
679,1,2714.421630859375,0.0,1105.6365966796875,-0.2011888176202774,-0.9795525074005127,88888190
679,2,2715.0537109375,0.0,1104.9862060546875,-0.2011888176202774,-0.9795525074005127,88888190
679,3,2715.890869140625,0.0,1105.334716796875,-0.2011888176202774,-0.9795525074005127,88888190
680,0,2950.446044921875,0.0,1390.8367919921875,0.9989549517631531,-0.0457075834274292,88888250
680,1,2949.970947265625,0.0,1391.609375,0.9989549517631531,-0.0457075834274292,88888250
680,2,2950.5146484375,0.0,1392.3353271484375,0.9989549517631531,-0.0457075834274292,88888250
680,3,2950.03955078125,0.0,1393.1077880859375,0.9989549517631531,-0.0457075834274292,88888250
681,0,2980.048095703125,0.0,1393.7569580078125,-0.9989549517631531,0.0457075834274292,88888250
681,1,2980.523193359375,0.0,1392.984375,-0.9989549517631531,0.0457075834274292,88888250
681,2,2979.9794921875,0.0,1392.2584228515625,-0.9989549517631531,0.0457075834274292,88888250
681,3,2980.45458984375,0.0,1391.4859619140625,-0.9989549517631531,0.0457075834274292,88888250
682,0,3139.60693359375,0.0,920.0645751953125,0.889167070388794,-0.4575827121734619,88888190
682,1,3139.496826171875,0.0,920.9647827148438,0.889167070388794,-0.4575827121734619,88888190
682,2,3140.29345703125,0.0,921.3983154296875,0.889167070388794,-0.4575827121734619,88888190
682,3,3140.183349609375,0.0,922.2985229492188,0.889167070388794,-0.4575827121734619,88888190
683,0,3158.602783203125,0.0,915.0912475585938,-0.889167070388794,0.4575827121734619,88888240
683,1,3158.712890625,0.0,914.1910400390625,-0.889167070388794,0.4575827121734619,88888240
683,2,3157.916259765625,0.0,913.7575073242188,-0.889167070388794,0.4575827121734619,88888240
683,3,3158.0263671875,0.0,912.8572998046875,-0.889167070388794,0.4575827121734619,88888240
684,0,3018.261962890625,-0.06277391314506531,1745.1005859375,-0.9979307055473328,0.06429856270551682,88888160
684,1,3018.72265625,-0.06284923106431961,1744.3192138671875,-0.9979307055473328,0.06429856270551682,88888160
685,0,2998.32177734375,-0.0019325021421536803,1743.76513671875,0.9992555379867554,-0.03856034204363823,88888160
685,1,2997.841064453125,-0.0025704007130116224,1744.5341796875,0.9992555379867554,-0.03856034204363823,88888160
686,0,1930.478759765625,0.0,2593.870361328125,0.006845053751021624,-0.999976634979248,88888100
686,1,1931.2252197265625,0.0,2594.385498046875,0.006845053751021624,-0.999976634979248,88888100
686,2,1931.978759765625,0.0,2593.880615234375,0.006845053751021624,-0.999976634979248,88888100
686,3,1932.7252197265625,0.0,2594.395751953125,0.006845053751021624,-0.999976634979248,88888100
687,0,1934.9454345703125,0.0,2565.16943359375,-0.006845053751021624,0.999976634979248,88888120
687,1,1934.198974609375,0.0,2564.654296875,-0.006845053751021624,0.999976634979248,88888120
687,2,1933.4454345703125,0.0,2565.1591796875,-0.006845053751021624,0.999976634979248,88888120
687,3,1932.698974609375,0.0,2564.64404296875,-0.006845053751021624,0.999976634979248,88888120
688,0,3340.45458984375,0.0,1897.1988525390625,0.08568212389945984,0.996322512626648,88888232
688,1,3339.66357421875,0.0,1896.7550048828125,0.08568212389945984,0.996322512626648,88888232
688,2,3338.9599609375,0.0,1897.327392578125,0.08568212389945984,0.996322512626648,88888230
688,3,3338.169189453125,0.0,1896.883544921875,0.08568212389945984,0.996322512626648,88888230
689,0,3337.817626953125,0.0,1916.375244140625,-0.08568212389945984,-0.996322512626648,88888230
689,1,3338.608642578125,0.0,1916.819091796875,-0.08568212389945984,-0.996322512626648,88888230
689,2,3339.312255859375,0.0,1916.2467041015625,-0.08568212389945984,-0.996322512626648,88888230
689,3,3340.10302734375,0.0,1916.6905517578125,-0.08568212389945984,-0.996322512626648,88888230
690,0,854.6735229492188,0.0,2112.63037109375,0.6145166754722595,-0.7889041900634766,88888020
690,1,854.9517822265625,0.0,2113.49365234375,0.6145166754722595,-0.7889041900634766,88888020
690,2,855.8568725585938,0.0,2113.55224609375,0.6145166754722595,-0.7889041900634766,88888020
690,3,856.1351318359375,0.0,2114.415283203125,0.6145166754722595,-0.7889041900634766,88888020
691,0,869.7487182617188,0.0,2100.2255859375,-0.6145166754722595,0.7889041900634766,88888040
691,1,869.470458984375,0.0,2099.3623046875,-0.6145166754722595,0.7889041900634766,88888040
691,2,868.5653686523438,0.0,2099.3037109375,-0.6145166754722595,0.7889041900634766,88888040
691,3,868.287109375,0.0,2098.440673828125,-0.6145166754722595,0.7889041900634766,88888040
692,0,1207.07275390625,0.0,1464.6334228515625,-0.6524056196212769,0.7578700184822083,88888070
692,1,1206.837158203125,0.0,1463.757568359375,-0.6524056196212769,0.7578700184822083,88888070
692,2,1205.9359130859375,0.0,1463.65478515625,-0.6524056196212769,0.7578700184822083,88888070
692,3,1205.7003173828125,0.0,1462.7789306640625,-0.6524056196212769,0.7578700184822083,88888070
693,0,1185.290771484375,0.0,1483.3914794921875,0.6524056196212769,-0.7578700184822083,88888062
693,1,1185.5263671875,0.0,1484.267333984375,0.6524056196212769,-0.7578700184822083,88888062
693,2,1186.4276123046875,0.0,1484.3701171875,0.6524056196212769,-0.7578700184822083,88888062
693,3,1186.6632080078125,0.0,1485.2459716796875,0.6524056196212769,-0.7578700184822083,88888062
694,0,2443.55322265625,0.002099968958646059,1633.2137451171875,-0.003245180705562234,-0.9999890327453613,88888181
694,1,2444.304931640625,0.0038616261444985867,1633.7213134765625,-0.003245180705562234,-0.9999890327453613,88888181
694,2,2445.05322265625,0.0021037033293396235,1633.2088623046875,-0.003245180705562234,-0.9999890327453613,88888181
694,3,2445.804931640625,0.0038653602823615074,1633.7164306640625,-0.003245180705562234,-0.9999890327453613,88888181
695,0,2447.733154296875,-0.09348997473716736,1605.494384765625,0.003245180705562234,0.9999890327453613,88888250
695,1,2446.9814453125,-0.09525162726640701,1604.98681640625,0.003245180705562234,0.9999890327453613,88888250
695,2,2446.233154296875,-0.09349370747804642,1605.499267578125,0.003245180705562234,0.9999890327453613,88888250
695,3,2445.4814453125,-0.09525536000728607,1604.99169921875,0.003245180705562234,0.9999890327453613,88888250
696,0,3736.85107421875,0.0,1556.96435546875,0.9951047301292419,-0.09882688522338867,88888240
696,1,3736.41748046875,0.0,1557.7611083984375,0.9951047301292419,-0.09882688522338867,88888240
696,2,3736.999267578125,0.0,1558.45703125,0.9951047301292419,-0.09882688522338867,88888240
696,3,3736.56591796875,0.0,1559.253662109375,0.9951047301292419,-0.09882688522338867,88888240
697,0,3765.839111328125,0.0,1558.3763427734375,-0.9951047301292419,0.09882688522338867,88888240
697,1,3766.272705078125,0.0,1557.57958984375,-0.9951047301292419,0.09882688522338867,88888240
697,2,3765.69091796875,0.0,1556.8836669921875,-0.9951047301292419,0.09882688522338867,88888240
697,3,3766.124267578125,0.0,1556.0870361328125,-0.9951047301292419,0.09882688522338867,88888240
698,0,2137.02294921875,0.0,1740.263671875,0.008239193819463253,0.9999660849571228,88888180
698,1,2136.268798828125,0.0,1739.7598876953125,0.008239193819463253,0.9999660849571228,88888180
698,2,2135.52294921875,0.0,1740.2760009765625,0.008239193819463253,0.9999660849571228,88888180
698,3,2134.768798828125,0.0,1739.772216796875,0.008239193819463253,0.9999660849571228,88888180
699,0,2132.98974609375,0.0,1769.0330810546875,-0.008239193819463253,-0.9999660849571228,88888150
699,1,2133.743896484375,0.0,1769.536865234375,-0.008239193819463253,-0.9999660849571228,88888150
699,2,2134.48974609375,0.0,1769.020751953125,-0.008239193819463253,-0.9999660849571228,88888150
699,3,2135.243896484375,0.0,1769.5245361328125,-0.008239193819463253,-0.9999660849571228,88888150
700,0,1711.2464599609375,0.020825982093811035,2025.2037353515625,0.9999948143959045,0.003000152064487338,88888150
700,1,1710.7342529296875,0.02142704464495182,2025.9521484375,0.9999948143959045,0.003000152064487338,88888150
700,2,1711.2420654296875,0.02082865685224533,2026.7037353515625,0.9999948143959045,0.003000152064487338,88888150
700,3,1710.729736328125,0.021429719403386116,2027.4521484375,0.9999948143959045,0.003000152064487338,88888150
701,0,1729.445556640625,-0.0005823360406793654,2029.5283203125,-0.9999948143959045,-0.003000152064487338,88888150
701,1,1729.957763671875,-0.0011833988828584552,2028.7799072265625,-0.9999948143959045,-0.003000152064487338,88888150
701,2,1729.449951171875,-0.0005850110319443047,2028.0283203125,-0.9999948143959045,-0.003000152064487338,88888150
701,3,1729.9622802734375,-0.0011860738741233945,2027.2799072265625,-0.9999948143959045,-0.003000152064487338,88888150
702,0,2489.77978515625,0.0,2059.08056640625,0.07539591193199158,-0.9971538782119751,88888130
702,1,2490.4892578125,0.0,2059.6455078125,0.07539591193199158,-0.9971538782119751,88888130
702,2,2491.275390625,0.0,2059.193603515625,0.07539591193199158,-0.9971538782119751,88888130
702,3,2491.985107421875,0.0,2059.7587890625,0.07539591193199158,-0.9971538782119751,88888130
703,0,2495.466796875,0.0,2040.4979248046875,-0.07539591193199158,0.9971538782119751,88888160
703,1,2494.75732421875,0.0,2039.9327392578125,-0.07539591193199158,0.9971538782119751,88888160
703,2,2493.97119140625,0.0,2040.384765625,-0.07539591193199158,0.9971538782119751,88888160
703,3,2493.261474609375,0.0,2039.8197021484375,-0.07539591193199158,0.9971538782119751,88888160
704,0,3093.716064453125,0.0,2274.642822265625,0.38797488808631897,-0.9216700792312622,88888140
704,1,3094.20947265625,0.0,2275.40380859375,0.38797488808631897,-0.9216700792312622,88888140
704,2,3095.0986328125,0.0,2275.224853515625,0.38797488808631897,-0.9216700792312622,88888140
704,3,3095.592041015625,0.0,2275.98583984375,0.38797488808631897,-0.9216700792312622,88888140
705,0,3108.8203125,0.0,2249.767578125,-0.38797488808631897,0.9216700792312622,88888140
705,1,3108.326904296875,0.0,2249.006591796875,-0.38797488808631897,0.9216700792312622,88888140
705,2,3107.437744140625,0.0,2249.185546875,-0.38797488808631897,0.9216700792312622,88888140
705,3,3106.9443359375,0.0,2248.424560546875,-0.38797488808631897,0.9216700792312622,88888140
706,0,1853.852294921875,0.0,1441.78515625,0.9837359189987183,-0.1796208620071411,88888170
706,1,1853.4853515625,0.0,1442.614501953125,0.9837359189987183,-0.1796208620071411,88888170
706,2,1854.121826171875,0.0,1443.2607421875,0.9837359189987183,-0.1796208620071411,88888170
706,3,1853.7547607421875,0.0,1444.090087890625,0.9837359189987183,-0.1796208620071411,88888170
707,0,1881.66357421875,0.0,1441.0474853515625,-0.9837359189987183,0.1796208620071411,88888180
707,1,1882.030517578125,0.0,1440.2181396484375,-0.9837359189987183,0.1796208620071411,88888180
707,2,1881.39404296875,0.0,1439.5718994140625,-0.9837359189987183,0.1796208620071411,88888180
707,3,1881.7611083984375,0.0,1438.7425537109375,-0.9837359189987183,0.1796208620071411,88888180
708,0,1280.261474609375,0.0,1912.065185546875,0.770766019821167,0.6371183395385742,88888040
708,1,1279.390625,0.0,1912.318359375,0.770766019821167,0.6371183395385742,88888040
708,2,1279.3057861328125,0.0,1913.221435546875,0.770766019821167,0.6371183395385742,88888040
708,3,1278.4349365234375,0.0,1913.4744873046875,0.770766019821167,0.6371183395385742,88888040
709,0,1285.4256591796875,0.0,1921.8740234375,-0.770766019821167,-0.6371183395385742,88888110
709,1,1286.2965087890625,0.0,1921.620849609375,-0.770766019821167,-0.6371183395385742,88888110
709,2,1286.38134765625,0.0,1920.7177734375,-0.770766019821167,-0.6371183395385742,88888110
709,3,1287.252197265625,0.0,1920.4647216796875,-0.770766019821167,-0.6371183395385742,88888110
710,0,3555.367431640625,0.0,745.6699829101562,0.9075205326080322,-0.42000770568847656,88888240
710,1,3555.219482421875,0.0,746.5648803710938,0.9075205326080322,-0.42000770568847656,88888240
710,2,3555.99755859375,0.0,747.03125,0.9075205326080322,-0.42000770568847656,88888240
710,3,3555.849609375,0.0,747.9261474609375,0.9075205326080322,-0.42000770568847656,88888240
711,0,3583.9140625,0.0,737.16357421875,-0.9075205326080322,0.42000770568847656,88888260
711,1,3584.06201171875,0.0,736.2686767578125,-0.9075205326080322,0.42000770568847656,88888260
711,2,3583.283935546875,0.0,735.8023071289062,-0.9075205326080322,0.42000770568847656,88888260
711,3,3583.431884765625,0.0,734.9074096679688,-0.9075205326080322,0.42000770568847656,88888260
712,0,2600.180419921875,0.0,2492.23486328125,0.00031461165053769946,-1.0,88888100
712,1,2600.93017578125,0.0,2492.7451171875,0.00031461165053769946,-1.0,88888100
712,2,2601.680419921875,0.0,2492.2353515625,0.00031461165053769946,-1.0,88888100
712,3,2602.43017578125,0.0,2492.74560546875,0.00031461165053769946,-1.0,88888100
713,0,2604.45654296875,0.0,2473.38818359375,-0.00031461165053769946,1.0,88888140
713,1,2603.706787109375,0.0,2472.8779296875,-0.00031461165053769946,1.0,88888140
713,2,2602.95654296875,0.0,2473.3876953125,-0.00031461165053769946,1.0,88888140
713,3,2602.206787109375,0.0,2472.87744140625,-0.00031461165053769946,1.0,88888140
714,0,2576.61328125,0.0,2464.71875,0.9999138116836548,-0.013125300407409668,88888130
714,1,2576.11328125,0.0,2465.475341796875,0.9999138116836548,-0.013125300407409668,88888130
714,2,2576.633056640625,0.0,2466.218505859375,0.9999138116836548,-0.013125300407409668,88888130
714,3,2576.1328125,0.0,2466.97509765625,0.9999138116836548,-0.013125300407409668,88888130
715,0,2595.505859375,0.0,2468.740966796875,-0.9999138116836548,0.013125300407409668,88888140
715,1,2596.005859375,0.0,2467.984375,-0.9999138116836548,0.013125300407409668,88888140
715,2,2595.486083984375,0.0,2467.2412109375,-0.9999138116836548,0.013125300407409668,88888140
715,3,2595.986328125,0.0,2466.484619140625,-0.9999138116836548,0.013125300407409668,88888140
716,0,2424.07275390625,0.0,1736.581298828125,0.011469249613583088,0.999934196472168,88888181
716,1,2423.317138671875,0.0,1736.0799560546875,0.011469249613583088,0.999934196472168,88888181
716,2,2422.572998046875,0.0,1736.5985107421875,0.011469249613583088,0.999934196472168,88888181
716,3,2421.817138671875,0.0,1736.09716796875,0.011469249613583088,0.999934196472168,88888181
717,0,2420.135009765625,0.0,1765.5777587890625,-0.011469249613583088,-0.999934196472168,88888160
717,1,2420.890625,0.0,1766.0791015625,-0.011469249613583088,-0.999934196472168,88888160
717,2,2421.634765625,0.0,1765.560546875,-0.011469249613583088,-0.999934196472168,88888160
717,3,2422.390625,0.0,1766.0618896484375,-0.011469249613583088,-0.999934196472168,88888160
718,0,2955.126220703125,0.0,2212.628173828125,-0.4010328948497772,0.916063666343689,88888140
718,1,2954.643798828125,0.0,2211.860107421875,-0.4010328948497772,0.916063666343689,88888140
718,2,2953.752197265625,0.0,2212.026611328125,-0.4010328948497772,0.916063666343689,88888140
718,3,2953.26953125,0.0,2211.258544921875,-0.4010328948497772,0.916063666343689,88888140
719,0,2938.717529296875,0.0,2239.462646484375,0.4010328948497772,-0.916063666343689,88888140
719,1,2939.199951171875,0.0,2240.230712890625,0.4010328948497772,-0.916063666343689,88888140
719,2,2940.091552734375,0.0,2240.064208984375,0.4010328948497772,-0.916063666343689,88888140
719,3,2940.57421875,0.0,2240.832275390625,0.4010328948497772,-0.916063666343689,88888140
720,0,3762.012451171875,0.0,2004.7066650390625,0.9996373057365417,0.026931166648864746,88888230
720,1,3761.482421875,0.0,2005.442626953125,0.9996373057365417,0.026931166648864746,88888230
720,2,3761.971923828125,0.0,2006.2061767578125,0.9996373057365417,0.026931166648864746,88888230
720,3,3761.44189453125,0.0,2006.942138671875,0.9996373057365417,0.026931166648864746,88888230
721,0,3790.626708984375,0.0,2009.7491455078125,-0.9996373057365417,-0.026931166648864746,88888220
721,1,3791.15673828125,0.0,2009.01318359375,-0.9996373057365417,-0.026931166648864746,88888220
721,2,3790.667236328125,0.0,2008.2496337890625,-0.9996373057365417,-0.026931166648864746,88888220
721,3,3791.197265625,0.0,2007.513671875,-0.9996373057365417,-0.026931166648864746,88888220
722,0,3756.308837890625,0.0,2189.60546875,0.9987556338310242,0.04987150430679321,88888210
722,1,3755.76220703125,0.0,2190.3291015625,0.9987556338310242,0.04987150430679321,88888210
722,2,3756.234130859375,0.0,2191.103515625,0.9987556338310242,0.04987150430679321,88888210
722,3,3755.6875,0.0,2191.8271484375,0.9987556338310242,0.04987150430679321,88888210
723,0,3784.80224609375,0.0,2195.303466796875,-0.9987556338310242,-0.04987150430679321,88888220
723,1,3785.348876953125,0.0,2194.579833984375,-0.9987556338310242,-0.04987150430679321,88888220
723,2,3784.876953125,0.0,2193.805419921875,-0.9987556338310242,-0.04987150430679321,88888220
723,3,3785.423583984375,0.0,2193.081787109375,-0.9987556338310242,-0.04987150430679321,88888220
724,0,2320.37255859375,0.0,2050.108642578125,-0.006092824973165989,-0.9999814033508301,88888130
724,1,2321.125732421875,0.0,2050.6142578125,-0.006092824973165989,-0.9999814033508301,88888130
724,2,2321.87255859375,0.0,2050.099609375,-0.006092824973165989,-0.9999814033508301,88888130
724,3,2322.625732421875,0.0,2050.60498046875,-0.006092824973165989,-0.9999814033508301,88888130
725,0,2324.52783203125,0.0,2031.211669921875,0.006092824973165989,0.9999814033508301,88888160
725,1,2323.774658203125,0.0,2030.706298828125,0.006092824973165989,0.9999814033508301,88888160
725,2,2323.02783203125,0.0,2031.2208251953125,0.006092824973165989,0.9999814033508301,88888160
725,3,2322.274658203125,0.0,2030.7154541015625,0.006092824973165989,0.9999814033508301,88888160
726,0,615.3037109375,4.796836705622809e-09,2046.350830078125,-0.6471439003944397,0.762367844581604,88888010
726,1,615.0619506835938,4.796836705622809e-09,2045.4766845703125,-0.6471439003944397,0.762367844581604,88888010
726,2,614.16015625,4.796836705622809e-09,2045.380126953125,-0.6471439003944397,0.762367844581604,88888010
726,3,613.9183959960938,4.796836705622809e-09,2044.5059814453125,-0.6471439003944397,0.762367844581604,88888010
727,0,603.9402465820312,4.796836705622809e-09,2053.139404296875,0.6471439003944397,-0.762367844581604,88888010
727,1,604.1820068359375,4.796836705622809e-09,2054.013671875,0.6471439003944397,-0.762367844581604,88888010
727,2,605.0838012695312,4.796836705622809e-09,2054.110107421875,0.6471439003944397,-0.762367844581604,88888010
727,3,605.3255615234375,4.796836705622809e-09,2054.984375,0.6471439003944397,-0.762367844581604,88888010
728,0,3933.91552734375,0.0,2007.795166015625,0.04919406399130821,-0.9987893104553223,88888221
728,1,3934.639404296875,0.0,2008.3414306640625,0.04919406399130821,-0.9987893104553223,88888221
728,2,3935.41357421875,0.0,2007.868896484375,0.04919406399130821,-0.9987893104553223,88888221
728,3,3936.137451171875,0.0,2008.4151611328125,0.04919406399130821,-0.9987893104553223,88888221
729,0,3939.593017578125,0.0,1979.3226318359375,-0.04919406399130821,0.9987893104553223,88888221
729,1,3938.869140625,0.0,1978.7763671875,-0.04919406399130821,0.9987893104553223,88888221
729,2,3938.094970703125,0.0,1979.2489013671875,-0.04919406399130821,0.9987893104553223,88888221
729,3,3937.37109375,0.0,1978.70263671875,-0.04919406399130821,0.9987893104553223,88888221
730,0,1545.7291259765625,0.002245444105938077,1241.8642578125,-0.16004954278469086,0.9871059060096741,88888072
730,1,1545.070556640625,0.0035056215710937977,1241.2408447265625,-0.16004954278469086,0.9871059060096741,88888072
730,2,1544.24853515625,0.0022454564459621906,1241.624267578125,-0.16004954278469086,0.9871059060096741,88888072
730,3,1543.58984375,0.0035056336782872677,1241.000732421875,-0.16004954278469086,0.9871059060096741,88888072
731,0,1535.6048583984375,-0.08898545056581497,1277.6265869140625,0.16004954278469086,-0.9871059060096741,88888071
731,1,1536.263427734375,-0.09024561941623688,1278.25,0.16004954278469086,-0.9871059060096741,88888071
731,2,1537.08544921875,-0.08898545801639557,1277.8665771484375,0.16004954278469086,-0.9871059060096741,88888071
731,3,1537.744140625,-0.09024563431739807,1278.4901123046875,0.16004954278469086,-0.9871059060096741,88888071
732,0,3464.120849609375,0.0005726331728510559,2164.078369140625,0.015208977274596691,0.999884307384491,88888231
732,1,3463.363037109375,0.0005883473786525428,2163.579833984375,0.015208977274596691,0.999884307384491,88888231
732,2,3462.62109375,0.0005721766501665115,2164.10107421875,0.015208977274596691,0.999884307384491,88888231
732,3,3461.86328125,0.0005878908559679985,2163.6025390625,0.015208977274596691,0.999884307384491,88888231
733,0,3460.138916015625,-1.9926785171264783e-05,2183.0556640625,-0.015208977274596691,-0.999884307384491,88888210
733,1,3460.896728515625,-3.564098005881533e-05,2183.55419921875,-0.015208977274596691,-0.999884307384491,88888210
733,2,3461.638671875,-1.9470220649964176e-05,2183.032958984375,-0.015208977274596691,-0.999884307384491,88888210
733,3,3462.396484375,-3.5184420994482934e-05,2183.531494140625,-0.015208977274596691,-0.999884307384491,88888210
734,0,3227.54345703125,0.0,1301.300537109375,0.21180187165737152,0.9773126244544983,88888190
734,1,3226.702392578125,0.0,1300.9609375,0.21180187165737152,0.9773126244544983,88888190
734,2,3226.077392578125,0.0,1301.6181640625,0.21180187165737152,0.9773126244544983,88888190
734,3,3225.236572265625,0.0,1301.2786865234375,0.21180187165737152,0.9773126244544983,88888190
735,0,3227.364501953125,0.0,1320.635498046875,-0.21180187165737152,-0.9773126244544983,88888250
735,1,3228.20556640625,0.0,1320.97509765625,-0.21180187165737152,-0.9773126244544983,88888250
735,2,3228.83056640625,0.0,1320.31787109375,-0.21180187165737152,-0.9773126244544983,88888250
735,3,3229.67138671875,0.0,1320.6573486328125,-0.21180187165737152,-0.9773126244544983,88888250
736,0,1896.2606201171875,0.002497192705050111,2687.037841796875,0.9999412298202515,0.009975929744541645,88888090
736,1,1895.7431640625,0.004667048342525959,2687.78271484375,0.9999412298202515,0.009975929744541645,88888090
736,2,1896.2457275390625,0.002497253939509392,2688.537841796875,0.9999412298202515,0.009975929744541645,88888090
736,3,1895.728271484375,0.004667109809815884,2689.28271484375,0.9999412298202515,0.009975929744541645,88888090
737,0,1923.1580810546875,-0.11212719231843948,2691.576416015625,-0.9999412298202515,-0.009975929744541645,88888100
737,1,1923.675537109375,-0.1142970472574234,2690.83154296875,-0.9999412298202515,-0.009975929744541645,88888100
737,2,1923.1729736328125,-0.11212725937366486,2690.076416015625,-0.9999412298202515,-0.009975929744541645,88888100
737,3,1923.6904296875,-0.11429711431264877,2689.33154296875,-0.9999412298202515,-0.009975929744541645,88888100
738,0,384.7968444824219,-0.05784507840871811,1752.8389892578125,0.8698160648345947,0.493141770362854,88888030
738,1,383.98333740234375,-0.0500854030251503,1753.239990234375,0.8698160648345947,0.493141770362854,88888030
738,2,384.0570373535156,-0.05783849209547043,1754.1439208984375,0.8698160648345947,0.493141770362854,88888030
738,3,383.2435302734375,-0.05007881671190262,1754.544921875,0.8698160648345947,0.493141770362854,88888030
739,0,416.2793273925781,-0.08768676221370697,1772.8226318359375,-0.9016560912132263,-0.43245381116867065,88888030
739,1,417.0635070800781,-0.08767300844192505,1772.366943359375,-0.9016560912132263,-0.43245381116867065,88888030
739,2,416.9280090332031,-0.08768663555383682,1771.4700927734375,-0.9016560912132263,-0.43245381116867065,88888030
739,3,417.7121887207031,-0.0876728892326355,1771.0145263671875,-0.9016560912132263,-0.43245381116867065,88888030
740,0,1686.664306640625,0.0012199333868920803,2665.2607421875,0.9997971653938293,0.019563833251595497,88888090
740,1,1686.1397705078125,0.003678015898913145,2666.00048828125,0.9997971653938293,0.019563833251595497,88888090
740,2,1686.635009765625,0.001219908008351922,2666.760498046875,0.9997971653938293,0.019563833251595497,88888090
740,3,1686.1104736328125,0.003677990287542343,2667.500244140625,0.9997971653938293,0.019563833251595497,88888090
741,0,1705.422119140625,-0.08960993587970734,2669.8984375,-0.9997971653938293,-0.019563833251595497,88888090
741,1,1705.9466552734375,-0.09206801652908325,2669.15869140625,-0.9997971653938293,-0.019563833251595497,88888090
741,2,1705.451416015625,-0.08960990607738495,2668.398681640625,-0.9997971653938293,-0.019563833251595497,88888090
741,3,1705.9759521484375,-0.09206799417734146,2667.658935546875,-0.9997971653938293,-0.019563833251595497,88888090
742,0,2598.95947265625,0.0,1595.0242919921875,0.9996097683906555,-0.02793729305267334,88888250
742,1,2598.470703125,0.0,1595.788330078125,0.9996097683906555,-0.02793729305267334,88888250
742,2,2599.001220703125,0.0,1596.523681640625,0.9996097683906555,-0.02793729305267334,88888250
742,3,2598.512451171875,0.0,1597.2877197265625,0.9996097683906555,-0.02793729305267334,88888250
743,0,2617.916015625,0.0,1598.7662353515625,-0.9996097683906555,0.02793729305267334,88888250
743,1,2618.40478515625,0.0,1598.002197265625,-0.9996097683906555,0.02793729305267334,88888250
743,2,2617.874267578125,0.0,1597.266845703125,-0.9996097683906555,0.02793729305267334,88888250
743,3,2618.363037109375,0.0,1596.5028076171875,-0.9996097683906555,0.02793729305267334,88888250
744,0,2592.5205078125,0.003441186621785164,1732.3909912109375,0.033822644501924515,0.999427855014801,88888181
744,1,2591.628662109375,0.0035020546056330204,1731.9107666015625,0.033822644501924515,0.999427855014801,88888181
744,2,2590.771484375,0.0034401994198560715,1732.4501953125,0.033822644501924515,0.999427855014801,88888181
745,0,2589.861328125,-6.118658347986639e-05,1761.5902099609375,-0.033822644501924515,-0.999427855014801,88888160
745,1,2590.753173828125,-0.0001220546691911295,1762.0704345703125,-0.033822644501924515,-0.999427855014801,88888160
745,2,2591.6103515625,-6.019940701662563e-05,1761.531005859375,-0.033822644501924515,-0.999427855014801,88888160
746,0,2179.208984375,0.0524115115404129,2223.58642578125,-0.05106639489531517,0.9975327849388123,88888130
746,1,2178.486328125,0.02935769222676754,2223.039306640625,-0.05106639489531517,0.9975327849388123,88888130
746,2,2177.711181640625,0.055439941585063934,2223.509521484375,-0.05106639489531517,0.9975327849388123,88888130
746,3,2176.98828125,0.032386116683483124,2222.96240234375,-0.05106639489531517,0.9975327849388123,88888130
747,0,2174.88720703125,0.08733721077442169,2249.42626953125,-0.002364709274843335,-0.9897907972335815,88888120
747,1,2175.638427734375,0.16016851365566254,2249.929443359375,-0.002364709274843335,-0.9897907972335815,88888120
747,2,2176.38720703125,0.08764147013425827,2249.422607421875,-0.002364709274843335,-0.9897907972335815,88888120
747,3,2177.138427734375,0.1604727804660797,2249.92578125,-0.002364709274843335,-0.9897907972335815,88888120
748,0,3073.6455078125,0.0,1347.0228271484375,0.32034027576446533,0.947302520275116,88888190
748,1,3072.771728515625,0.0,1346.7799072265625,0.32034027576446533,0.947302520275116,88888190
748,2,3072.224609375,0.0,1347.50341796875,0.32034027576446533,0.947302520275116,88888190
748,3,3071.350830078125,0.0,1347.260498046875,0.32034027576446533,0.947302520275116,88888190
749,0,3075.63330078125,0.0,1366.2305908203125,-0.32034027576446533,-0.947302520275116,88888250
749,1,3076.507080078125,0.0,1366.4735107421875,-0.32034027576446533,-0.947302520275116,88888250
749,2,3077.05419921875,0.0,1365.75,-0.32034027576446533,-0.947302520275116,88888250
749,3,3077.927978515625,0.0,1365.992919921875,-0.32034027576446533,-0.947302520275116,88888250
750,0,1704.5604248046875,0.0,2075.6904296875,-0.7516589760780334,-0.6595520973205566,88888110
750,1,1705.4384765625,0.0,2075.463134765625,-0.7516589760780334,-0.6595520973205566,88888110
750,2,1705.5498046875,0.0,2074.56298828125,-0.7516589760780334,-0.6595520973205566,88888110
750,3,1706.427734375,0.0,2074.335693359375,-0.7516589760780334,-0.6595520973205566,88888110
751,0,1693.193603515625,0.0,2060.03564453125,0.7516589760780334,0.6595520973205566,88888110
751,1,1692.3155517578125,0.0,2060.262939453125,0.7516589760780334,0.6595520973205566,88888110
751,2,1692.2042236328125,0.0,2061.1630859375,0.7516589760780334,0.6595520973205566,88888110
751,3,1691.3262939453125,0.0,2061.390380859375,0.7516589760780334,0.6595520973205566,88888110
752,0,887.7657470703125,0.0,1587.066162109375,0.6384987831115723,-0.7696230411529541,88888040
752,1,888.017333984375,0.0,1587.9375,0.6384987831115723,-0.7696230411529541,88888040
752,2,888.920166015625,0.0,1588.02392578125,0.6384987831115723,-0.7696230411529541,88888040
752,3,889.1717529296875,0.0,1588.895263671875,0.6384987831115723,-0.7696230411529541,88888040
753,0,909.3974609375,0.0,1567.6796875,-0.6384987831115723,0.7696230411529541,88888050
753,1,909.1458740234375,0.0,1566.808349609375,-0.6384987831115723,0.7696230411529541,88888050
753,2,908.2430419921875,0.0,1566.721923828125,-0.6384987831115723,0.7696230411529541,88888050
753,3,907.991455078125,0.0,1565.8505859375,-0.6384987831115723,0.7696230411529541,88888050
754,0,2594.6875,0.0,1636.156982421875,0.9997560381889343,-0.022093892097473145,88888181
754,1,2594.1943359375,0.0,1636.9180908203125,0.9997560381889343,-0.022093892097473145,88888181
754,2,2594.720703125,0.0,1637.6566162109375,0.9997560381889343,-0.022093892097473145,88888181
755,0,2626.10107421875,0.0,1638.8524169921875,-0.999882698059082,0.015319347381591797,88888181
755,1,2626.599609375,0.0,1638.0947265625,-0.999882698059082,0.015319347381591797,88888181
755,2,2626.077880859375,0.0,1637.3526611328125,-0.999882698059082,0.015319347381591797,88888181
756,0,1423.866943359375,-0.07680810242891312,2692.304443359375,0.12580762803554535,-0.9920527935028076,88888090
756,1,1424.5467529296875,-0.07779558002948761,2692.904541015625,0.12580762803554535,-0.9920527935028076,88888090
756,2,1425.35498046875,-0.07680810987949371,2692.4931640625,0.12580762803554535,-0.9920527935028076,88888090
756,3,1426.034912109375,-0.0777955874800682,2693.09326171875,0.12580762803554535,-0.9920527935028076,88888090
757,0,1433.1383056640625,0.0006881095468997955,2653.13525390625,-0.12580762803554535,0.9920527935028076,88888090
757,1,1432.45849609375,0.0016755900578573346,2652.53515625,-0.12580762803554535,0.9920527935028076,88888090
757,2,1431.6502685546875,0.0006881140288896859,2652.946533203125,-0.12580762803554535,0.9920527935028076,88888090
757,3,1430.9703369140625,0.0016755945980548859,2652.346435546875,-0.12580762803554535,0.9920527935028076,88888090
758,0,1235.58349609375,-0.08925272524356842,2645.24609375,0.29982462525367737,-0.9539943933486938,88888080
758,1,1236.14599609375,-0.08927590399980545,2645.95751953125,0.29982462525367737,-0.9539943933486938,88888080
758,2,1237.014404296875,-0.08925272524356842,2645.69580078125,0.29982462525367737,-0.9539943933486938,88888080
758,3,1237.5770263671875,-0.08927590399980545,2646.4072265625,0.29982462525367737,-0.9539943933486938,88888080
759,0,1250.642578125,-0.08758727461099625,2611.57177734375,-0.29982462525367737,0.9539943933486938,88888081
759,1,1250.080078125,-0.08756409585475922,2610.8603515625,-0.29982462525367737,0.9539943933486938,88888081
759,2,1249.211669921875,-0.08758727461099625,2611.1220703125,-0.29982462525367737,0.9539943933486938,88888081
759,3,1248.6490478515625,-0.08756409585475922,2610.41064453125,-0.29982462525367737,0.9539943933486938,88888081
760,0,1065.385009765625,0.0,1343.054931640625,-0.6495368480682373,0.7603301405906677,88888070
760,1,1065.1461181640625,0.0,1342.1800537109375,-0.6495368480682373,0.7603301405906677,88888070
760,2,1064.2445068359375,0.0,1342.0806884765625,-0.6495368480682373,0.7603301405906677,88888070
760,3,1064.005615234375,0.0,1341.2056884765625,-0.6495368480682373,0.7603301405906677,88888070
761,0,1043.8995361328125,0.0,1361.6312255859375,0.6495368480682373,-0.7603301405906677,88888060
761,1,1044.138427734375,0.0,1362.506103515625,0.6495368480682373,-0.7603301405906677,88888060
761,2,1045.0400390625,0.0,1362.60546875,0.6495368480682373,-0.7603301405906677,88888060
761,3,1045.2789306640625,0.0,1363.48046875,0.6495368480682373,-0.7603301405906677,88888060
762,0,3145.655029296875,0.001234992640092969,871.0333251953125,0.4799317419528961,0.877302348613739,88888240
762,1,3144.752197265625,0.002494667423889041,870.94580078125,0.4799317419528961,0.877302348613739,88888240
762,2,3144.339111328125,0.0012349835596978664,871.7532348632812,0.4799317419528961,0.877302348613739,88888240
762,3,3143.436279296875,0.0024946583434939384,871.6657104492188,0.4799317419528961,0.877302348613739,88888240
763,0,3159.454833984375,-0.08906499296426773,905.1561889648438,-0.4799317419528961,-0.877302348613739,88888240
763,1,3160.357666015625,-0.09032466262578964,905.2437133789062,-0.4799317419528961,-0.877302348613739,88888240
763,2,3160.770751953125,-0.08906498551368713,904.436279296875,-0.4799317419528961,-0.877302348613739,88888240
763,3,3161.673583984375,-0.09032465517520905,904.5238037109375,-0.4799317419528961,-0.877302348613739,88888240
764,0,2768.466552734375,0.0,2243.5205078125,-0.04634450376033783,-0.9989255666732788,88888140
764,1,2769.239501953125,0.0,2243.995361328125,-0.04634450376033783,-0.9989255666732788,88888140
764,2,2769.965087890625,0.0,2243.451171875,-0.04634450376033783,-0.9989255666732788,88888140
764,3,2770.738037109375,0.0,2243.92578125,-0.04634450376033783,-0.9989255666732788,88888140
765,0,2771.410888671875,0.0,2214.843994140625,0.04634450376033783,0.9989255666732788,88888140
765,1,2770.637939453125,0.0,2214.369140625,0.04634450376033783,0.9989255666732788,88888140
765,2,2769.912353515625,0.0,2214.913330078125,0.04634450376033783,0.9989255666732788,88888140
765,3,2769.139404296875,0.0,2214.438720703125,0.04634450376033783,0.9989255666732788,88888140
766,0,2594.78662109375,0.0,1511.47607421875,0.8773581385612488,-0.479836106300354,88888250
766,1,2594.698974609375,0.0,1512.37890625,0.8773581385612488,-0.479836106300354,88888250
766,2,2595.50634765625,0.0,1512.7921142578125,0.8773581385612488,-0.479836106300354,88888250
766,3,2595.418701171875,0.0,1513.6949462890625,0.8773581385612488,-0.479836106300354,88888250
767,0,2614.8798828125,0.0,1505.3538818359375,-0.8773581385612488,0.479836106300354,88888250
767,1,2614.967529296875,0.0,1504.4510498046875,-0.8773581385612488,0.479836106300354,88888250
767,2,2614.16015625,0.0,1504.037841796875,-0.8773581385612488,0.479836106300354,88888250
767,3,2614.247802734375,0.0,1503.135009765625,-0.8773581385612488,0.479836106300354,88888250
768,0,3095.718017578125,0.0,1339.047119140625,0.35776659846305847,0.9338110685348511,88888190
768,1,3094.835205078125,0.0,1338.8392333984375,0.35776659846305847,0.9338110685348511,88888190
768,2,3094.3173828125,0.0,1339.583740234375,0.35776659846305847,0.9338110685348511,88888190
768,3,3093.4345703125,0.0,1339.3758544921875,0.35776659846305847,0.9338110685348511,88888190
769,0,3098.471923828125,0.0,1358.169677734375,-0.35776659846305847,-0.9338110685348511,88888250
769,1,3099.354736328125,0.0,1358.3775634765625,-0.35776659846305847,-0.9338110685348511,88888250
769,2,3099.87255859375,0.0,1357.633056640625,-0.35776659846305847,-0.9338110685348511,88888250
769,3,3100.75537109375,0.0,1357.8409423828125,-0.35776659846305847,-0.9338110685348511,88888250
770,0,2440.148193359375,0.0,1086.5423583984375,0.04001573473215103,0.9991990327835083,88888190
770,1,2439.378173828125,0.0,1086.062744140625,0.04001573473215103,0.9991990327835083,88888190
770,2,2438.6494140625,0.0,1086.6024169921875,0.04001573473215103,0.9991990327835083,88888190
770,3,2437.87939453125,0.0,1086.122802734375,0.04001573473215103,0.9991990327835083,88888190
771,0,2437.348876953125,0.0,1123.35107421875,-0.04001573473215103,-0.9991990327835083,88888190
771,1,2438.118896484375,0.0,1123.8306884765625,-0.04001573473215103,-0.9991990327835083,88888190
771,2,2438.84765625,0.0,1123.291015625,-0.04001573473215103,-0.9991990327835083,88888190
771,3,2439.61767578125,0.0,1123.7706298828125,-0.04001573473215103,-0.9991990327835083,88888190
772,0,3733.3974609375,0.0,2345.875732421875,0.9748930931091309,0.22267329692840576,88888210
772,1,3732.733154296875,0.0,2346.4931640625,0.9748930931091309,0.22267329692840576,88888210
772,2,3733.0634765625,0.0,2347.337890625,0.9748930931091309,0.22267329692840576,88888210
772,3,3732.399169921875,0.0,2347.95556640625,0.9748930931091309,0.22267329692840576,88888210
773,0,3760.470947265625,0.0,2356.439208984375,-0.9748930931091309,-0.22267329692840576,88888220
773,1,3761.13525390625,0.0,2355.82177734375,-0.9748930931091309,-0.22267329692840576,88888220
773,2,3760.804931640625,0.0,2354.97705078125,-0.9748930931091309,-0.22267329692840576,88888220
773,3,3761.46923828125,0.0,2354.359375,-0.9748930931091309,-0.22267329692840576,88888220
774,0,2632.434814453125,-0.02285875380039215,1731.952392578125,0.011403870768845081,0.9999319911003113,88888181
774,1,2631.67919921875,-0.021612344309687614,1731.450927734375,0.011403870768845081,0.9999319911003113,88888181
774,2,2630.93505859375,-0.022849630564451218,1731.969482421875,0.011403870768845081,0.9999319911003113,88888181
774,3,2630.17919921875,-0.02160322293639183,1731.468017578125,0.011403870768845081,0.9999319911003113,88888181
775,0,2628.48486328125,-0.09110777825117111,1760.0382080078125,-0.011403870768845081,-0.9999319911003113,88888160
775,1,2629.240478515625,-0.0923541858792305,1760.5396728515625,-0.011403870768845081,-0.9999319911003113,88888160
775,2,2629.984619140625,-0.09111690521240234,1760.0211181640625,-0.011403870768845081,-0.9999319911003113,88888160
775,3,2630.740478515625,-0.09236331284046173,1760.5225830078125,-0.011403870768845081,-0.9999319911003113,88888160
776,0,1207.5877685546875,-0.08903919160366058,2634.71484375,0.32584211230278015,-0.9454244375228882,88888080
776,1,1208.130615234375,-0.0890587642788887,2635.44140625,0.32584211230278015,-0.9454244375228882,88888080
776,2,1209.005859375,-0.08903919160366058,2635.203369140625,0.32584211230278015,-0.9454244375228882,88888080
776,3,1209.548828125,-0.0890587642788887,2635.929931640625,0.32584211230278015,-0.9454244375228882,88888080
777,0,1223.5804443359375,-0.08763080835342407,2601.416748046875,-0.32584211230278015,0.9454244375228882,88888080
777,1,1223.03759765625,-0.08761123567819595,2600.690185546875,-0.32584211230278015,0.9454244375228882,88888080
777,2,1222.162353515625,-0.08763080835342407,2600.92822265625,-0.32584211230278015,0.9454244375228882,88888080
777,3,1221.619384765625,-0.08761123567819595,2600.20166015625,-0.32584211230278015,0.9454244375228882,88888080
778,0,4075.849853515625,0.0,1796.6429443359375,0.20468492805957794,-0.9788283109664917,88888220
778,1,4076.4794921875,0.0,1797.295654296875,0.20468492805957794,-0.9788283109664917,88888220
778,2,4077.318115234375,0.0,1796.949951171875,0.20468492805957794,-0.9788283109664917,88888220
778,3,4077.94775390625,0.0,1797.6026611328125,0.20468492805957794,-0.9788283109664917,88888220
779,0,4083.9453125,0.0,1778.7908935546875,-0.20468492805957794,0.9788283109664917,88888220
779,1,4083.315673828125,0.0,1778.13818359375,-0.20468492805957794,0.9788283109664917,88888220
779,2,4082.47705078125,0.0,1778.48388671875,-0.20468492805957794,0.9788283109664917,88888220
779,3,4081.847412109375,0.0,1777.8311767578125,-0.20468492805957794,0.9788283109664917,88888220
780,0,2450.486083984375,0.0,2220.697265625,0.003566279774531722,0.999993622303009,88888130
780,1,2449.734375,0.0,2220.18994140625,0.003566279774531722,0.999993622303009,88888130
780,2,2448.986083984375,0.0,2220.70263671875,0.003566279774531722,0.999993622303009,88888130
780,3,2448.234375,0.0,2220.1953125,0.003566279774531722,0.999993622303009,88888130
781,0,2446.318359375,0.0,2249.437744140625,-0.003566279774531722,-0.999993622303009,88888130
781,1,2447.070068359375,0.0,2249.945068359375,-0.003566279774531722,-0.999993622303009,88888130
781,2,2447.818359375,0.0,2249.432373046875,-0.003566279774531722,-0.999993622303009,88888130
781,3,2448.570068359375,0.0,2249.939697265625,-0.003566279774531722,-0.999993622303009,88888130
782,0,4119.03125,0.0,1815.4285888671875,-0.9728553295135498,-0.2314143180847168,88888220
782,1,4119.701171875,0.0,1814.8170166015625,-0.9728553295135498,-0.2314143180847168,88888220
782,2,4119.37841796875,0.0,1813.9693603515625,-0.9728553295135498,-0.2314143180847168,88888220
782,3,4120.04833984375,0.0,1813.357666015625,-0.9728553295135498,-0.2314143180847168,88888220
783,0,4084.1533203125,0.0,1802.742919921875,0.9728553295135498,0.2314143180847168,88888220
783,1,4083.483642578125,0.0,1803.3544921875,0.9728553295135498,0.2314143180847168,88888220
783,2,4083.80615234375,0.0,1804.2021484375,0.9728553295135498,0.2314143180847168,88888220
783,3,4083.136474609375,0.0,1804.8138427734375,0.9728553295135498,0.2314143180847168,88888220
784,0,1405.6788330078125,7.939770512166433e-06,2643.0380859375,0.9882144927978516,0.15307605266571045,88888081
784,1,1405.06005859375,1.748036447679624e-05,2643.701171875,0.9882144927978516,0.15307605266571045,88888081
784,2,1405.44921875,8.83443954080576e-06,2644.5205078125,0.9882144927978516,0.15307605266571045,88888081
785,0,1423.9024658203125,-0.0003279397787991911,2649.169677734375,-0.9882144927978516,-0.15307605266571045,88888090
785,1,1424.521240234375,-0.0003374803636688739,2648.506591796875,-0.9882144927978516,-0.15307605266571045,88888090
785,2,1424.132080078125,-0.0003288344305474311,2647.687255859375,-0.9882144927978516,-0.15307605266571045,88888090
786,0,1827.4659423828125,0.011380626820027828,1283.63818359375,-0.005661914590746164,0.9999802112579346,88888072
786,1,1826.7188720703125,0.012778665870428085,1283.1239013671875,-0.005661914590746164,0.9999802112579346,88888072
786,2,1825.9659423828125,0.011380626820027828,1283.629638671875,-0.005661914590746164,0.9999802112579346,88888072
786,3,1825.2188720703125,0.012778665870428085,1283.115478515625,-0.005661914590746164,0.9999802112579346,88888072
787,0,1822.9879150390625,-0.089350625872612,1320.3597412109375,0.005661914590746164,-0.9999802112579346,88888070
787,1,1823.7349853515625,-0.09074866771697998,1320.8740234375,0.005661914590746164,-0.9999802112579346,88888070
787,2,1824.4879150390625,-0.089350625872612,1320.3682861328125,0.005661914590746164,-0.9999802112579346,88888070
787,3,1825.2349853515625,-0.09074866771697998,1320.8824462890625,0.005661914590746164,-0.9999802112579346,88888070
788,0,2576.516845703125,0.0,2332.1259765625,0.9999980330467224,0.002025604248046875,88888130
788,1,2576.005126953125,0.0,2332.875,0.9999980330467224,0.002025604248046875,88888130
788,2,2576.513671875,0.0,2333.6259765625,0.9999980330467224,0.002025604248046875,88888130
788,3,2576.002197265625,0.0,2334.375,0.9999980330467224,0.002025604248046875,88888130
789,0,2595.345458984375,0.0,2336.43408203125,-0.9999980330467224,-0.002025604248046875,88888140
789,1,2595.857177734375,0.0,2335.68505859375,-0.9999980330467224,-0.002025604248046875,88888140
789,2,2595.3486328125,0.0,2334.93408203125,-0.9999980330467224,-0.002025604248046875,88888140
789,3,2595.860107421875,0.0,2334.18505859375,-0.9999980330467224,-0.002025604248046875,88888140
790,0,3025.46240234375,-0.06650799512863159,1747.231689453125,0.9972614049911499,-0.07395388931035995,88888160
790,1,3025.00927734375,-0.06610829383134842,1748.017333984375,0.9972614049911499,-0.07395388931035995,88888160
790,2,3025.573486328125,-0.06650284677743912,1748.7275390625,0.9972614049911499,-0.07395388931035995,88888160
790,3,3025.120361328125,-0.06610314548015594,1749.5133056640625,0.9972614049911499,-0.07395388931035995,88888160
791,0,3054.515625,-0.08893200755119324,1749.35888671875,-0.9972614049911499,0.07395388931035995,88888230
791,1,3054.96875,-0.08933170884847641,1748.5732421875,-0.9972614049911499,0.07395388931035995,88888230
791,2,3054.404541015625,-0.08893715590238571,1747.863037109375,-0.9972614049911499,0.07395388931035995,88888230
791,3,3054.857666015625,-0.08933685719966888,1747.0772705078125,-0.9972614049911499,0.07395388931035995,88888230
792,0,1593.908447265625,-0.0933510810136795,1252.031494140625,-0.4565066695213318,0.8897168636322021,88888070
792,1,1593.4739990234375,-0.09456378221511841,1251.2354736328125,-0.4565066695213318,0.8897168636322021,88888072
792,2,1592.5738525390625,-0.0933656319975853,1251.3468017578125,-0.4565066695213318,0.8897168636322021,88888072
792,3,1592.139404296875,-0.0945783406496048,1250.5506591796875,-0.4565066695213318,0.8897168636322021,88888072
793,0,1573.5023193359375,-0.007408917881548405,1282.4486083984375,0.4565066695213318,-0.8897168636322021,88888070
793,1,1573.936767578125,-0.006196210160851479,1283.24462890625,0.4565066695213318,-0.8897168636322021,88888070
793,2,1574.8369140625,-0.007394365034997463,1283.13330078125,0.4565066695213318,-0.8897168636322021,88888070
793,3,1575.2713623046875,-0.006181657314300537,1283.929443359375,0.4565066695213318,-0.8897168636322021,88888070
794,0,3338.880126953125,0.0,1794.0166015625,0.9981575608253479,-0.06067466735839844,88888232
794,1,3338.416748046875,0.0,1794.796142578125,0.9981575608253479,-0.06067466735839844,88888232
794,2,3338.97119140625,0.0,1795.513916015625,0.9981575608253479,-0.06067466735839844,88888232
794,3,3338.5078125,0.0,1796.2933349609375,0.9981575608253479,-0.06067466735839844,88888232
795,0,3357.86962890625,0.0,1797.14013671875,-0.9981575608253479,0.06067466735839844,88888232
795,1,3358.3330078125,0.0,1796.360595703125,-0.9981575608253479,0.06067466735839844,88888232
795,2,3357.778564453125,0.0,1795.642822265625,-0.9981575608253479,0.06067466735839844,88888232
795,3,3358.241943359375,0.0,1794.8634033203125,-0.9981575608253479,0.06067466735839844,88888232
796,0,3885.392333984375,0.0,2533.261474609375,-0.880435049533844,-0.47416675090789795,88888220
796,1,3886.197021484375,0.0,2532.84326171875,-0.880435049533844,-0.47416675090789795,88888220
796,2,3886.103759765625,0.0,2531.94091796875,-0.880435049533844,-0.47416675090789795,88888220
796,3,3886.908203125,0.0,2531.5224609375,-0.880435049533844,-0.47416675090789795,88888220
797,0,3855.1357421875,0.0,2512.11669921875,0.880435049533844,0.47416675090789795,88888220
797,1,3854.3310546875,0.0,2512.534912109375,0.880435049533844,0.47416675090789795,88888220
797,2,3854.42431640625,0.0,2513.437255859375,0.880435049533844,0.47416675090789795,88888220
797,3,3853.619873046875,0.0,2513.855712890625,0.880435049533844,0.47416675090789795,88888220
798,0,3047.577392578125,-0.002885440131649375,1868.425048828125,0.9832696914672852,-0.18213476240634918,88888160
798,1,3047.212646484375,-0.0014732683775946498,1869.25537109375,0.9832696914672852,-0.18213476240634918,88888160
798,2,3047.8505859375,-0.0028854806441813707,1869.89990234375,0.9832696914672852,-0.18213476240634918,88888160
798,3,3047.48583984375,-0.0014733088901266456,1870.730224609375,0.9832696914672852,-0.18213476240634918,88888160
799,0,3076.620849609375,-0.08248456567525864,1867.3878173828125,-0.9832696914672852,0.18213476240634918,88888230
799,1,3076.985595703125,-0.08389673382043839,1866.5574951171875,-0.9832696914672852,0.18213476240634918,88888230
799,2,3076.34765625,-0.08248452097177505,1865.9129638671875,-0.9832696914672852,0.18213476240634918,88888230
799,3,3076.71240234375,-0.0838966965675354,1865.0826416015625,-0.9832696914672852,0.18213476240634918,88888230
800,0,2772.8125,0.0,1382.0850830078125,0.02772967331111431,-0.9996154308319092,88888250
800,1,2773.548095703125,0.0,1382.6156005859375,0.02772967331111431,-0.9996154308319092,88888250
800,2,2774.31201171875,0.0,1382.126708984375,0.02772967331111431,-0.9996154308319092,88888250
800,3,2775.047607421875,0.0,1382.6572265625,0.02772967331111431,-0.9996154308319092,88888250
801,0,2777.877685546875,0.0,1353.4898681640625,-0.02772967331111431,0.9996154308319092,88888190
801,1,2777.14208984375,0.0,1352.9593505859375,-0.02772967331111431,0.9996154308319092,88888190
801,2,2776.378173828125,0.0,1353.4482421875,-0.02772967331111431,0.9996154308319092,88888190
801,3,2775.642578125,0.0,1352.917724609375,-0.02772967331111431,0.9996154308319092,88888190
802,0,546.33740234375,-0.08369725942611694,1597.091064453125,-0.784555196762085,-0.6198962330818176,88888031
802,1,547.2025146484375,-0.07644174247980118,1596.8187255859375,-0.784555196762085,-0.6198962330818176,88888031
802,2,547.267333984375,-0.08368391543626785,1595.9141845703125,-0.784555196762085,-0.6198962330818176,88888031
802,3,548.1324462890625,-0.07642839848995209,1595.641845703125,-0.784555196762085,-0.6198962330818176,88888031
803,0,519.9462280273438,-0.0992172509431839,1571.0625,0.7883155345916748,0.6152710914611816,88888030
803,1,519.082763671875,-0.09905775636434555,1571.3399658203125,0.7883155345916748,0.6152710914611816,88888030
803,2,519.0233154296875,-0.09921273589134216,1572.2449951171875,0.7883155345916748,0.6152710914611816,88888030
803,3,518.1598510742188,-0.09905324876308441,1572.5224609375,0.7883155345916748,0.6152710914611816,88888030
804,0,716.133056640625,0.0,2214.896240234375,0.676037609577179,0.7368671298027039,88888010
804,1,715.2356567382812,0.0,2215.027587890625,0.676037609577179,0.7368671298027039,88888010
804,2,715.0277709960938,0.0,2215.910400390625,0.676037609577179,0.7368671298027039,88888010
804,3,714.13037109375,0.0,2216.04150390625,0.676037609577179,0.7368671298027039,88888010
805,0,725.8182373046875,0.0,2231.76904296875,-0.676037609577179,-0.7368671298027039,88888020
805,1,726.7156372070312,0.0,2231.6376953125,-0.676037609577179,-0.7368671298027039,88888020
805,2,726.9235229492188,0.0,2230.7548828125,-0.676037609577179,-0.7368671298027039,88888020
805,3,727.8209228515625,0.0,2230.623779296875,-0.676037609577179,-0.7368671298027039,88888020
806,0,1419.8363037109375,0.0,2029.614990234375,-0.9904707670211792,-0.13772356510162354,88888110
806,1,1420.4447021484375,0.0,2028.9423828125,-0.9904707670211792,-0.13772356510162354,88888110
806,2,1420.04296875,0.0,2028.1292724609375,-0.9904707670211792,-0.13772356510162354,88888110
806,3,1420.6513671875,0.0,2027.4566650390625,-0.9904707670211792,-0.13772356510162354,88888110
807,0,1401.778564453125,0.0,2022.7930908203125,0.9904707670211792,0.13772356510162354,88888110
807,1,1401.170166015625,0.0,2023.4656982421875,0.9904707670211792,0.13772356510162354,88888110
807,2,1401.5718994140625,0.0,2024.27880859375,0.9904707670211792,0.13772356510162354,88888110
807,3,1400.9635009765625,0.0,2024.951416015625,0.9904707670211792,0.13772356510162354,88888110
808,0,1709.9078369140625,0.0,2251.02392578125,-0.014906601049005985,-0.9998888969421387,88888110
808,1,1710.665283203125,0.0,2251.52294921875,-0.014906601049005985,-0.9998888969421387,88888110
808,2,1711.40771484375,0.0,2251.001708984375,-0.014906601049005985,-0.9998888969421387,88888110
808,3,1712.1651611328125,0.0,2251.50048828125,-0.014906601049005985,-0.9998888969421387,88888110
809,0,1713.7498779296875,0.0,2222.28466796875,0.014906601049005985,0.9998888969421387,88888110
809,1,1712.992431640625,0.0,2221.78564453125,0.014906601049005985,0.9998888969421387,88888110
809,2,1712.25,0.0,2222.306884765625,0.014906601049005985,0.9998888969421387,88888110
809,3,1711.4925537109375,0.0,2221.80810546875,0.014906601049005985,0.9998888969421387,88888110
810,0,1897.3138427734375,0.0,2555.5830078125,0.9999309182167053,0.011762499809265137,88888090
810,1,1896.794921875,0.0,2556.32666015625,0.9999309182167053,0.011762499809265137,88888090
810,2,1897.296142578125,0.0,2557.082763671875,0.9999309182167053,0.011762499809265137,88888090
810,3,1896.77734375,0.0,2557.82666015625,0.9999309182167053,0.011762499809265137,88888090
811,0,1925.9912109375,0.0,2560.1904296875,-0.9999309182167053,-0.011762499809265137,88888120
811,1,1926.5101318359375,0.0,2559.44677734375,-0.9999309182167053,-0.011762499809265137,88888120
811,2,1926.0089111328125,0.0,2558.690673828125,-0.9999309182167053,-0.011762499809265137,88888120
811,3,1926.5277099609375,0.0,2557.94677734375,-0.9999309182167053,-0.011762499809265137,88888120
812,0,624.4733276367188,-0.07079189270734787,1649.5709228515625,0.6570372581481934,-0.7531272172927856,88888031
812,1,624.7034301757812,-0.053870536386966705,1650.4481201171875,0.6570372581481934,-0.7531272172927856,88888031
812,2,625.6036376953125,-0.07080332934856415,1650.5570068359375,0.6570372581481934,-0.7531272172927856,88888031
812,3,625.833740234375,-0.05388198047876358,1651.4342041015625,0.6570372581481934,-0.7531272172927856,88888031
813,0,646.6924438476562,-0.08212292194366455,1630.591552734375,-0.657334566116333,0.7535810470581055,88888030
813,1,646.4625244140625,-0.07948607206344604,1629.7142333984375,-0.657334566116333,0.7535810470581055,88888030
813,2,645.5620727539062,-0.08213090151548386,1629.60546875,-0.657334566116333,0.7535810470581055,88888030
813,3,645.3321533203125,-0.07949405163526535,1628.728271484375,-0.657334566116333,0.7535810470581055,88888030
814,0,3834.11962890625,0.0,2533.086181640625,0.46371158957481384,-0.885986328125,88888200
814,1,3834.547607421875,0.0,2533.8857421875,0.46371158957481384,-0.885986328125,88888200
814,2,3835.44873046875,0.0,2533.78173828125,0.46371158957481384,-0.885986328125,88888200
814,3,3835.87646484375,0.0,2534.581298828125,0.46371158957481384,-0.885986328125,88888200
815,0,3846.702392578125,0.0,2518.253662109375,-0.46371158957481384,0.885986328125,88888220
815,1,3846.2744140625,0.0,2517.4541015625,-0.46371158957481384,0.885986328125,88888220
815,2,3845.373291015625,0.0,2517.55810546875,-0.46371158957481384,0.885986328125,88888220
815,3,3844.945556640625,0.0,2516.758544921875,-0.46371158957481384,0.885986328125,88888220
816,0,2126.83642578125,0.0,2776.518310546875,0.019722307100892067,-0.9998054504394531,88888100
816,1,2127.576171875,0.0,2777.04296875,0.019722307100892067,-0.9998054504394531,88888100
816,2,2128.336181640625,0.0,2776.5478515625,0.019722307100892067,-0.9998054504394531,88888100
816,3,2129.075927734375,0.0,2777.072509765625,0.019722307100892067,-0.9998054504394531,88888100
817,0,2131.829833984375,0.0,2739.871337890625,-0.019722307100892067,0.9998054504394531,88888100
817,1,2131.090087890625,0.0,2739.3466796875,-0.019722307100892067,0.9998054504394531,88888100
817,2,2130.330078125,0.0,2739.841796875,-0.019722307100892067,0.9998054504394531,88888100
817,3,2129.59033203125,0.0,2739.317138671875,-0.019722307100892067,0.9998054504394531,88888100
818,0,2128.8896484375,0.0,2594.68505859375,0.008496283553540707,-0.9999639987945557,88888100
818,1,2129.63525390625,0.0,2595.201416015625,0.008496283553540707,-0.9999639987945557,88888100
818,2,2130.3896484375,0.0,2594.69775390625,0.008496283553540707,-0.9999639987945557,88888100
818,3,2131.13525390625,0.0,2595.214111328125,0.008496283553540707,-0.9999639987945557,88888100
819,0,2133.403564453125,0.0,2565.992919921875,-0.008496283553540707,0.9999639987945557,88888120
819,1,2132.657958984375,0.0,2565.4765625,-0.008496283553540707,0.9999639987945557,88888120
819,2,2131.903564453125,0.0,2565.980224609375,-0.008496283553540707,0.9999639987945557,88888120
819,3,2131.157958984375,0.0,2565.4638671875,-0.008496283553540707,0.9999639987945557,88888120
820,0,3800.041015625,0.0,1972.64990234375,-0.00781446136534214,0.999969482421875,88888221
820,1,3799.294921875,0.0,1972.134033203125,-0.00781446136534214,0.999969482421875,88888221
820,2,3798.541015625,0.0,1972.63818359375,-0.00781446136534214,0.999969482421875,88888221
820,3,3797.794921875,0.0,1972.122314453125,-0.00781446136534214,0.999969482421875,88888221
821,0,3795.54638671875,0.0,2001.358642578125,0.00781446136534214,-0.999969482421875,88888221
821,1,3796.29248046875,0.0,2001.87451171875,0.00781446136534214,-0.999969482421875,88888221
821,2,3797.04638671875,0.0,2001.370361328125,0.00781446136534214,-0.999969482421875,88888221
821,3,3797.79248046875,0.0,2001.88623046875,0.00781446136534214,-0.999969482421875,88888221
822,0,2143.968505859375,0.0,2212.493408203125,0.9999959468841553,0.0028398633003234863,88888120
822,1,2143.456298828125,0.0,2213.241943359375,0.9999959468841553,0.0028398633003234863,88888120
822,2,2143.964111328125,0.0,2213.993408203125,0.9999959468841553,0.0028398633003234863,88888120
822,3,2143.4521484375,0.0,2214.741943359375,0.9999959468841553,0.0028398633003234863,88888120
823,0,2167.653076171875,0.0,2216.830810546875,-0.9999959468841553,-0.0028398633003234863,88888130
823,1,2168.165283203125,0.0,2216.082275390625,-0.9999959468841553,-0.0028398633003234863,88888130
823,2,2167.657470703125,0.0,2215.330810546875,-0.9999959468841553,-0.0028398633003234863,88888130
823,3,2168.16943359375,0.0,2214.582275390625,-0.9999959468841553,-0.0028398633003234863,88888130
824,0,2298.48828125,0.0,2597.480224609375,0.9999633431434631,-0.008565425872802734,88888100
824,1,2297.984619140625,0.0,2598.234619140625,0.9999633431434631,-0.008565425872802734,88888100
824,2,2298.501220703125,0.0,2598.980224609375,0.9999633431434631,-0.008565425872802734,88888100
824,3,2297.99755859375,0.0,2599.734619140625,0.9999633431434631,-0.008565425872802734,88888100
825,0,2317.3671875,0.0,2601.588623046875,-0.9999633431434631,0.008565425872802734,88888100
825,1,2317.870849609375,0.0,2600.834228515625,-0.9999633431434631,0.008565425872802734,88888100
825,2,2317.354248046875,0.0,2600.088623046875,-0.9999633431434631,0.008565425872802734,88888100
825,3,2317.85791015625,0.0,2599.334228515625,-0.9999633431434631,0.008565425872802734,88888100
826,0,2326.125732421875,0.0,2479.07958984375,0.011486572213470936,0.9999340176582336,88888132
826,1,2325.3701171875,0.0,2478.578125,0.011486572213470936,0.9999340176582336,88888132
826,2,2324.6259765625,0.0,2479.0966796875,0.011486572213470936,0.9999340176582336,88888132
826,3,2323.8701171875,0.0,2478.59521484375,0.011486572213470936,0.9999340176582336,88888132
827,0,2322.07275390625,0.0,2497.959716796875,-0.011486572213470936,-0.9999340176582336,88888100
827,1,2322.828369140625,0.0,2498.461181640625,-0.011486572213470936,-0.9999340176582336,88888100
827,2,2323.572509765625,0.0,2497.942626953125,-0.011486572213470936,-0.9999340176582336,88888100
827,3,2324.328369140625,0.0,2498.444091796875,-0.011486572213470936,-0.9999340176582336,88888100
828,0,3095.331298828125,-0.07192113250494003,1968.6806640625,-0.9830225110054016,0.18347105383872986,88888230
828,1,3095.695068359375,-0.07307656854391098,1967.8497314453125,-0.9830225110054016,0.18347105383872986,88888230
828,2,3095.05615234375,-0.07192721962928772,1967.2061767578125,-0.9830225110054016,0.18347105383872986,88888230
828,3,3095.419921875,-0.07308265566825867,1966.375244140625,-0.9830225110054016,0.18347105383872986,88888230
829,0,3065.97900390625,-0.006268870551139116,1969.815185546875,0.9830225110054016,-0.18347105383872986,88888160
829,1,3065.615234375,-0.005113435909152031,1970.6461181640625,0.9830225110054016,-0.18347105383872986,88888160
829,2,3066.254150390625,-0.006262782495468855,1971.2896728515625,0.9830225110054016,-0.18347105383872986,88888160
829,3,3065.890380859375,-0.0051073478534817696,1972.12060546875,0.9830225110054016,-0.18347105383872986,88888160
830,0,770.6909790039062,-0.08671077340841293,1815.191162109375,0.6547718644142151,-0.7558267116546631,88888031
830,1,770.9239501953125,-0.08669160306453705,1816.0677490234375,0.6547718644142151,-0.7558267116546631,88888031
830,2,771.82470703125,-0.08671791851520538,1816.17333984375,0.6547718644142151,-0.7558267116546631,88888031
830,3,772.0576782226562,-0.0866987481713295,1817.0499267578125,0.6547718644142151,-0.7558267116546631,88888031
831,0,792.7758178710938,-0.08801571279764175,1796.21923828125,-0.6547718644142151,0.7558267116546631,88888040
831,1,792.5428466796875,-0.08803488314151764,1795.3426513671875,-0.6547718644142151,0.7558267116546631,88888040
831,2,791.64208984375,-0.0880085676908493,1795.237060546875,-0.6547718644142151,0.7558267116546631,88888040
831,3,791.4091186523438,-0.08802773803472519,1794.3604736328125,-0.6547718644142151,0.7558267116546631,88888040
832,0,3087.361572265625,0.0,1925.3466796875,-0.9834089279174805,0.18140250444412231,88888230
832,1,3087.72705078125,0.0,1924.5166015625,-0.9834089279174805,0.18140250444412231,88888230
832,2,3087.089599609375,0.0,1923.87158203125,-0.9834089279174805,0.18140250444412231,88888230
832,3,3087.455078125,0.0,1923.04150390625,-0.9834089279174805,0.18140250444412231,88888230
833,0,3058.0732421875,0.0,1926.4072265625,0.9834089279174805,-0.18140250444412231,88888160
833,1,3057.707763671875,0.0,1927.2373046875,0.9834089279174805,-0.18140250444412231,88888160
833,2,3058.34521484375,0.0,1927.88232421875,0.9834089279174805,-0.18140250444412231,88888160
833,3,3057.979736328125,0.0,1928.71240234375,0.9834089279174805,-0.18140250444412231,88888160
834,0,1557.745361328125,0.0,2033.0587158203125,-0.004365443717688322,0.9999904632568359,88888150
834,1,1556.99755859375,0.0,2032.5455322265625,-0.004365443717688322,0.9999904632568359,88888150
834,2,1556.245361328125,0.0,2033.05224609375,-0.004365443717688322,0.9999904632568359,88888150
834,3,1555.49755859375,0.0,2032.5389404296875,-0.004365443717688322,0.9999904632568359,88888150
835,0,1553.39453125,0.0,2051.545654296875,0.004365443717688322,-0.9999904632568359,88888110
835,1,1554.142333984375,0.0,2052.058837890625,0.004365443717688322,-0.9999904632568359,88888110
835,2,1554.89453125,0.0,2051.55224609375,0.004365443717688322,-0.9999904632568359,88888110
835,3,1555.642333984375,0.0,2052.0654296875,0.004365443717688322,-0.9999904632568359,88888110
836,0,2929.96728515625,0.0,989.4403686523438,0.45835232734680176,0.888770580291748,88888192
836,1,2929.067138671875,0.0,989.3308715820312,0.45835232734680176,0.888770580291748,88888192
836,2,2928.63427734375,0.0,990.1278686523438,0.45835232734680176,0.888770580291748,88888192
836,3,2927.73388671875,0.0,990.0184326171875,0.45835232734680176,0.888770580291748,88888192
837,0,2943.01220703125,0.0,1024.0506591796875,-0.45835232734680176,-0.888770580291748,88888190
837,1,2943.912353515625,0.0,1024.16015625,-0.45835232734680176,-0.888770580291748,88888190
837,2,2944.34521484375,0.0,1023.3631591796875,-0.45835232734680176,-0.888770580291748,88888190
837,3,2945.24560546875,0.0,1023.4725952148438,-0.45835232734680176,-0.888770580291748,88888190
838,0,2138.138427734375,0.0,2034.0916748046875,0.004052707925438881,0.999991774559021,88888150
838,1,2137.386474609375,0.0,2033.584716796875,0.004052707925438881,0.999991774559021,88888150
838,2,2136.638427734375,0.0,2034.0977783203125,0.004052707925438881,0.999991774559021,88888150
838,3,2135.886474609375,0.0,2033.5908203125,0.004052707925438881,0.999991774559021,88888150
839,0,2133.944580078125,0.0,2052.940185546875,-0.004052707925438881,-0.999991774559021,88888120
839,1,2134.696533203125,0.0,2053.447265625,-0.004052707925438881,-0.999991774559021,88888120
839,2,2135.444580078125,0.0,2052.934326171875,-0.004052707925438881,-0.999991774559021,88888120
839,3,2136.196533203125,0.0,2053.441162109375,-0.004052707925438881,-0.999991774559021,88888120
840,0,1710.767822265625,0.0,2587.373291015625,0.011618629097938538,-0.9999325275421143,88888090
840,1,1711.5118408203125,0.0,2587.89208984375,0.011618629097938538,-0.9999325275421143,88888090
840,2,1712.2677001953125,0.0,2587.390869140625,0.011618629097938538,-0.9999325275421143,88888090
840,3,1713.01171875,0.0,2587.909423828125,0.011618629097938538,-0.9999325275421143,88888090
841,0,1715.37158203125,0.0,2558.68798828125,-0.011618629097938538,0.9999325275421143,88888090
841,1,1714.6275634765625,0.0,2558.169189453125,-0.011618629097938538,0.9999325275421143,88888090
841,2,1713.8717041015625,0.0,2558.67041015625,-0.011618629097938538,0.9999325275421143,88888090
841,3,1713.127685546875,0.0,2558.15185546875,-0.011618629097938538,0.9999325275421143,88888090
842,0,1258.9298095703125,0.0,2162.434814453125,-0.44803985953330994,0.8940135836601257,88888110
842,1,1258.48779296875,0.0,2161.642822265625,-0.44803985953330994,0.8940135836601257,88888110
842,2,1257.5888671875,0.0,2161.7626953125,-0.44803985953330994,0.8940135836601257,88888110
842,3,1257.1468505859375,0.0,2160.970703125,-0.44803985953330994,0.8940135836601257,88888110
843,0,1242.2232666015625,0.0,2186.24072265625,0.44803985953330994,-0.8940135836601257,88888081
843,1,1242.665283203125,0.0,2187.03271484375,0.44803985953330994,-0.8940135836601257,88888081
843,2,1243.564208984375,0.0,2186.912841796875,0.44803985953330994,-0.8940135836601257,88888081
843,3,1244.0062255859375,0.0,2187.704833984375,0.44803985953330994,-0.8940135836601257,88888081
844,0,2981.87255859375,0.0,1362.7369384765625,0.2715890109539032,0.9624133110046387,88888190
844,1,2981.012451171875,0.0,1362.4498291015625,0.2715890109539032,0.9624133110046387,88888190
844,2,2980.428955078125,0.0,1363.144287109375,0.2715890109539032,0.9624133110046387,88888190
844,3,2979.56884765625,0.0,1362.857177734375,0.2715890109539032,0.9624133110046387,88888190
845,0,2982.9970703125,0.0,1382.4439697265625,-0.2715890109539032,-0.9624133110046387,88888250
845,1,2983.857177734375,0.0,1382.7310791015625,-0.2715890109539032,-0.9624133110046387,88888250
845,2,2984.440673828125,0.0,1382.03662109375,-0.2715890109539032,-0.9624133110046387,88888250
845,3,2985.30078125,0.0,1382.32373046875,-0.2715890109539032,-0.9624133110046387,88888250
846,0,1205.2662353515625,0.0,1799.400390625,-0.1231762021780014,-0.9923847913742065,88888060
846,1,1206.0733642578125,0.0,1799.814208984375,-0.1231762021780014,-0.9923847913742065,88888060
846,2,1206.7548828125,0.0,1799.2156982421875,-0.1231762021780014,-0.9923847913742065,88888060
846,3,1207.56201171875,0.0,1799.62939453125,-0.1231762021780014,-0.9923847913742065,88888060
847,0,1205.9754638671875,0.0,1770.4490966796875,0.1231762021780014,0.9923847913742065,88888060
847,1,1205.1683349609375,0.0,1770.0352783203125,0.1231762021780014,0.9923847913742065,88888060
847,2,1204.48681640625,0.0,1770.6337890625,0.1231762021780014,0.9923847913742065,88888060
847,3,1203.6796875,0.0,1770.2200927734375,0.1231762021780014,0.9923847913742065,88888060
848,0,886.5861206054688,0.0,1367.644775390625,0.9885848164558411,-0.15066683292388916,88888050
848,1,886.1949462890625,0.0,1368.4630126953125,0.9885848164558411,-0.15066683292388916,88888050
848,2,886.8120727539062,0.0,1369.1275634765625,0.9885848164558411,-0.15066683292388916,88888050
848,3,886.4209594726562,0.0,1369.94580078125,0.9885848164558411,-0.15066683292388916,88888050
849,0,905.5753784179688,0.0,1369.0699462890625,-0.9885848164558411,0.15066683292388916,88888060
849,1,905.966552734375,0.0,1368.251708984375,-0.9885848164558411,0.15066683292388916,88888060
849,2,905.3494262695312,0.0,1367.587158203125,-0.9885848164558411,0.15066683292388916,88888060
849,3,905.7405395507812,0.0,1366.7689208984375,-0.9885848164558411,0.15066683292388916,88888060
850,0,1868.339111328125,0.0,1282.5015869140625,0.04762641340494156,0.9988652467727661,88888072
850,1,1867.565673828125,0.0,1282.0279541015625,0.04762641340494156,0.9988652467727661,88888072
850,2,1866.8408203125,0.0,1282.572998046875,0.04762641340494156,0.9988652467727661,88888072
850,3,1866.0673828125,0.0,1282.099365234375,0.04762641340494156,0.9988652467727661,88888072
851,0,1865.821533203125,0.0,1319.356689453125,-0.04762641340494156,-0.9988652467727661,88888180
851,1,1866.594970703125,0.0,1319.830322265625,-0.04762641340494156,-0.9988652467727661,88888180
851,2,1867.31982421875,0.0,1319.2852783203125,-0.04762641340494156,-0.9988652467727661,88888180
851,3,1868.09326171875,0.0,1319.7589111328125,-0.04762641340494156,-0.9988652467727661,88888180
852,0,3230.52294921875,0.0,1292.0460205078125,0.9831047654151917,-0.18304455280303955,88888190
852,1,3230.158935546875,0.0,1292.876708984375,0.9831047654151917,-0.18304455280303955,88888190
852,2,3230.797607421875,0.0,1293.5206298828125,0.9831047654151917,-0.18304455280303955,88888190
852,3,3230.433349609375,0.0,1294.351318359375,0.9831047654151917,-0.18304455280303955,88888190
853,0,3249.83203125,0.0,1292.7940673828125,-0.9831047654151917,0.18304455280303955,88888250
853,1,3250.196044921875,0.0,1291.96337890625,-0.9831047654151917,0.18304455280303955,88888250
853,2,3249.557373046875,0.0,1291.3194580078125,-0.9831047654151917,0.18304455280303955,88888250
853,3,3249.921630859375,0.0,1290.48876953125,-0.9831047654151917,0.18304455280303955,88888250
854,0,1301.68310546875,0.0,1318.3597412109375,0.9879840612411499,0.15455633401870728,88888070
854,1,1301.0633544921875,0.0,1319.0218505859375,0.9879840612411499,0.15455633401870728,88888070
854,2,1301.4512939453125,0.0,1319.841796875,0.9879840612411499,0.15455633401870728,88888070
854,3,1300.8314208984375,0.0,1320.50390625,0.9879840612411499,0.15455633401870728,88888070
855,0,1319.7362060546875,0.0,1325.505859375,-0.9879840612411499,-0.15455633401870728,88888071
855,1,1320.35595703125,0.0,1324.84375,-0.9879840612411499,-0.15455633401870728,88888071
855,2,1319.968017578125,0.0,1324.0238037109375,-0.9879840612411499,-0.15455633401870728,88888071
855,3,1320.587890625,0.0,1323.3616943359375,-0.9879840612411499,-0.15455633401870728,88888071
856,0,2170.8427734375,0.0,2034.118408203125,-9.588646935299039e-05,1.0,88888150
856,1,2170.0927734375,0.0,2033.6082763671875,-9.588646935299039e-05,1.0,88888150
856,2,2169.3427734375,0.0,2034.1181640625,-9.588646935299039e-05,1.0,88888150
856,3,2168.5927734375,0.0,2033.608154296875,-9.588646935299039e-05,1.0,88888150
857,0,2166.571044921875,0.0,2052.94091796875,9.588646935299039e-05,-1.0,88888130
857,1,2167.321044921875,0.0,2053.450927734375,9.588646935299039e-05,-1.0,88888130
857,2,2168.071044921875,0.0,2052.941162109375,9.588646935299039e-05,-1.0,88888130
857,3,2168.821044921875,0.0,2053.451171875,9.588646935299039e-05,-1.0,88888130
858,0,3147.113525390625,-0.05918462947010994,1706.6319580078125,0.059671178460121155,0.9982176423072815,88888232
858,1,3146.33447265625,-0.05870994180440903,1706.167724609375,0.059671178460121155,0.9982176423072815,88888232
858,2,3145.6162109375,-0.05918462574481964,1706.7215576171875,0.059671178460121155,0.9982176423072815,88888232
858,3,3144.837158203125,-0.05870994180440903,1706.2572021484375,0.059671178460121155,0.9982176423072815,88888232
859,0,3144.56494140625,-0.08591537922620773,1735.5552978515625,-0.059671178460121155,-0.9982176423072815,88888232
859,1,3145.343994140625,-0.08639006316661835,1736.01953125,-0.059671178460121155,-0.9982176423072815,88888232
859,2,3146.062255859375,-0.08591537922620773,1735.4656982421875,-0.059671178460121155,-0.9982176423072815,88888232
859,3,3146.84130859375,-0.08639006316661835,1735.9300537109375,-0.059671178460121155,-0.9982176423072815,88888232
860,0,743.80419921875,0.0,2201.166259765625,0.44662705063819885,0.894720196723938,88888010
860,1,742.9053955078125,0.0,2201.044921875,0.44662705063819885,0.894720196723938,88888010
860,2,742.462158203125,0.0,2201.836181640625,0.44662705063819885,0.894720196723938,88888010
860,3,741.5632934570312,0.0,2201.71484375,0.44662705063819885,0.894720196723938,88888010
861,0,748.2752075195312,0.0,2219.683349609375,-0.44662705063819885,-0.894720196723938,88888020
861,1,749.1740112304688,0.0,2219.8046875,-0.44662705063819885,-0.894720196723938,88888020
861,2,749.6172485351562,0.0,2219.013427734375,-0.44662705063819885,-0.894720196723938,88888020
861,3,750.51611328125,0.0,2219.134765625,-0.44662705063819885,-0.894720196723938,88888020
862,0,3211.0927734375,0.0,2084.444091796875,-0.3403354585170746,0.9403041005134583,88888230
862,1,3210.56103515625,0.0,2083.70947265625,-0.3403354585170746,0.9403041005134583,88888230
862,2,3209.682373046875,0.0,2083.93359375,-0.3403354585170746,0.9403041005134583,88888230
862,3,3209.150634765625,0.0,2083.198974609375,-0.3403354585170746,0.9403041005134583,88888230
863,0,3200.65966796875,0.0,2100.72314453125,0.3403354585170746,-0.9403041005134583,88888210
863,1,3201.19140625,0.0,2101.457763671875,0.3403354585170746,-0.9403041005134583,88888210
863,2,3202.070068359375,0.0,2101.233642578125,0.3403354585170746,-0.9403041005134583,88888210
863,3,3202.601806640625,0.0,2101.96826171875,0.3403354585170746,-0.9403041005134583,88888210
864,0,2297.114990234375,0.0,2697.694580078125,0.9780217409133911,-0.20850396156311035,88888100
864,1,2296.7724609375,0.0,2698.53466796875,0.9780217409133911,-0.20850396156311035,88888100
864,2,2297.427734375,0.0,2699.16162109375,0.9780217409133911,-0.20850396156311035,88888100
864,3,2297.085205078125,0.0,2700.001708984375,0.9780217409133911,-0.20850396156311035,88888100
865,0,2316.46435546875,0.0,2697.935546875,-0.9780217409133911,0.20850396156311035,88888100
865,1,2316.806884765625,0.0,2697.095458984375,-0.9780217409133911,0.20850396156311035,88888100
865,2,2316.151611328125,0.0,2696.468505859375,-0.9780217409133911,0.20850396156311035,88888100
865,3,2316.494140625,0.0,2695.62841796875,-0.9780217409133911,0.20850396156311035,88888100
866,0,1561.9833984375,0.0,2253.646484375,-0.0031474903225898743,-0.9999949932098389,88888110
866,1,1562.7349853515625,0.0,2254.154052734375,-0.0031474903225898743,-0.9999949932098389,88888110
866,2,1563.4833984375,0.0,2253.6416015625,-0.0031474903225898743,-0.9999949932098389,88888110
866,3,1564.2349853515625,0.0,2254.1494140625,-0.0031474903225898743,-0.9999949932098389,88888110
867,0,1566.1629638671875,0.0,2224.90283203125,0.0031474903225898743,0.9999949932098389,88888110
867,1,1565.411376953125,0.0,2224.395263671875,0.0031474903225898743,0.9999949932098389,88888110
867,2,1564.6629638671875,0.0,2224.90771484375,0.0031474903225898743,0.9999949932098389,88888110
867,3,1563.911376953125,0.0,2224.39990234375,0.0031474903225898743,0.9999949932098389,88888110
868,0,3676.164306640625,0.0,1968.37890625,0.05048198625445366,0.9987249970436096,88888230
868,1,3675.3896484375,0.0,1967.9073486328125,0.05048198625445366,0.9987249970436096,88888230
868,2,3674.666259765625,0.0,1968.45458984375,0.05048198625445366,0.9987249970436096,88888230
868,3,3673.8916015625,0.0,1967.983154296875,0.05048198625445366,0.9987249970436096,88888230
869,0,3673.353515625,0.0,1997.3609619140625,-0.05048198625445366,-0.9987249970436096,88888230
869,1,3674.128173828125,0.0,1997.83251953125,-0.05048198625445366,-0.9987249970436096,88888230
869,2,3674.8515625,0.0,1997.2852783203125,-0.05048198625445366,-0.9987249970436096,88888230
869,3,3675.626220703125,0.0,1997.7567138671875,-0.05048198625445366,-0.9987249970436096,88888230
870,0,1592.379638671875,0.0,1746.651611328125,-2.2016636648913845e-05,1.0,88888170
870,1,1591.629638671875,0.0,1746.1416015625,-2.2016636648913845e-05,1.0,88888170
870,2,1590.879638671875,0.0,1746.651611328125,-2.2016636648913845e-05,1.0,88888170
870,3,1590.129638671875,0.0,1746.1416015625,-2.2016636648913845e-05,1.0,88888170
871,0,1588.1090087890625,0.0,1775.3739013671875,2.2016636648913845e-05,-1.0,88888150
871,1,1588.8590087890625,0.0,1775.8839111328125,2.2016636648913845e-05,-1.0,88888150
871,2,1589.6090087890625,0.0,1775.3739013671875,2.2016636648913845e-05,-1.0,88888150
871,3,1590.3590087890625,0.0,1775.8839111328125,2.2016636648913845e-05,-1.0,88888150
872,0,2162.613525390625,0.0,2499.83154296875,-0.0031731112394481897,-0.9999949932098389,88888120
872,1,2163.365234375,0.0,2500.339111328125,-0.0031731112394481897,-0.9999949932098389,88888120
872,2,2164.113525390625,0.0,2499.82666015625,-0.0031731112394481897,-0.9999949932098389,88888120
872,3,2164.865234375,0.0,2500.33447265625,-0.0031731112394481897,-0.9999949932098389,88888120
873,0,2166.823974609375,0.0,2480.9677734375,0.0031731112394481897,0.9999949932098389,88888120
873,1,2166.072265625,0.0,2480.460205078125,0.0031731112394481897,0.9999949932098389,88888120
873,2,2165.323974609375,0.0,2480.97265625,0.0031731112394481897,0.9999949932098389,88888120
873,3,2164.572265625,0.0,2480.46484375,0.0031731112394481897,0.9999949932098389,88888120
874,0,3017.686767578125,-0.09702234715223312,1742.1142578125,-0.11311421543359756,-0.9935721755027771,88888160
874,1,3018.489501953125,-0.09929605573415756,1742.5361328125,-0.11311421543359756,-0.9935721755027771,88888160
874,2,3019.17724609375,-0.09701021015644073,1741.944580078125,-0.11311421543359756,-0.9935721755027771,88888160
874,3,3019.97998046875,-0.09928392618894577,1742.366455078125,-0.11311421543359756,-0.9935721755027771,88888160
875,0,3018.92919921875,0.02157234586775303,1715.2791748046875,0.11311421543359756,0.9935721755027771,88888181
875,1,3018.12646484375,0.023846061900258064,1714.8572998046875,0.11311421543359756,0.9935721755027771,88888181
875,2,3017.438720703125,0.021560214459896088,1715.4488525390625,0.11311421543359756,0.9935721755027771,88888181
875,3,3016.635986328125,0.023833930492401123,1715.0269775390625,0.11311421543359756,0.9935721755027771,88888181
876,0,1425.66796875,0.011593435890972614,1959.716796875,-0.9999979138374329,0.00198377831839025,88888150
876,1,1426.176513671875,0.011805064044892788,1958.9658203125,-0.9999979138374329,0.00198377831839025,88888150
876,2,1425.6649169921875,0.011592802591621876,1958.216796875,-0.9999979138374329,0.00198377831839025,88888150
876,3,1426.1734619140625,0.011804431676864624,1957.4658203125,-0.9999979138374329,0.00198377831839025,88888150
877,0,1396.687255859375,0.014643630012869835,1955.0872802734375,0.9588929414749146,0.28364816308021545,88888060
877,1,1395.9854736328125,0.01885278895497322,1955.661865234375,0.9588929414749146,0.28364816308021545,88888060
877,2,1396.2618408203125,0.01463722437620163,1956.5257568359375,0.9588929414749146,0.28364816308021545,88888060
877,3,1395.56005859375,0.018846381455659866,1957.1002197265625,0.9588929414749146,0.28364816308021545,88888060
878,0,2577.93798828125,0.0,2069.16162109375,0.9998633861541748,0.016527235507965088,88888130
878,1,2577.41552734375,0.0,2069.903076171875,0.9998633861541748,0.016527235507965088,88888130
878,2,2577.9130859375,0.0,2070.661376953125,0.9998633861541748,0.016527235507965088,88888130
878,3,2577.390625,0.0,2071.40283203125,0.9998633861541748,0.016527235507965088,88888130
879,0,2596.709228515625,0.0,2073.74267578125,-0.9998633861541748,-0.016527235507965088,88888140
879,1,2597.231689453125,0.0,2073.001220703125,-0.9998633861541748,-0.016527235507965088,88888140
879,2,2596.734130859375,0.0,2072.242919921875,-0.9998633861541748,-0.016527235507965088,88888140
879,3,2597.256591796875,0.0,2071.50146484375,-0.9998633861541748,-0.016527235507965088,88888140
880,0,762.9342651367188,0.0,1484.887939453125,0.831099808216095,-0.5561233758926392,88888030
880,1,762.927490234375,0.0,1485.7947998046875,0.831099808216095,-0.5561233758926392,88888030
880,2,763.7684326171875,0.0,1486.1346435546875,0.831099808216095,-0.5561233758926392,88888030
880,3,763.7616577148438,0.0,1487.04150390625,0.831099808216095,-0.5561233758926392,88888030
881,0,790.1927490234375,0.0,1471.785888671875,-0.831099808216095,0.5561233758926392,88888050
881,1,790.1995239257812,0.0,1470.8790283203125,-0.831099808216095,0.5561233758926392,88888050
881,2,789.3585815429688,0.0,1470.5391845703125,-0.831099808216095,0.5561233758926392,88888050
881,3,789.3653564453125,0.0,1469.63232421875,-0.831099808216095,0.5561233758926392,88888050
882,0,616.1460571289062,0.0,2305.48095703125,-0.4367678463459015,0.8995742797851562,88888010
882,1,615.6941528320312,0.0,2304.694580078125,-0.4367678463459015,0.8995742797851562,88888010
882,2,614.7966918945312,0.0,2304.82568359375,-0.4367678463459015,0.8995742797851562,88888010
882,3,614.3447875976562,0.0,2304.039306640625,-0.4367678463459015,0.8995742797851562,88888010
883,0,596.2040405273438,0.0,2336.777099609375,0.4367678463459015,-0.8995742797851562,88888010
883,1,596.6559448242188,0.0,2337.5634765625,0.4367678463459015,-0.8995742797851562,88888010
883,2,597.5534057617188,0.0,2337.432373046875,0.4367678463459015,-0.8995742797851562,88888010
883,3,598.0053100585938,0.0,2338.21875,0.4367678463459015,-0.8995742797851562,88888010
884,0,3630.174072265625,0.0,2668.828369140625,0.9487300515174866,0.3160874843597412,88888200
884,1,3629.453125,0.0,2669.37890625,0.9487300515174866,0.3160874843597412,88888200
884,2,3629.699951171875,0.0,2670.25146484375,0.9487300515174866,0.3160874843597412,88888200
884,3,3628.97900390625,0.0,2670.802001953125,0.9487300515174866,0.3160874843597412,88888200
885,0,3656.019287109375,0.0,2681.93994140625,-0.9487300515174866,-0.3160874843597412,88888200
885,1,3656.740234375,0.0,2681.389404296875,-0.9487300515174866,-0.3160874843597412,88888200
885,2,3656.493408203125,0.0,2680.516845703125,-0.9487300515174866,-0.3160874843597412,88888200
885,3,3657.21435546875,0.0,2679.96630859375,-0.9487300515174866,-0.3160874843597412,88888200
886,0,2576.572998046875,0.0,2581.416015625,0.9999996423721313,0.0008347034454345703,88888100
886,1,2576.0625,0.0,2582.16552734375,0.9999996423721313,0.0008347034454345703,88888100
886,2,2576.57177734375,0.0,2582.916015625,0.9999996423721313,0.0008347034454345703,88888100
886,3,2576.061279296875,0.0,2583.66552734375,0.9999996423721313,0.0008347034454345703,88888100
887,0,2595.412353515625,0.0,2585.701904296875,-0.9999996423721313,-0.0008347034454345703,88888100
887,1,2595.9228515625,0.0,2584.952392578125,-0.9999996423721313,-0.0008347034454345703,88888100
887,2,2595.41357421875,0.0,2584.201904296875,-0.9999996423721313,-0.0008347034454345703,88888100
887,3,2595.924072265625,0.0,2583.452392578125,-0.9999996423721313,-0.0008347034454345703,88888100
888,0,2569.00439453125,0.0,2063.915771484375,0.03199900686740875,-0.9994878768920898,88888130
888,1,2569.737548828125,0.0,2064.449462890625,0.03199900686740875,-0.9994878768920898,88888130
888,2,2570.50341796875,0.0,2063.9638671875,0.03199900686740875,-0.9994878768920898,88888130
888,3,2571.23681640625,0.0,2064.49755859375,0.03199900686740875,-0.9994878768920898,88888130
889,0,2573.876708984375,0.0,2045.170654296875,-0.03199900686740875,0.9994878768920898,88888160
889,1,2573.1435546875,0.0,2044.6368408203125,-0.03199900686740875,0.9994878768920898,88888160
889,2,2572.377685546875,0.0,2045.12255859375,-0.03199900686740875,0.9994878768920898,88888160
889,3,2571.644287109375,0.0,2044.5888671875,-0.03199900686740875,0.9994878768920898,88888160
890,0,3719.09375,0.0,1526.59423828125,0.40925168991088867,0.9124215245246887,88888240
890,1,3718.20068359375,0.0,1526.4359130859375,0.40925168991088867,0.9124215245246887,88888240
890,2,3717.72509765625,0.0,1527.2081298828125,0.40925168991088867,0.9124215245246887,88888240
890,3,3716.83203125,0.0,1527.0498046875,0.40925168991088867,0.9124215245246887,88888240
891,0,3726.931640625,0.0,1554.50244140625,-0.40925168991088867,-0.9124215245246887,88888240
891,1,3727.82470703125,0.0,1554.6607666015625,-0.40925168991088867,-0.9124215245246887,88888240
891,2,3728.30029296875,0.0,1553.8885498046875,-0.40925168991088867,-0.9124215245246887,88888240
891,3,3729.193359375,0.0,1554.046875,-0.40925168991088867,-0.9124215245246887,88888240
892,0,3019.4365234375,-0.0002856178325600922,1700.8377685546875,0.9960682392120361,-0.08853524923324585,88888181
892,1,3018.994873046875,0.0012998421443626285,1701.6300048828125,0.9960682392120361,-0.08853524923324585,88888181
892,2,3019.5693359375,-0.0002856228675227612,1702.3319091796875,0.9960682392120361,-0.08853524923324585,88888181
892,3,3019.127685546875,0.00129983713850379,1703.1240234375,0.9960682392120361,-0.08853524923324585,88888181
893,0,3048.375244140625,-0.08942438662052155,1702.55224609375,-0.9960682392120361,0.08853524923324585,88888230
893,1,3048.81689453125,-0.09100984781980515,1701.760009765625,-0.9960682392120361,0.08853524923324585,88888230
893,2,3048.242431640625,-0.08942437916994095,1701.05810546875,-0.9960682392120361,0.08853524923324585,88888230
893,3,3048.68408203125,-0.09100984036922455,1700.2659912109375,-0.9960682392120361,0.08853524923324585,88888230
894,0,2142.80126953125,-0.001725329551845789,2148.386474609375,0.9999940395355225,-0.00017571054922882468,88888120
894,1,2142.29150390625,-0.0034851874224841595,2149.136474609375,0.9999940395355225,-0.00017571054922882468,88888120
894,2,2142.8017578125,-0.0017253406113013625,2149.886474609375,0.9999940395355225,-0.00017571054922882468,88888120
894,3,2142.291748046875,-0.003485198598355055,2150.636474609375,0.9999940395355225,-0.00017571054922882468,88888120
895,0,2167.43505859375,0.08327533304691315,2152.65234375,-0.9999940395355225,0.00017571054922882468,88888130
895,1,2167.94482421875,0.08503518998622894,2151.90234375,-0.9999940395355225,0.00017571054922882468,88888130
895,2,2167.4345703125,0.08327534049749374,2151.15234375,-0.9999940395355225,0.00017571054922882468,88888130
895,3,2167.944580078125,0.08503519743680954,2150.40234375,-0.9999940395355225,0.00017571054922882468,88888130
896,0,325.3198547363281,0.0274374857544899,2076.0654296875,-0.7449785470962524,-0.6670590043067932,88888010
896,1,326.2001037597656,0.030637703835964203,2075.8466796875,-0.7449785470962524,-0.6670590043067932,88888010
896,2,326.3204650878906,0.027442703023552895,2074.947998046875,-0.7449785470962524,-0.6670590043067932,88888010
896,3,327.2007141113281,0.030642922967672348,2074.729248046875,-0.7449785470962524,-0.6670590043067932,88888010
897,0,313.9312744140625,-0.09236748516559601,2060.136474609375,0.7449785470962524,0.6670590043067932,88888010
897,1,313.051025390625,-0.09556770324707031,2060.355224609375,0.7449785470962524,0.6670590043067932,88888010
897,2,312.9306640625,-0.09237270802259445,2061.25390625,0.7449785470962524,0.6670590043067932,88888010
897,3,312.0504150390625,-0.09557292610406876,2061.47265625,0.7449785470962524,0.6670590043067932,88888010
898,0,3375.3251953125,0.009936869144439697,2166.736328125,0.28431010246276855,-0.9587323665618896,88888210
898,1,3375.899169921875,0.010229473933577538,2167.4384765625,0.28431010246276855,-0.9587323665618896,88888210
898,2,3376.76318359375,0.009936868213117123,2167.162841796875,0.28431010246276855,-0.9587323665618896,88888210
898,3,3377.33740234375,0.010229473002254963,2167.864990234375,0.28431010246276855,-0.9587323665618896,88888210
899,0,3384.485107421875,-0.0002868685987778008,2150.8662109375,-0.28431010246276855,0.9587323665618896,88888230
899,1,3383.9111328125,-0.0005794733297079802,2150.1640625,-0.28431010246276855,0.9587323665618896,88888230
899,2,3383.047119140625,-0.0002868679875973612,2150.439697265625,-0.28431010246276855,0.9587323665618896,88888230
899,3,3382.472900390625,-0.000579472747631371,2149.737548828125,-0.28431010246276855,0.9587323665618896,88888230
900,0,637.8458862304688,0.0,1611.292724609375,0.768381655216217,0.6399918794631958,88888030
900,1,636.9740600585938,0.0,1611.5426025390625,0.768381655216217,0.6399918794631958,88888030
900,2,636.8858642578125,0.0,1612.4453125,0.768381655216217,0.6399918794631958,88888030
900,3,636.0140380859375,0.0,1612.6951904296875,0.768381655216217,0.6399918794631958,88888030
901,0,642.9760131835938,0.0,1621.1226806640625,-0.768381655216217,-0.6399918794631958,88888030
901,1,643.8478393554688,0.0,1620.872802734375,-0.768381655216217,-0.6399918794631958,88888030
901,2,643.93603515625,0.0,1619.9700927734375,-0.768381655216217,-0.6399918794631958,88888030
901,3,644.807861328125,0.0,1619.72021484375,-0.768381655216217,-0.6399918794631958,88888030
902,0,1296.52001953125,-0.05547216534614563,1883.3226318359375,-0.6465662121772766,0.7628552913665771,88888060
902,1,1296.277587890625,-0.05648604780435562,1882.44873046875,-0.6465662121772766,0.7628552913665771,88888060
902,2,1295.375732421875,-0.05547526106238365,1882.352783203125,-0.6465662121772766,0.7628552913665771,88888060
902,3,1295.13330078125,-0.05648914352059364,1881.4788818359375,-0.6465662121772766,0.7628552913665771,88888060
903,0,1275.2188720703125,-8.601628360338509e-05,1901.8511962890625,0.6465662121772766,-0.7628552913665771,88888040
903,1,1275.4613037109375,0.0009278636425733566,1902.72509765625,0.6465662121772766,-0.7628552913665771,88888040
903,2,1276.3631591796875,-8.292056736536324e-05,1902.821044921875,0.6465662121772766,-0.7628552913665771,88888040
903,3,1276.6055908203125,0.0009309593588113785,1903.6949462890625,0.6465662121772766,-0.7628552913665771,88888040
904,0,3196.892333984375,0.0,1152.635009765625,0.9717596173286438,-0.23597288131713867,88888190
904,1,3196.57373046875,0.0,1153.484130859375,0.9717596173286438,-0.23597288131713867,88888190
904,2,3197.246337890625,0.0,1154.0926513671875,0.9717596173286438,-0.23597288131713867,88888190
904,3,3196.927734375,0.0,1154.9417724609375,0.9717596173286438,-0.23597288131713867,88888190
905,0,3216.4853515625,0.0,1152.271240234375,-0.9717596173286438,0.23597288131713867,88888250
905,1,3216.803955078125,0.0,1151.422119140625,-0.9717596173286438,0.23597288131713867,88888250
905,2,3216.13134765625,0.0,1150.8135986328125,-0.9717596173286438,0.23597288131713867,88888250
905,3,3216.449951171875,0.0,1149.9644775390625,-0.9717596173286438,0.23597288131713867,88888250
906,0,2142.69482421875,0.0,2126.53662109375,0.9999919533729553,0.004011750221252441,88888120
906,1,2142.181884765625,0.0,2127.28466796875,0.9999919533729553,0.004011750221252441,88888120
906,2,2142.688720703125,0.0,2128.03662109375,0.9999919533729553,0.004011750221252441,88888120
906,3,2142.17578125,0.0,2128.78466796875,0.9999919533729553,0.004011750221252441,88888120
907,0,2161.5078125,0.0,2130.882080078125,-0.9999919533729553,-0.004011750221252441,88888130
907,1,2162.020751953125,0.0,2130.134033203125,-0.9999919533729553,-0.004011750221252441,88888130
907,2,2161.513916015625,0.0,2129.382080078125,-0.9999919533729553,-0.004011750221252441,88888130
907,3,2162.02685546875,0.0,2128.634033203125,-0.9999919533729553,-0.004011750221252441,88888130
908,0,862.0582275390625,0.0,1728.93017578125,-0.6423825621604919,0.7663841247558594,88888040
908,1,861.8110961914062,0.0,1728.0574951171875,-0.6423825621604919,0.7663841247558594,88888040
908,2,860.9086303710938,0.0,1727.9666748046875,-0.6423825621604919,0.7663841247558594,88888040
908,3,860.6614990234375,0.0,1727.093994140625,-0.6423825621604919,0.7663841247558594,88888040
909,0,849.6762084960938,0.0,1737.0552978515625,0.6423825621604919,-0.7663841247558594,88888040
909,1,849.92333984375,0.0,1737.927978515625,0.6423825621604919,-0.7663841247558594,88888040
909,2,850.8258056640625,0.0,1738.018798828125,0.6423825621604919,-0.7663841247558594,88888040
909,3,851.0729370117188,0.0,1738.8914794921875,0.6423825621604919,-0.7663841247558594,88888040
910,0,3367.165771484375,0.0,1801.258056640625,0.06540599465370178,0.9978587627410889,88888230
910,1,3366.384033203125,0.0,1800.7982177734375,0.06540599465370178,0.9978587627410889,88888230
910,2,3365.6689453125,0.0,1801.356201171875,0.06540599465370178,0.9978587627410889,88888230
910,3,3364.88720703125,0.0,1800.8963623046875,0.06540599465370178,0.9978587627410889,88888230
911,0,3364.137451171875,0.0,1820.3392333984375,-0.06540599465370178,-0.9978587627410889,88888232
911,1,3364.919189453125,0.0,1820.799072265625,-0.06540599465370178,-0.9978587627410889,88888230
911,2,3365.63427734375,0.0,1820.2410888671875,-0.06540599465370178,-0.9978587627410889,88888230
911,3,3366.416015625,0.0,1820.700927734375,-0.06540599465370178,-0.9978587627410889,88888230
912,0,2976.238525390625,0.0,1199.9544677734375,0.5628304481506348,0.8265723586082458,88888190
912,1,2975.33154296875,0.0,1199.955078125,0.5628304481506348,0.8265723586082458,88888190
912,2,2974.998779296875,0.0,1200.7987060546875,0.5628304481506348,0.8265723586082458,88888190
912,3,2974.091796875,0.0,1200.79931640625,0.5628304481506348,0.8265723586082458,88888190
913,0,2983.741455078125,0.0,1218.5595703125,-0.5628304481506348,-0.8265723586082458,88888190
913,1,2984.6484375,0.0,1218.5589599609375,-0.5628304481506348,-0.8265723586082458,88888190
913,2,2984.981201171875,0.0,1217.71533203125,-0.5628304481506348,-0.8265723586082458,88888190
913,3,2985.88818359375,0.0,1217.7147216796875,-0.5628304481506348,-0.8265723586082458,88888190
914,0,3340.888916015625,0.014426927082240582,2154.52978515625,0.36346787214279175,-0.931606650352478,88888210
914,1,3341.40234375,0.014841980300843716,2155.277587890625,0.36346787214279175,-0.931606650352478,88888210
914,2,3342.286376953125,0.01442692056298256,2155.0751953125,0.36346787214279175,-0.931606650352478,88888210
914,3,3342.7998046875,0.014841973781585693,2155.82275390625,0.36346787214279175,-0.931606650352478,88888210
915,0,3351.49169921875,-0.0004069272254128009,2139.1015625,-0.36346787214279175,0.931606650352478,88888230
915,1,3350.978271484375,-0.000821980822365731,2138.353759765625,-0.36346787214279175,0.931606650352478,88888230
915,2,3350.09423828125,-0.00040692099719308317,2138.55615234375,-0.36346787214279175,0.931606650352478,88888230
915,3,3349.580810546875,-0.0008219745941460133,2137.80859375,-0.36346787214279175,0.931606650352478,88888230
916,0,2577.665283203125,0.0,2125.951416015625,0.9999905228614807,0.004351258277893066,88888130
916,1,2577.152099609375,0.0,2126.69921875,0.9999905228614807,0.004351258277893066,88888130
916,2,2577.65869140625,0.0,2127.451416015625,0.9999905228614807,0.004351258277893066,88888130
916,3,2577.1455078125,0.0,2128.19921875,0.9999905228614807,0.004351258277893066,88888130
917,0,2596.4892578125,0.0,2130.303466796875,-0.9999905228614807,-0.004351258277893066,88888140
917,1,2597.00244140625,0.0,2129.5556640625,-0.9999905228614807,-0.004351258277893066,88888140
917,2,2596.495849609375,0.0,2128.803466796875,-0.9999905228614807,-0.004351258277893066,88888140
917,3,2597.009033203125,0.0,2128.0556640625,-0.9999905228614807,-0.004351258277893066,88888140
918,0,676.7398071289062,0.0,2116.02685546875,0.6486694812774658,-0.7610702514648438,88888010
918,1,676.9797973632812,0.0,2116.901611328125,0.6486694812774658,-0.7610702514648438,88888010
918,2,677.8814086914062,0.0,2117.0,0.6486694812774658,-0.7610702514648438,88888010
918,3,678.1213989257812,0.0,2117.874755859375,0.6486694812774658,-0.7610702514648438,88888010
919,0,688.3138427734375,0.0,2109.030029296875,-0.6486694812774658,0.7610702514648438,88888010
919,1,688.0738525390625,0.0,2108.1552734375,-0.6486694812774658,0.7610702514648438,88888010
919,2,687.1722412109375,0.0,2108.056884765625,-0.6486694812774658,0.7610702514648438,88888010
919,3,686.9322509765625,0.0,2107.18212890625,-0.6486694812774658,0.7610702514648438,88888010
920,0,1348.44287109375,0.0,1209.7659912109375,-0.18586906790733337,0.9825745224952698,88888072
920,1,1347.80078125,0.0,1209.12548828125,-0.18586906790733337,0.9825745224952698,88888072
920,2,1346.968994140625,0.0,1209.4871826171875,-0.18586906790733337,0.9825745224952698,88888072
920,3,1346.326904296875,0.0,1208.8466796875,-0.18586906790733337,0.9825745224952698,88888072
921,0,1337.4119873046875,0.0,1245.10693359375,0.18586906790733337,-0.9825745224952698,88888071
921,1,1338.0540771484375,0.0,1245.7474365234375,0.18586906790733337,-0.9825745224952698,88888071
921,2,1338.8858642578125,0.0,1245.3857421875,0.18586906790733337,-0.9825745224952698,88888071
921,3,1339.5279541015625,0.0,1246.0262451171875,0.18586906790733337,-0.9825745224952698,88888071
922,0,660.122802734375,0.0,1584.44970703125,0.7693864107131958,0.6387836933135986,88888030
922,1,659.2512817382812,0.0,1584.7010498046875,0.7693864107131958,0.6387836933135986,88888030
922,2,659.1646118164062,0.0,1585.6038818359375,0.7693864107131958,0.6387836933135986,88888030
922,3,658.2930908203125,0.0,1585.8551025390625,0.7693864107131958,0.6387836933135986,88888030
923,0,665.2698364257812,0.0,1594.27294921875,-0.7693864107131958,-0.6387836933135986,88888030
923,1,666.141357421875,0.0,1594.0216064453125,-0.7693864107131958,-0.6387836933135986,88888030
923,2,666.22802734375,0.0,1593.1187744140625,-0.7693864107131958,-0.6387836933135986,88888030
923,3,667.0995483398438,0.0,1592.8675537109375,-0.7693864107131958,-0.6387836933135986,88888030
924,0,1882.5931396484375,-0.08920415490865707,2746.04736328125,0.11202321201562881,-0.9937055110931396,88888090
924,1,1883.28125,-0.08890239149332047,2746.63818359375,0.11202321201562881,-0.9937055110931396,88888090
924,2,1884.083740234375,-0.08920415490865707,2746.215576171875,0.11202321201562881,-0.9937055110931396,88888090
924,3,1884.7718505859375,-0.08890239149332047,2746.806396484375,0.11202321201562881,-0.9937055110931396,88888090
925,0,1890.82958984375,-0.1102958470582962,2711.103759765625,-0.11202321201562881,0.9937055110931396,88888090
925,1,1890.1414794921875,-0.11059761047363281,2710.512939453125,-0.11202321201562881,0.9937055110931396,88888090
925,2,1889.3389892578125,-0.1102958470582962,2710.935546875,-0.11202321201562881,0.9937055110931396,88888090
925,3,1888.65087890625,-0.11059761047363281,2710.3447265625,-0.11202321201562881,0.9937055110931396,88888090
926,0,2576.598876953125,0.0,2557.415771484375,0.9999997019767761,0.0008483529090881348,88888100
926,1,2576.08837890625,0.0,2558.165283203125,0.9999997019767761,0.0008483529090881348,88888100
926,2,2576.59765625,0.0,2558.915771484375,0.9999997019767761,0.0008483529090881348,88888100
926,3,2576.087158203125,0.0,2559.665283203125,0.9999997019767761,0.0008483529090881348,88888100
927,0,2595.43359375,0.0,2561.701904296875,-0.9999997019767761,-0.0008483529090881348,88888100
927,1,2595.944091796875,0.0,2560.952392578125,-0.9999997019767761,-0.0008483529090881348,88888100
927,2,2595.434814453125,0.0,2560.201904296875,-0.9999997019767761,-0.0008483529090881348,88888100
927,3,2595.9453125,0.0,2559.452392578125,-0.9999997019767761,-0.0008483529090881348,88888100
928,0,2292.12841796875,0.0,1738.16162109375,0.011398771777749062,0.9999350309371948,88888181
928,1,2291.372802734375,0.0,1737.66015625,0.011398771777749062,0.9999350309371948,88888181
928,2,2290.628662109375,0.0,1738.1787109375,0.011398771777749062,0.9999350309371948,88888181
928,3,2289.872802734375,0.0,1737.67724609375,0.011398771777749062,0.9999350309371948,88888181
929,0,2288.1875,0.0,1767.052001953125,-0.011398771777749062,-0.9999350309371948,88888150
929,1,2288.943115234375,0.0,1767.553466796875,-0.011398771777749062,-0.9999350309371948,88888150
929,2,2289.687255859375,0.0,1767.034912109375,-0.011398771777749062,-0.9999350309371948,88888150
929,3,2290.443115234375,0.0,1767.536376953125,-0.011398771777749062,-0.9999350309371948,88888150
930,0,1174.051025390625,0.0,2023.707275390625,0.6635965704917908,-0.7480908632278442,88888040
930,1,1174.273681640625,0.0,2024.58642578125,0.6635965704917908,-0.7480908632278442,88888040
930,2,1175.173095703125,0.0,2024.70263671875,0.6635965704917908,-0.7480908632278442,88888040
930,3,1175.3958740234375,0.0,2025.581787109375,0.6635965704917908,-0.7480908632278442,88888040
931,0,1186.666748046875,0.0,2015.9197998046875,-0.6635965704917908,0.7480908632278442,88888040
931,1,1186.444091796875,0.0,2015.0406494140625,-0.6635965704917908,0.7480908632278442,88888040
931,2,1185.544677734375,0.0,2014.9244384765625,-0.6635965704917908,0.7480908632278442,88888040
931,3,1185.3218994140625,0.0,2014.0452880859375,-0.6635965704917908,0.7480908632278442,88888040
932,0,3770.98974609375,0.0,1507.3529052734375,0.33523669838905334,0.942133903503418,88888240
932,1,3770.1123046875,0.0,1507.123779296875,0.33523669838905334,0.942133903503418,88888240
932,2,3769.576416015625,0.0,1507.855712890625,0.33523669838905334,0.942133903503418,88888240
932,3,3768.698974609375,0.0,1507.626708984375,0.33523669838905334,0.942133903503418,88888240
933,0,3776.60400390625,0.0,1535.86767578125,-0.33523669838905334,-0.942133903503418,88888240
933,1,3777.4814453125,0.0,1536.0968017578125,-0.33523669838905334,-0.942133903503418,88888240
933,2,3778.017333984375,0.0,1535.3648681640625,-0.33523669838905334,-0.942133903503418,88888240
933,3,3778.894775390625,0.0,1535.5938720703125,-0.33523669838905334,-0.942133903503418,88888240
934,0,1995.5908203125,0.006284400355070829,2220.7197265625,-0.006764942780137062,0.9999691843986511,88888121
934,1,1994.84423828125,0.008307714015245438,2220.20458984375,-0.006764942780137062,0.9999691843986511,88888121
934,2,1994.0908203125,0.006274609360843897,2220.709716796875,-0.006764942780137062,0.9999691843986511,88888121
934,3,1993.34423828125,0.00829792395234108,2220.194580078125,-0.006764942780137062,0.9999691843986511,88888121
935,0,1991.1290283203125,-0.10644035041332245,2249.028076171875,0.006764942780137062,-0.9999691843986511,88888121
935,1,1991.8756103515625,-0.10846366733312607,2249.543212890625,0.006764942780137062,-0.9999691843986511,88888121
935,2,1992.6290283203125,-0.10643056035041809,2249.0380859375,0.006764942780137062,-0.9999691843986511,88888121
935,3,1993.3756103515625,-0.10845387727022171,2249.55322265625,0.006764942780137062,-0.9999691843986511,88888121
936,0,915.023193359375,0.0,1373.4034423828125,0.11749356985092163,0.9930736422538757,88888061
936,1,914.2184448242188,0.0,1372.985107421875,0.11749356985092163,0.9930736422538757,88888061
936,2,913.5335693359375,0.0,1373.5797119140625,0.11749356985092163,0.9930736422538757,88888061
936,3,912.7288208007812,0.0,1373.161376953125,0.11749356985092163,0.9930736422538757,88888061
937,0,913.0050048828125,0.0,1392.6878662109375,-0.11749356985092163,-0.9930736422538757,88888061
937,1,913.8097534179688,0.0,1393.106201171875,-0.11749356985092163,-0.9930736422538757,88888061
937,2,914.49462890625,0.0,1392.5115966796875,-0.11749356985092163,-0.9930736422538757,88888061
937,3,915.2993774414062,0.0,1392.929931640625,-0.11749356985092163,-0.9930736422538757,88888061
938,0,543.68505859375,0.0,1539.1488037109375,0.8155015110969543,0.5787550210952759,88888030
938,1,542.8350830078125,0.0,1539.4652099609375,0.8155015110969543,0.5787550210952759,88888030
938,2,542.81689453125,0.0,1540.3720703125,0.8155015110969543,0.5787550210952759,88888030
938,3,541.9669799804688,0.0,1540.6884765625,0.8155015110969543,0.5787550210952759,88888030
939,0,583.808349609375,0.0,1572.860107421875,-0.8155015110969543,-0.5787550210952759,88888030
939,1,584.6583251953125,0.0,1572.543701171875,-0.8155015110969543,-0.5787550210952759,88888030
939,2,584.676513671875,0.0,1571.6368408203125,-0.8155015110969543,-0.5787550210952759,88888030
939,3,585.5264282226562,0.0,1571.3204345703125,-0.8155015110969543,-0.5787550210952759,88888030
940,0,2569.319580078125,0.0,2218.7607421875,-0.054378751665353775,0.9985203742980957,88888130
940,1,2568.5986328125,0.0,2218.21044921875,-0.054378751665353775,0.9985203742980957,88888130
940,2,2567.82177734375,0.0,2218.678955078125,-0.054378751665353775,0.9985203742980957,88888130
940,3,2567.100830078125,0.0,2218.12890625,-0.054378751665353775,0.9985203742980957,88888130
941,0,2563.490478515625,0.0,2247.276611328125,0.054378751665353775,-0.9985203742980957,88888130
941,1,2564.21142578125,0.0,2247.826904296875,0.054378751665353775,-0.9985203742980957,88888130
941,2,2564.98828125,0.0,2247.3583984375,0.054378751665353775,-0.9985203742980957,88888130
941,3,2565.709228515625,0.0,2247.908447265625,0.054378751665353775,-0.9985203742980957,88888130
942,0,2773.935546875,0.0,2126.01953125,0.9964417815208435,-0.08428394794464111,88888140
942,1,2773.490478515625,0.0,2126.809814453125,0.9964417815208435,-0.08428394794464111,88888140
942,2,2774.06201171875,0.0,2127.51416015625,0.9964417815208435,-0.08428394794464111,88888140
942,3,2773.616943359375,0.0,2128.304443359375,0.9964417815208435,-0.08428394794464111,88888140
943,0,2793.025634765625,0.0,2128.68994140625,-0.9964417815208435,0.08428394794464111,88888140
943,1,2793.470703125,0.0,2127.899658203125,-0.9964417815208435,0.08428394794464111,88888140
943,2,2792.899169921875,0.0,2127.1953125,-0.9964417815208435,0.08428394794464111,88888140
943,3,2793.34423828125,0.0,2126.405029296875,-0.9964417815208435,0.08428394794464111,88888140
944,0,3756.76708984375,0.0,1795.1402587890625,0.9998753666877747,0.015787959098815918,88888230
944,1,3756.245361328125,0.0,1795.882080078125,0.9998753666877747,0.015787959098815918,88888230
944,2,3756.743408203125,0.0,1796.64013671875,0.9998753666877747,0.015787959098815918,88888230
944,3,3756.2216796875,0.0,1797.3819580078125,0.9998753666877747,0.015787959098815918,88888230
945,0,3785.45361328125,0.0,1799.8638916015625,-0.9998753666877747,-0.015787959098815918,88888220
945,1,3785.975341796875,0.0,1799.1220703125,-0.9998753666877747,-0.015787959098815918,88888220
945,2,3785.477294921875,0.0,1798.364013671875,-0.9998753666877747,-0.015787959098815918,88888220
945,3,3785.9990234375,0.0,1797.6221923828125,-0.9998753666877747,-0.015787959098815918,88888220
946,0,1434.5625,0.0,2444.019287109375,0.8051280975341797,0.593100905418396,88888090
946,1,1433.70703125,0.0,2444.32080078125,0.8051280975341797,0.593100905418396,88888090
946,2,1433.6728515625,0.0,2445.22705078125,0.8051280975341797,0.593100905418396,88888090
946,3,1432.8173828125,0.0,2445.5283203125,0.8051280975341797,0.593100905418396,88888090
947,0,1447.195556640625,0.0,2458.629150390625,-0.8051280975341797,-0.593100905418396,88888090
947,1,1448.051025390625,0.0,2458.32763671875,-0.8051280975341797,-0.593100905418396,88888090
947,2,1448.085205078125,0.0,2457.42138671875,-0.8051280975341797,-0.593100905418396,88888090
947,3,1448.940673828125,0.0,2457.1201171875,-0.8051280975341797,-0.593100905418396,88888090
948,0,3750.68603515625,0.0,1771.7603759765625,0.05549919977784157,0.998458743095398,88888230
948,1,3749.908935546875,0.0,1771.2928466796875,0.05549919977784157,0.998458743095398,88888230
948,2,3749.1884765625,0.0,1771.8436279296875,0.05549919977784157,0.998458743095398,88888230
948,3,3748.411376953125,0.0,1771.3760986328125,0.05549919977784157,0.998458743095398,88888230
949,0,3747.468994140625,0.0,1790.815185546875,-0.05549919977784157,-0.998458743095398,88888230
949,1,3748.24609375,0.0,1791.28271484375,-0.05549919977784157,-0.998458743095398,88888230
949,2,3748.966552734375,0.0,1790.73193359375,-0.05549919977784157,-0.998458743095398,88888230
949,3,3749.74365234375,0.0,1791.199462890625,-0.05549919977784157,-0.998458743095398,88888230
950,0,3032.565185546875,0.0,1162.9090576171875,0.5549735426902771,0.831868052482605,88888190
950,1,3031.658203125,0.0,1162.9010009765625,0.5549735426902771,0.831868052482605,88888190
950,2,3031.3173828125,0.0,1163.741455078125,0.5549735426902771,0.831868052482605,88888190
950,3,3030.410400390625,0.0,1163.7335205078125,0.5549735426902771,0.831868052482605,88888190
951,0,3039.63427734375,0.0,1181.198974609375,-0.5549735426902771,-0.831868052482605,88888190
951,1,3040.541259765625,0.0,1181.20703125,-0.5549735426902771,-0.831868052482605,88888190
951,2,3040.882080078125,0.0,1180.3665771484375,-0.5549735426902771,-0.831868052482605,88888190
951,3,3041.7890625,0.0,1180.37451171875,-0.5549735426902771,-0.831868052482605,88888190
952,0,4210.3525390625,0.0,1500.641845703125,-0.9577974677085876,-0.2874443531036377,88888240
952,1,4211.056640625,0.0,1500.070068359375,-0.9577974677085876,-0.2874443531036377,88888240
952,2,4210.78369140625,0.0,1499.205078125,-0.9577974677085876,-0.2874443531036377,88888240
952,3,4211.48779296875,0.0,1498.6334228515625,-0.9577974677085876,-0.2874443531036377,88888240
953,0,4174.79736328125,0.0,1485.5133056640625,0.9577974677085876,0.2874443531036377,88888240
953,1,4174.09326171875,0.0,1486.0850830078125,0.9577974677085876,0.2874443531036377,88888240
953,2,4174.3662109375,0.0,1486.9500732421875,0.9577974677085876,0.2874443531036377,88888240
953,3,4173.662109375,0.0,1487.521728515625,0.9577974677085876,0.2874443531036377,88888240
954,0,606.7598266601562,-0.06925398111343384,1634.5653076171875,0.636846661567688,-0.7702136635780334,88888031
954,1,607.0130615234375,-0.05160783603787422,1635.43603515625,0.636846661567688,-0.7702136635780334,88888031
954,2,607.9158325195312,-0.0692574605345726,1635.5211181640625,0.636846661567688,-0.7702136635780334,88888031
954,3,608.1690673828125,-0.051611315459012985,1636.391845703125,0.636846661567688,-0.7702136635780334,88888031
955,0,628.3743896484375,-0.0723365917801857,1615.124267578125,-0.6369114518165588,0.7702733874320984,88888030
955,1,628.1212158203125,-0.05603281036019325,1614.2535400390625,-0.6369114518165588,0.7702733874320984,88888030
955,2,627.2183837890625,-0.07234708964824677,1614.16845703125,-0.6369114518165588,0.7702733874320984,88888030
955,3,626.9652099609375,-0.05604330822825432,1613.2977294921875,-0.6369114518165588,0.7702733874320984,88888030
956,0,3334.083251953125,0.0,1717.47119140625,0.9887502789497375,-0.1495755910873413,88888232
956,1,3333.691162109375,0.0,1718.2890625,0.9887502789497375,-0.1495755910873413,88888232
956,2,3334.3076171875,0.0,1718.954345703125,0.9887502789497375,-0.1495755910873413,88888232
956,3,3333.91552734375,0.0,1719.7720947265625,0.9887502789497375,-0.1495755910873413,88888232
957,0,3353.4365234375,0.0,1718.8619384765625,-0.9887502789497375,0.1495755910873413,88888232
957,1,3353.82861328125,0.0,1718.0440673828125,-0.9887502789497375,0.1495755910873413,88888232
957,2,3353.212158203125,0.0,1717.3787841796875,-0.9887502789497375,0.1495755910873413,88888232
957,3,3353.604248046875,0.0,1716.56103515625,-0.9887502789497375,0.1495755910873413,88888232
958,0,3125.495849609375,-0.005881800781935453,2522.3232421875,0.9880355596542358,0.15422610938549042,88888142
958,1,3124.876220703125,-0.005991501733660698,2522.985595703125,0.9880355596542358,0.15422610938549042,88888142
958,2,3125.264404296875,-0.005885262507945299,2523.80517578125,0.9880355596542358,0.15422610938549042,88888142
958,3,3124.644775390625,-0.005994963459670544,2524.467529296875,0.9880355596542358,0.15422610938549042,88888142
959,0,3153.080322265625,0.00016005073848646134,2530.95068359375,-0.9880355596542358,-0.15422610938549042,88888200
959,1,3153.699951171875,0.00026975173386745155,2530.288330078125,-0.9880355596542358,-0.15422610938549042,88888200
959,2,3153.311767578125,0.00016351255180779845,2529.46875,-0.9880355596542358,-0.15422610938549042,88888200
959,3,3153.931396484375,0.00027321354718878865,2528.806396484375,-0.9880355596542358,-0.15422610938549042,88888200
960,0,3448.636962890625,0.0,1282.4307861328125,-0.0189629178494215,0.9998201727867126,88888250
960,1,3447.89697265625,0.0,1281.9066162109375,-0.0189629178494215,0.9998201727867126,88888250
960,2,3447.13720703125,0.0,1282.40234375,-0.0189629178494215,0.9998201727867126,88888250
960,3,3446.397216796875,0.0,1281.878173828125,-0.0189629178494215,0.9998201727867126,88888250
961,0,3444.00927734375,0.0,1301.2548828125,0.0189629178494215,-0.9998201727867126,88888250
961,1,3444.749267578125,0.0,1301.779052734375,0.0189629178494215,-0.9998201727867126,88888250
961,2,3445.509033203125,0.0,1301.2833251953125,0.0189629178494215,-0.9998201727867126,88888250
961,3,3446.2490234375,0.0,1301.8074951171875,0.0189629178494215,-0.9998201727867126,88888250
962,0,1401.0863037109375,0.0,2257.1357421875,0.9937310814857483,0.11179834604263306,88888081
962,1,1400.49560546875,0.0,2257.823974609375,0.9937310814857483,0.11179834604263306,88888081
962,2,1400.918701171875,0.0,2258.626220703125,0.9937310814857483,0.11179834604263306,88888081
962,3,1400.3280029296875,0.0,2259.314453125,0.9937310814857483,0.11179834604263306,88888081
963,0,1419.7921142578125,0.0,2263.537109375,-0.9937310814857483,-0.11179834604263306,88888110
963,1,1420.3828125,0.0,2262.848876953125,-0.9937310814857483,-0.11179834604263306,88888110
963,2,1419.959716796875,0.0,2262.046630859375,-0.9937310814857483,-0.11179834604263306,88888110
963,3,1420.5504150390625,0.0,2261.3583984375,-0.9937310814857483,-0.11179834604263306,88888110
964,0,3034.1162109375,0.035697583109140396,1852.6217041015625,0.010402685962617397,-0.9998683929443359,88888160
964,1,3034.98583984375,0.0420527458190918,1853.140625,0.010402685962617397,-0.9998683929443359,88888160
964,2,3035.8662109375,0.0357060469686985,1852.639892578125,0.010402685962617397,-0.9998683929443359,88888160
965,0,3037.854248046875,-0.0758075937628746,1843.7052001953125,-0.010402685962617397,0.9998683929443359,88888160
965,1,3036.984619140625,-0.0821627527475357,1843.186279296875,-0.010402685962617397,0.9998683929443359,88888160
965,2,3036.104248046875,-0.07581605762243271,1843.68701171875,-0.010402685962617397,0.9998683929443359,88888160
966,0,1588.19287109375,0.0,2215.478271484375,0.9999052882194519,-0.013764142990112305,88888110
966,1,1587.6932373046875,0.0,2216.2353515625,0.9999052882194519,-0.013764142990112305,88888110
966,2,1588.2135009765625,0.0,2216.97802734375,0.9999052882194519,-0.013764142990112305,88888110
966,3,1587.7138671875,0.0,2217.735107421875,0.9999052882194519,-0.013764142990112305,88888110
967,0,1607.093994140625,0.0,2219.488525390625,-0.9999052882194519,0.013764142990112305,88888110
967,1,1607.5936279296875,0.0,2218.7314453125,-0.9999052882194519,0.013764142990112305,88888110
967,2,1607.0733642578125,0.0,2217.98876953125,-0.9999052882194519,0.013764142990112305,88888110
967,3,1607.572998046875,0.0,2217.231689453125,-0.9999052882194519,0.013764142990112305,88888110
968,0,1815.1160888671875,0.0,2058.5537109375,0.9999954104423523,0.003065824508666992,88888110
968,1,1814.603759765625,0.0,2059.30224609375,0.9999954104423523,0.003065824508666992,88888110
968,2,1815.1114501953125,0.0,2060.0537109375,0.9999954104423523,0.003065824508666992,88888110
968,3,1814.59912109375,0.0,2060.80224609375,0.9999954104423523,0.003065824508666992,88888110
969,0,1833.9398193359375,0.0,2062.88134765625,-0.9999954104423523,-0.003065824508666992,88888120
969,1,1834.4521484375,0.0,2062.1328125,-0.9999954104423523,-0.003065824508666992,88888120
969,2,1833.9444580078125,0.0,2061.38134765625,-0.9999954104423523,-0.003065824508666992,88888120
969,3,1834.456787109375,0.0,2060.6328125,-0.9999954104423523,-0.003065824508666992,88888120
970,0,2576.37939453125,0.0,2660.626708984375,0.998386800289154,-0.05677950382232666,88888100
970,1,2575.912841796875,0.0,2661.404541015625,0.998386800289154,-0.05677950382232666,88888100
970,2,2576.464599609375,0.0,2662.124267578125,0.998386800289154,-0.05677950382232666,88888100
970,3,2575.998046875,0.0,2662.902099609375,0.998386800289154,-0.05677950382232666,88888100
971,0,2595.466064453125,0.0,2663.818359375,-0.998386800289154,0.05677950382232666,88888100
971,1,2595.9326171875,0.0,2663.04052734375,-0.998386800289154,0.05677950382232666,88888100
971,2,2595.380859375,0.0,2662.32080078125,-0.998386800289154,0.05677950382232666,88888100
971,3,2595.847412109375,0.0,2661.54296875,-0.998386800289154,0.05677950382232666,88888100
972,0,1898.2908935546875,-0.0877193734049797,2397.2724609375,0.9999972581863403,-0.0008296058513224125,88888121
972,1,1897.7816162109375,-0.08884553611278534,2398.02294921875,0.9999972581863403,-0.0008296058513224125,88888120
972,2,1898.292236328125,-0.08771800994873047,2398.7724609375,0.9999972581863403,-0.0008296058513224125,88888120
972,3,1897.7828369140625,-0.0888441726565361,2399.52294921875,0.9999972581863403,-0.0008296058513224125,88888120
973,0,1926.81689453125,0.023066936060786247,2401.51904296875,-0.9952168464660645,0.0007264823652803898,88888121
973,1,1927.3238525390625,0.07288305461406708,2400.7685546875,-0.9952168464660645,0.0007264823652803898,88888121
973,2,1926.8157958984375,0.023056333884596825,2400.01904296875,-0.9952168464660645,0.0007264823652803898,88888121
973,3,1927.32275390625,0.07287245243787766,2399.2685546875,-0.9952168464660645,0.0007264823652803898,88888121
974,0,2289.465576171875,-0.08758432418107986,2498.34912109375,-0.012149063870310783,-0.9999263286590576,88888120
974,1,2290.221435546875,-0.08745613694190979,2498.85009765625,-0.012149063870310783,-0.9999263286590576,88888120
974,2,2290.96533203125,-0.08758432418107986,2498.3310546875,-0.012149063870310783,-0.9999263286590576,88888120
974,3,2291.721435546875,-0.08745613694190979,2498.831787109375,-0.012149063870310783,-0.9999263286590576,88888120
975,0,2293.50634765625,-0.092315673828125,2479.474609375,0.012149063870310783,0.9999263286590576,88888132
975,1,2292.75048828125,-0.09244386106729507,2478.9736328125,0.012149063870310783,0.9999263286590576,88888132
975,2,2292.006591796875,-0.092315673828125,2479.49267578125,0.012149063870310783,0.9999263286590576,88888132
975,3,2291.25048828125,-0.09244386106729507,2478.991943359375,0.012149063870310783,0.9999263286590576,88888132
976,0,3759.1025390625,0.0,2157.26611328125,0.9944853186607361,0.10487586259841919,88888230
976,1,3758.516845703125,0.0,2157.95849609375,0.9944853186607361,0.10487586259841919,88888230
976,2,3758.9453125,0.0,2158.7578125,0.9944853186607361,0.10487586259841919,88888230
976,3,3758.359619140625,0.0,2159.4501953125,0.9944853186607361,0.10487586259841919,88888230
977,0,3787.228759765625,0.0,2164.526123046875,-0.9944853186607361,-0.10487586259841919,88888220
977,1,3787.814453125,0.0,2163.833740234375,-0.9944853186607361,-0.10487586259841919,88888220
977,2,3787.385986328125,0.0,2163.034423828125,-0.9944853186607361,-0.10487586259841919,88888220
977,3,3787.9716796875,0.0,2162.342041015625,-0.9944853186607361,-0.10487586259841919,88888220
978,0,2942.832763671875,0.0,1203.685546875,-0.02381531335413456,0.9997164011001587,88888190
978,1,2942.09521484375,0.0,1203.15771484375,-0.02381531335413456,0.9997164011001587,88888190
978,2,2941.333251953125,0.0,1203.6497802734375,-0.02381531335413456,0.9997164011001587,88888190
978,3,2940.595703125,0.0,1203.1220703125,-0.02381531335413456,0.9997164011001587,88888190
979,0,2938.115234375,0.0,1222.4261474609375,0.02381531335413456,-0.9997164011001587,88888190
979,1,2938.852783203125,0.0,1222.9539794921875,0.02381531335413456,-0.9997164011001587,88888190
979,2,2939.61474609375,0.0,1222.4619140625,0.02381531335413456,-0.9997164011001587,88888190
979,3,2940.352294921875,0.0,1222.9896240234375,0.02381531335413456,-0.9997164011001587,88888190
980,0,1576.65771484375,0.0,2147.271484375,0.3278872072696686,-0.9447174072265625,88888110
980,1,1577.198974609375,0.0,2147.9990234375,0.3278872072696686,-0.9447174072265625,88888110
980,2,1578.0748291015625,0.0,2147.76318359375,0.3278872072696686,-0.9447174072265625,88888110
980,3,1578.6160888671875,0.0,2148.49072265625,0.3278872072696686,-0.9447174072265625,88888110
981,0,1587.0865478515625,0.0,2130.24609375,-0.3278872072696686,0.9447174072265625,88888110
981,1,1586.5452880859375,0.0,2129.5185546875,-0.3278872072696686,0.9447174072265625,88888110
981,2,1585.66943359375,0.0,2129.75439453125,-0.3278872072696686,0.9447174072265625,88888110
981,3,1585.128173828125,0.0,2129.02685546875,-0.3278872072696686,0.9447174072265625,88888110
982,0,1690.0843505859375,-0.10200033336877823,2034.7490234375,-0.0065076821483671665,0.9999622702598572,88888150
982,1,1689.337646484375,-0.10493507981300354,2034.234130859375,-0.0065076821483671665,0.9999622702598572,88888150
982,2,1688.5843505859375,-0.1019984781742096,2034.7392578125,-0.0065076821483671665,0.9999622702598572,88888150
982,3,1687.837646484375,-0.1049332246184349,2034.224365234375,-0.0065076821483671665,0.9999622702598572,88888150
983,0,1685.6956787109375,0.002881149761378765,2052.940185546875,0.0065076821483671665,-0.9999622702598572,88888110
983,1,1686.4423828125,0.005815892480313778,2053.455078125,0.0065076821483671665,-0.9999622702598572,88888110
983,2,1687.1956787109375,0.002879297360777855,2052.949951171875,0.0065076821483671665,-0.9999622702598572,88888110
983,3,1687.9423828125,0.005814040079712868,2053.46484375,0.0065076821483671665,-0.9999622702598572,88888110
984,0,1569.7762451171875,0.0,2260.470947265625,0.80515456199646,0.593065083026886,88888110
984,1,1568.9207763671875,0.0,2260.772216796875,0.80515456199646,0.593065083026886,88888110
984,2,1568.8865966796875,0.0,2261.6787109375,0.80515456199646,0.593065083026886,88888110
984,3,1568.0311279296875,0.0,2261.97998046875,0.80515456199646,0.593065083026886,88888110
985,0,1582.4129638671875,0.0,2275.08251953125,-0.80515456199646,-0.593065083026886,88888110
985,1,1583.2684326171875,0.0,2274.78125,-0.80515456199646,-0.593065083026886,88888110
985,2,1583.3026123046875,0.0,2273.874755859375,-0.80515456199646,-0.593065083026886,88888110
985,3,1584.1580810546875,0.0,2273.573486328125,-0.80515456199646,-0.593065083026886,88888110
986,0,1806.105224609375,0.0,2053.73779296875,0.005801526363939047,-0.9999833106994629,88888110
986,1,1806.852294921875,0.0,2054.252197265625,0.005801526363939047,-0.9999833106994629,88888110
986,2,1807.605224609375,0.0,2053.74658203125,0.005801526363939047,-0.9999833106994629,88888110
986,3,1808.352294921875,0.0,2054.260986328125,0.005801526363939047,-0.9999833106994629,88888110
987,0,1810.484619140625,0.0,2034.9200439453125,-0.005801526363939047,0.9999833106994629,88888150
987,1,1809.737548828125,0.0,2034.40576171875,-0.005801526363939047,0.9999833106994629,88888150
987,2,1808.984619140625,0.0,2034.911376953125,-0.005801526363939047,0.9999833106994629,88888150
987,3,1808.237548828125,0.0,2034.3970947265625,-0.005801526363939047,0.9999833106994629,88888150
988,0,3020.24853515625,0.006696577183902264,1840.238525390625,0.999822199344635,-0.006916273385286331,88888160
988,1,3019.74365234375,-0.0022566798143088818,1840.9920654296875,0.999822199344635,-0.006916273385286331,88888160
988,2,3020.2587890625,0.0066965795122087,1841.738525390625,0.999822199344635,-0.006916273385286331,88888160
989,0,3034.512451171875,-0.014921863563358784,1843.4102783203125,-0.9997691512107849,0.006925547961145639,88888160
989,1,3035.01708984375,-0.025301054120063782,1842.65673828125,-0.9997691512107849,0.006925547961145639,88888160
989,2,3034.502197265625,-0.014921566471457481,1841.9102783203125,-0.9997691512107849,0.006925547961145639,88888160
990,0,3967.92236328125,0.0,2210.308349609375,0.25938645005226135,-0.9657737016677856,88888221
990,1,3968.514404296875,0.0,2210.995361328125,0.25938645005226135,-0.9657737016677856,88888221
990,2,3969.37109375,0.0,2210.697265625,0.25938645005226135,-0.9657737016677856,88888221
990,3,3969.963134765625,0.0,2211.38427734375,0.25938645005226135,-0.9657737016677856,88888221
991,0,3975.764404296875,0.0,2197.572021484375,-0.25938645005226135,0.9657737016677856,88888221
991,1,3975.17236328125,0.0,2196.885009765625,-0.25938645005226135,0.9657737016677856,88888221
991,2,3974.315673828125,0.0,2197.18310546875,-0.25938645005226135,0.9657737016677856,88888221
991,3,3973.7236328125,0.0,2196.49609375,-0.25938645005226135,0.9657737016677856,88888221
992,0,1033.6268310546875,0.0,1705.6463623046875,0.6307409405708313,-0.7759934663772583,88888040
992,1,1033.88720703125,0.0,1706.5152587890625,0.6307409405708313,-0.7759934663772583,88888040
992,2,1034.790771484375,0.0,1706.592529296875,0.6307409405708313,-0.7759934663772583,88888040
992,3,1035.0511474609375,0.0,1707.4613037109375,0.6307409405708313,-0.7759934663772583,88888040
993,0,1055.0599365234375,0.0,1686.047607421875,-0.6307409405708313,0.7759934663772583,88888060
993,1,1054.799560546875,0.0,1685.1787109375,-0.6307409405708313,0.7759934663772583,88888060
993,2,1053.89599609375,0.0,1685.1014404296875,-0.6307409405708313,0.7759934663772583,88888060
993,3,1053.6356201171875,0.0,1684.232666015625,-0.6307409405708313,0.7759934663772583,88888060
994,0,3215.488037109375,0.0,833.8641967773438,0.4507734179496765,0.8926383852958679,88888240
994,1,3214.588623046875,0.0,833.7470092773438,0.4507734179496765,0.8926383852958679,88888240
994,2,3214.149169921875,0.0,834.5403442382812,0.4507734179496765,0.8926383852958679,88888240
994,3,3213.249755859375,0.0,834.4231567382812,0.4507734179496765,0.8926383852958679,88888240
995,0,3228.199462890625,0.0,868.5084838867188,-0.4507734179496765,-0.8926383852958679,88888240
995,1,3229.098876953125,0.0,868.6256713867188,-0.4507734179496765,-0.8926383852958679,88888240
995,2,3229.538330078125,0.0,867.8323364257812,-0.4507734179496765,-0.8926383852958679,88888240
995,3,3230.437744140625,0.0,867.9495239257812,-0.4507734179496765,-0.8926383852958679,88888240
996,0,3701.52978515625,0.0,2456.69970703125,0.9438031315803528,0.33050841093063354,88888210
996,1,3700.800537109375,0.0,2457.2392578125,0.9438031315803528,0.33050841093063354,88888210
996,2,3701.0341796875,0.0,2458.115478515625,0.9438031315803528,0.33050841093063354,88888210
996,3,3700.3046875,0.0,2458.655029296875,0.9438031315803528,0.33050841093063354,88888210
997,0,3727.232177734375,0.0,2470.224853515625,-0.9438031315803528,-0.33050841093063354,88888220
997,1,3727.96142578125,0.0,2469.685302734375,-0.9438031315803528,-0.33050841093063354,88888220
997,2,3727.727783203125,0.0,2468.80908203125,-0.9438031315803528,-0.33050841093063354,88888220
997,3,3728.457275390625,0.0,2468.26953125,-0.9438031315803528,-0.33050841093063354,88888220
998,0,2606.24658203125,0.0,2046.018310546875,-0.01969919539988041,0.9998059272766113,88888160
998,1,2605.5068359375,0.0,2045.49365234375,-0.01969919539988041,0.9998059272766113,88888160
998,2,2604.746826171875,0.0,2045.9886474609375,-0.01969919539988041,0.9998059272766113,88888160
998,3,2604.007080078125,0.0,2045.4639892578125,-0.01969919539988041,0.9998059272766113,88888160
999,0,2601.606201171875,0.0,2064.78955078125,0.01969919539988041,-0.9998059272766113,88888140
999,1,2602.345947265625,0.0,2065.314208984375,0.01969919539988041,-0.9998059272766113,88888140
999,2,2603.10595703125,0.0,2064.819091796875,0.01969919539988041,-0.9998059272766113,88888140
999,3,2603.845703125,0.0,2065.34375,0.01969919539988041,-0.9998059272766113,88888140
1000,0,2996.930908203125,0.0,1619.1192626953125,-0.032766107469797134,-0.9994630813598633,88888181
1000,1,2997.697021484375,0.0,1619.6044921875,-0.032766107469797134,-0.9994630813598633,88888181
1000,2,2998.429931640625,0.0,1619.070068359375,-0.032766107469797134,-0.9994630813598633,88888181
1000,3,2999.1962890625,0.0,1619.5552978515625,-0.032766107469797134,-0.9994630813598633,88888181
1001,0,3000.256591796875,0.0,1590.2471923828125,0.032766107469797134,0.9994630813598633,88888250
1001,1,2999.490478515625,0.0,1589.761962890625,0.032766107469797134,0.9994630813598633,88888250
1001,2,2998.757568359375,0.0,1590.29638671875,0.032766107469797134,0.9994630813598633,88888250
1001,3,2997.9912109375,0.0,1589.8111572265625,0.032766107469797134,0.9994630813598633,88888250
1002,0,3157.374755859375,0.0,2687.826171875,0.019234037026762962,-0.9998149871826172,88888200
1002,1,3158.11474609375,0.0,2688.3505859375,0.019234037026762962,-0.9998149871826172,88888200
1002,2,3158.87451171875,0.0,2687.85498046875,0.019234037026762962,-0.9998149871826172,88888200
1002,3,3159.614501953125,0.0,2688.37939453125,0.019234037026762962,-0.9998149871826172,88888200
1003,0,3162.350830078125,0.0,2651.1455078125,-0.019234037026762962,0.9998149871826172,88888200
1003,1,3161.61083984375,0.0,2650.62109375,-0.019234037026762962,0.9998149871826172,88888200
1003,2,3160.85107421875,0.0,2651.11669921875,-0.019234037026762962,0.9998149871826172,88888200
1003,3,3160.111083984375,0.0,2650.59228515625,-0.019234037026762962,0.9998149871826172,88888200
1004,0,2769.165283203125,0.0,2070.419189453125,0.9997319579124451,-0.023157119750976562,88888140
1004,1,2768.673095703125,0.0,2071.180908203125,0.9997319579124451,-0.023157119750976562,88888140
1004,2,2769.2001953125,0.0,2071.9189453125,0.9997319579124451,-0.023157119750976562,88888140
1004,3,2768.707763671875,0.0,2072.680419921875,0.9997319579124451,-0.023157119750976562,88888140
1005,0,2788.1396484375,0.0,2074.251220703125,-0.9997319579124451,0.023157119750976562,88888140
1005,1,2788.6318359375,0.0,2073.489501953125,-0.9997319579124451,0.023157119750976562,88888140
1005,2,2788.104736328125,0.0,2072.75146484375,-0.9997319579124451,0.023157119750976562,88888140
1005,3,2788.59716796875,0.0,2071.989990234375,-0.9997319579124451,0.023157119750976562,88888140
1006,0,3953.59326171875,0.0,2388.860595703125,-0.9287547469139099,-0.3706948757171631,88888220
1006,1,3954.344970703125,0.0,2388.35302734375,-0.9287547469139099,-0.3706948757171631,88888220
1006,2,3954.1494140625,0.0,2387.467529296875,-0.9287547469139099,-0.3706948757171631,88888220
1006,3,3954.901123046875,0.0,2386.9599609375,-0.9287547469139099,-0.3706948757171631,88888220
1007,0,3921.092041015625,0.0,2371.290771484375,0.9287547469139099,0.3706948757171631,88888220
1007,1,3920.34033203125,0.0,2371.79833984375,0.9287547469139099,0.3706948757171631,88888220
1007,2,3920.535888671875,0.0,2372.683837890625,0.9287547469139099,0.3706948757171631,88888220
1007,3,3919.7841796875,0.0,2373.19140625,0.9287547469139099,0.3706948757171631,88888220
1008,0,3171.058837890625,-0.09345341473817825,1072.3009033203125,0.28038686513900757,0.9598866701126099,88888190
1008,1,3170.19580078125,-0.09298776090145111,1072.021728515625,0.28038686513900757,0.9598866701126099,88888190
1008,2,3169.619140625,-0.09345345199108124,1072.721435546875,0.28038686513900757,0.9598866701126099,88888190
1008,3,3168.756103515625,-0.0929877981543541,1072.4422607421875,0.28038686513900757,0.9598866701126099,88888190
1009,0,3172.181396484375,-0.11045658588409424,1091.373046875,-0.28038686513900757,-0.9598866701126099,88888190
1009,1,3173.04443359375,-0.11092223972082138,1091.6522216796875,-0.28038686513900757,-0.9598866701126099,88888190
1009,2,3173.62109375,-0.11045654863119125,1090.9525146484375,-0.28038686513900757,-0.9598866701126099,88888190
1009,3,3174.484130859375,-0.1109222024679184,1091.231689453125,-0.28038686513900757,-0.9598866701126099,88888190
1010,0,2017.8521728515625,-0.08024483174085617,2220.468505859375,-0.002579006366431713,0.9999966621398926,88888121
1010,1,2017.103515625,-0.08035771548748016,2219.95654296875,-0.002579006366431713,0.9999966621398926,88888121
1010,2,2016.3521728515625,-0.0802452564239502,2220.464599609375,-0.002579006366431713,0.9999966621398926,88888121
1010,3,2015.603515625,-0.08035814017057419,2219.95263671875,-0.002579006366431713,0.9999966621398926,88888121
1011,0,2013.50732421875,-0.07384509593248367,2249.42919921875,0.002579006366431713,-0.9999966621398926,88888121
1011,1,2014.2559814453125,-0.07373221218585968,2249.941162109375,0.002579006366431713,-0.9999966621398926,88888121
1011,2,2015.00732421875,-0.07384467124938965,2249.43310546875,0.002579006366431713,-0.9999966621398926,88888121
1011,3,2015.7559814453125,-0.07373178750276566,2249.945068359375,0.002579006366431713,-0.9999966621398926,88888121
1012,0,1470.739013671875,0.0,2394.908447265625,0.8051505088806152,0.5930705666542053,88888110
1012,1,1469.883544921875,0.0,2395.209716796875,0.8051505088806152,0.5930705666542053,88888110
1012,2,1469.849365234375,0.0,2396.1162109375,0.8051505088806152,0.5930705666542053,88888110
1012,3,1468.993896484375,0.0,2396.41748046875,0.8051505088806152,0.5930705666542053,18000002
1013,0,1483.3712158203125,0.0,2409.516845703125,-0.8051505088806152,-0.5930705666542053,88888090
1013,1,1484.2266845703125,0.0,2409.215576171875,-0.8051505088806152,-0.5930705666542053,88888090
1013,2,1484.2608642578125,0.0,2408.30908203125,-0.8051505088806152,-0.5930705666542053,88888090
1013,3,1485.1163330078125,0.0,2408.0078125,-0.8051505088806152,-0.5930705666542053,88888090
1014,0,3116.193603515625,0.0,2688.280517578125,-0.013793393969535828,-0.9999048709869385,88888200
1014,1,3116.95068359375,0.0,2688.780029296875,-0.013793393969535828,-0.9999048709869385,88888200
1014,2,3117.693359375,0.0,2688.259765625,-0.013793393969535828,-0.9999048709869385,88888200
1014,3,3118.450439453125,0.0,2688.759521484375,-0.013793393969535828,-0.9999048709869385,88888200
1015,0,3119.956298828125,0.0,2651.47119140625,0.013793393969535828,0.9999048709869385,88888142
1015,1,3119.19921875,0.0,2650.9716796875,0.013793393969535828,0.9999048709869385,88888142
1015,2,3118.45654296875,0.0,2651.491943359375,0.013793393969535828,0.9999048709869385,88888142
1015,3,3117.699462890625,0.0,2650.9921875,0.013793393969535828,0.9999048709869385,88888142
1016,0,3432.2841796875,0.0,2187.489990234375,0.9999995827674866,0.000942230224609375,88888210
1016,1,3431.7734375,0.0,2188.239501953125,0.9999995827674866,0.000942230224609375,88888210
1016,2,3432.28271484375,0.0,2188.989990234375,0.9999995827674866,0.000942230224609375,88888210
1016,3,3431.772216796875,0.0,2189.739501953125,0.9999995827674866,0.000942230224609375,88888210
1017,0,3451.419189453125,0.0,2191.778076171875,-0.9999995827674866,-0.000942230224609375,88888210
1017,1,3451.929931640625,0.0,2191.028564453125,-0.9999995827674866,-0.000942230224609375,88888210
1017,2,3451.420654296875,0.0,2190.278076171875,-0.9999995827674866,-0.000942230224609375,88888210
1017,3,3451.93115234375,0.0,2189.528564453125,-0.9999995827674866,-0.000942230224609375,88888210
1018,0,1309.497802734375,0.0,1590.257080078125,0.6560639142990112,-0.7547054290771484,88888060
1018,1,1309.729248046875,0.0,1591.134033203125,0.6560639142990112,-0.7547054290771484,88888060
1018,2,1310.6298828125,0.0,1591.2412109375,0.6560639142990112,-0.7547054290771484,88888060
1018,3,1310.861328125,0.0,1592.1181640625,0.6560639142990112,-0.7547054290771484,88888060
1019,0,1331.5635986328125,0.0,1571.38232421875,-0.6560639142990112,0.7547054290771484,88888071
1019,1,1331.3321533203125,0.0,1570.50537109375,-0.6560639142990112,0.7547054290771484,88888071
1019,2,1330.4315185546875,0.0,1570.398193359375,-0.6560639142990112,0.7547054290771484,88888071
1019,3,1330.2000732421875,0.0,1569.521240234375,-0.6560639142990112,0.7547054290771484,88888071
1020,0,1393.8377685546875,-0.0004088368150405586,1960.377685546875,-0.6579902172088623,0.753020703792572,88888060
1020,1,1393.608642578125,0.0010908548720180988,1959.500244140625,-0.6579902172088623,0.753020703792572,88888060
1020,2,1392.708251953125,-0.00041452114237472415,1959.3907470703125,-0.6579902172088623,0.753020703792572,88888060
1020,3,1392.4791259765625,0.0010851705446839333,1958.51318359375,-0.6579902172088623,0.753020703792572,88888060
1021,0,1371.0833740234375,-0.08791115880012512,1979.9290771484375,0.6579902172088623,-0.753020703792572,88888110
1021,1,1371.3125,-0.08941084891557693,1980.8065185546875,0.6579902172088623,-0.753020703792572,88888110
1021,2,1372.212890625,-0.08790547400712967,1980.916015625,0.6579902172088623,-0.753020703792572,88888110
1021,3,1372.4420166015625,-0.08940517157316208,1981.7935791015625,0.6579902172088623,-0.753020703792572,88888110
