index,x,y,z,forward_x,forward_z,urban_diversity_config_id,lane
0,2164.7471,0.0000,2499.3247,-0.003173,-0.999995,88888120,40575
1,2167.1599,0.0000,2479.2000,0.999933,-0.011556,88888120,41992
2,2060.8403,-0.0167,2486.8601,0.999138,0.041521,88888121,39687
3,1979.4946,-0.0297,2486.8423,-0.999989,-0.004708,88888121,41764
4,1930.1913,-0.0265,2430.8354,-0.005802,-0.999983,88888121,35867
5,1896.4464,0.0000,2396.9827,0.038242,0.999269,88888120,37355
6,1838.5402,-0.1100,2403.3000,-0.002013,0.999998,88888120,19414
7,1838.5610,-0.1100,2483.6592,0.002014,-0.999998,88888120,35278
8,1798.4399,-0.1100,2478.5498,0.007525,-0.999972,88888090,31286
9,1745.1801,0.0000,2406.2600,0.999995,0.003176,88888090,39277
10,1795.7860,0.0000,2483.0359,-1.000000,-0.000978,88888090,29731
11,1888.6147,0.0000,2509.5806,-0.999995,-0.003020,88888090,19133
12,1855.5991,0.0100,2546.4722,-0.880519,0.474010,88888090,35634
13,1871.0649,0.1250,2629.7981,0.006326,-0.999980,88888090,33360
14,1823.1497,0.0000,2635.9565,0.543575,-0.839361,88888090,38684
15,1892.3081,0.0000,2682.2424,-1.000000,0.000702,88888090,32084
16,1775.9725,0.0000,2591.4580,-0.999408,-0.034407,88888090,28417
17,1826.8842,0.0000,2592.6086,-0.997980,0.063523,88888090,32477
18,1745.1400,0.0019,2641.7600,-0.999642,-0.026744,88888090,32243
19,1704.9640,-0.0872,2667.7542,0.536142,0.844128,88888090,42953
20,1672.0498,0.0000,2724.0576,-0.992853,-0.119346,88888090,31722
21,1882.1960,0.0000,2747.9104,-0.993809,-0.111102,88888090,16945
22,1896.7394,0.0004,2689.1777,0.999950,0.009976,88888090,37335
23,1926.8903,0.0000,2684.3604,0.007026,-0.999975,88888100,37644
24,2060.1726,-0.1100,2704.3140,-0.993478,-0.114026,88888100,27606
25,1978.9167,-0.1100,2699.4338,0.990413,0.138135,88888100,35741
26,2027.9524,-0.1100,2638.0042,-0.999994,0.003570,88888100,23037
27,1986.8038,-0.1100,2600.3035,-0.008451,0.999964,88888100,38778
28,2092.2900,0.0000,2595.8701,-0.999993,-0.003808,88888100,37970
29,2076.5532,-0.1100,2632.4880,-0.841963,0.539535,88888100,30493
30,2068.2830,-0.1100,2710.4797,0.897794,-0.440415,88888100,33475
31,2138.3547,0.0000,2601.6313,0.999991,0.004283,88888100,33193
32,2160.7402,0.0000,2564.1499,-0.708804,-0.705406,88888120,16975
33,2213.8547,-0.1100,2531.8137,0.937987,-0.346671,88888120,29176
34,2219.1042,-0.1100,2531.7322,0.397118,-0.917767,88888120,29180
35,2291.6809,0.0000,2592.2571,-0.004262,-0.999991,88888100,19240
36,2324.4744,0.0000,2574.1611,0.002539,-0.999997,88888100,40511
37,2433.5349,-0.1100,2502.5435,-0.001482,0.999999,88888100,41833
38,2496.0627,0.0216,2504.4377,0.001188,0.999999,88888100,20981
39,2562.8965,1.6030,2555.3240,0.999995,-0.003005,88888100,24466
40,2638.3838,0.0000,2471.3699,-0.999994,0.003543,88888140,33454
41,2682.5378,0.0000,2332.7429,0.083304,0.996524,88888140,18527
42,2687.7698,0.0000,2332.3054,0.083304,0.996524,88888140,18526
43,2729.8525,0.0000,2416.8518,-0.998507,0.054627,88888140,26653
44,2730.1392,0.0000,2422.0940,-0.998507,0.054627,88888140,26652
45,2727.3521,0.0000,2332.5469,0.051669,0.998664,88888140,41075
46,2732.5952,0.0000,2332.2754,0.051661,0.998665,88888140,41074
47,2638.8428,0.0000,2331.2463,0.003651,0.999993,88888140,35023
48,2599.1611,0.0000,2417.2903,0.999854,0.017092,88888140,23355
49,2437.4243,0.0000,2475.6809,0.999603,-0.028186,88888132,31290
50,2571.8757,-0.1100,2416.3486,-0.999999,0.001080,88888130,21599
51,2571.9500,-0.1100,2421.8301,-0.999999,0.001081,88888130,19948
52,2570.4800,-0.1100,2375.9902,-0.999999,-0.001437,88888130,24273
53,2570.4900,-0.1100,2370.3501,-0.999999,-0.001435,88888130,38526
54,2633.5928,0.0000,2331.2654,0.003651,0.999993,88888140,35024
55,2640.4121,0.0000,2427.0642,-0.919751,-0.392503,88888140,34396
56,2740.7908,0.0000,2467.7695,-0.171443,-0.985194,88888140,26763
57,2786.0063,0.0000,2519.1360,-0.040902,-0.999163,88888100,42905
58,2718.7090,0.0012,2566.6968,0.278024,-0.960574,88888100,25221
59,2780.1262,0.0100,2583.9233,0.589308,0.807909,88888100,36707
60,2824.3152,0.0000,2694.5466,-0.013125,-0.999914,88888100,35929
61,2761.1064,0.0384,2608.5752,0.432408,0.901678,88888100,41647
62,2717.1121,0.0034,2616.6882,-0.513538,-0.858067,88888100,21504
63,2604.6960,0.0000,2665.9226,0.997860,-0.065394,88888100,27711
64,2790.9690,0.0012,2648.7217,-0.403889,-0.914808,88888100,40655
65,2570.7888,0.0000,2705.9663,-0.028610,-0.999591,88888100,29494
66,2484.0391,0.0000,2669.1492,0.999915,-0.013040,88888100,21747
67,2436.1741,0.0000,2619.5667,0.471086,-0.882088,88888100,43045
68,2424.6934,0.0000,2673.8560,-0.378764,-0.925493,88888100,17401
69,2325.8450,0.0000,2697.1809,0.967324,-0.253544,88888100,17656
70,2233.0776,0.0000,2763.5405,-0.970177,0.242398,88888100,41429
71,2443.2366,0.0000,2712.2366,-0.993652,0.112494,88888100,18172
72,2412.9065,-2.7670,2779.9431,-0.999944,-0.010629,88888100,26762
73,2598.3474,-2.7567,2771.5298,0.999114,-0.042078,88888100,39464
74,2620.6492,-2.1018,2757.7869,0.576578,-0.817042,88888100,33112
75,2809.3945,-0.0211,2720.3630,-0.026717,0.999643,88888100,26654
76,2861.3582,0.0000,2694.1111,-0.011711,-0.999931,88888100,29950
77,3070.6709,0.0000,2650.7202,-0.999214,0.039637,88888142,40953
78,3115.3462,-0.0058,2599.9951,0.956152,0.292872,88888142,37791
79,3085.5620,-0.6800,2434.8540,-0.034231,-0.999414,88888142,21657
80,3122.4529,-0.0057,2421.6404,0.000967,1.000000,88888142,32116
81,3155.1479,0.0000,2448.5300,-0.020338,-0.999793,88888200,28040
82,3164.8167,0.0383,2309.2930,-0.991206,-0.132330,88888200,38220
83,3153.7727,-0.0166,2312.5237,0.986332,-0.164768,88888200,38222
84,3247.7205,0.0000,2337.6677,0.938964,0.344014,88888200,31161
85,3317.2090,-0.0793,2394.2058,-0.954737,-0.297453,88888200,20427
86,3367.6082,0.0000,2347.5098,-0.323011,0.946395,88888210,19289
87,3388.4048,-0.0006,2254.9756,-0.452679,0.891673,88888210,33443
88,3214.0269,0.0000,2238.7236,0.937878,0.346966,88888210,23137
89,3273.9626,0.0001,2206.7959,-0.246268,-0.969202,88888210,34802
90,3274.4438,0.0037,2185.5969,0.821468,-0.570255,88888210,43618
91,3400.7400,-0.0078,2232.6499,-0.499241,-0.866463,88888210,42346
92,3420.8477,8.3991,2264.3616,-0.350930,0.936402,88888210,40350
93,3384.4417,8.3991,2360.6914,-0.177406,0.984138,88888210,23285
94,3461.9937,0.0006,2164.6108,0.015209,0.999884,88888231,37133
95,3464.6694,0.0000,2184.8562,0.999931,-0.011762,88888210,39727
96,3648.3545,0.0000,2278.4563,-0.296199,0.955126,88888210,37147
97,3646.5007,-0.0351,2153.3152,0.997768,0.066782,88888231,20063
98,3649.4851,0.0003,2038.2659,-0.027082,0.999633,88888231,38364
99,3641.0500,-0.0040,2125.8701,-0.723359,-0.690472,88888231,42117
100,3625.6560,0.0053,2137.6472,-0.754153,0.656698,88888231,37182
101,3629.1326,-0.0037,2159.3625,-1.000000,-0.000963,88888231,38069
102,3604.4924,0.0007,2146.1326,-0.856843,0.515577,88888231,36078
103,3500.7178,0.0007,2153.8728,-0.181796,-0.983336,88888231,40305
104,3453.5276,0.0006,2084.0059,-0.066531,-0.997784,88888231,39354
105,3449.6199,0.0007,1924.8619,-0.675316,-0.737528,88888232,40972
106,3541.0481,0.0000,1971.6472,-0.999970,0.007714,88888231,29697
107,3646.4180,0.0007,2003.6736,0.057507,0.998345,88888231,39753
108,3752.9109,0.0000,2001.5366,-0.999525,-0.030813,88888230,16947
109,3759.3296,0.0000,1923.8846,-0.032774,-0.999463,88888230,32715
110,3791.6890,0.0000,1771.4552,0.028118,0.999605,88888220,35878
111,3940.2510,0.0000,1795.9155,-0.999590,-0.028624,88888220,24730
112,3843.0542,-0.0168,1821.4771,0.059794,-0.998211,88888220,20103
113,3843.5459,-0.3033,1827.9961,0.396874,-0.917873,88888220,20108
114,3847.5044,-0.0158,1824.4799,0.219309,-0.975655,88888220,20113
115,3832.5630,-1.6072,1844.9033,0.942787,0.333394,88888220,27215
116,3925.5530,0.2292,1850.4139,-0.912677,-0.408681,88888221,17847
117,3818.0559,0.0000,1964.2885,0.999579,0.028998,88888221,17723
118,3795.4617,-1.6137,1816.6710,-0.999980,-0.006331,88888220,27352
119,3894.5610,-0.0063,2029.5533,0.975258,0.221071,88888221,16240
120,3792.3662,0.0002,2054.1289,0.004537,-0.999990,88888220,20667
121,3758.8267,0.0000,2115.5767,0.018009,-0.999838,88888230,27686
122,3756.7017,0.0000,2191.7627,0.998756,0.049871,88888210,37003
123,3731.6204,0.0000,2345.1985,0.529071,0.848578,88888210,24055
124,3770.9241,0.0000,2351.5696,0.971630,0.236506,88888220,27821
125,3781.0898,0.0070,2463.4099,0.943786,0.330558,88888220,40359
126,3737.4197,0.0000,2444.9370,0.306410,-0.951900,88888220,20122
127,3798.1641,0.0185,2498.5908,-0.941624,-0.336665,88888200,39613
128,3837.4126,0.0000,2539.6938,0.513807,-0.857906,88888200,23486
129,3848.4829,0.0000,2596.8594,-0.590673,0.806911,88888200,38057
130,3829.3645,0.0100,2636.4802,0.984090,-0.177673,88888200,41750
131,3765.4504,-0.0000,2709.2102,-0.516591,-0.856232,88888200,29636
132,3683.3767,0.0432,2733.3171,0.950491,-0.310751,88888200,15987
133,3682.1550,0.0000,2610.8760,-0.319852,0.947468,88888200,32367
134,3795.2366,0.0000,2597.5469,0.449387,-0.893337,88888200,36335
135,3763.7202,0.0104,2537.7048,-0.157327,0.987547,88888200,20777
136,3718.7903,0.0000,2501.8474,-0.319842,0.947471,88888200,26185
137,3716.9998,0.0101,2579.9404,-0.178650,-0.983913,88888200,34891
138,3722.2427,0.0104,2579.0835,-0.720955,0.692982,88888200,32668
139,3783.3447,0.0000,2517.2622,0.220820,0.975314,88888200,17425
140,3683.3804,0.0000,2481.6389,-0.945116,-0.326735,88888200,43109
141,3483.9880,0.0000,2459.5647,-0.929061,0.369927,88888200,25111
142,3216.0823,0.0000,2530.1111,-0.999123,-0.041867,88888200,17122
143,3405.2966,-0.0782,2569.3093,0.989332,-0.145681,88888200,30093
144,3537.6492,0.0000,2713.1394,0.994794,-0.101905,88888200,29436
145,3309.4155,0.0000,2665.6287,0.971157,0.238443,88888200,39319
146,3224.5952,0.0000,2692.4858,-0.997495,-0.070731,88888200,23835
147,3582.4180,-0.0782,2650.0676,0.419633,0.907694,88888200,29856
148,3575.4456,-0.0093,2615.9197,0.353325,-0.935501,88888200,34260
149,3658.8901,0.0000,2577.7668,0.319413,-0.947616,88888200,42522
150,3628.4512,0.0000,2668.0718,0.319414,-0.947615,88888200,22292
151,3593.8496,0.0004,2674.7061,-0.210503,0.977593,88888200,19268
152,3700.9573,0.0091,2762.4641,0.353808,-0.935318,88888200,17041
153,3792.5273,0.0100,2695.5005,0.409936,-0.912114,88888200,39295
154,3570.9067,-3.5955,2778.0676,-0.690109,-0.723705,88888200,36534
155,3692.1130,-3.5956,2783.6033,-0.991624,0.129161,88888200,42049
156,3836.6836,-3.5700,2680.1907,0.974975,-0.222314,88888200,24106
157,3890.7993,-3.5934,2596.3481,-0.245543,0.969386,88888200,43165
158,3903.7856,-3.8400,2576.2922,-0.579145,0.815225,88888200,41390
159,3904.1045,0.0000,2501.3721,-0.454070,0.890966,88888220,36867
160,3904.7373,0.0000,2404.9636,-0.421205,0.906966,88888220,43812
161,3919.3960,0.0000,2370.3555,0.403566,0.914951,88888220,35521
162,3877.2131,0.0000,2260.2405,-0.209708,0.977764,88888221,17862
163,3891.4270,0.0000,2199.8191,0.986710,0.162489,88888221,26689
164,3857.8176,-0.0040,2264.5776,0.130534,0.991444,88888220,19138
165,3800.2859,0.8880,2299.9812,0.918018,0.396538,88888220,16790
166,3825.6892,0.0000,2308.4358,-0.865603,0.500731,88888220,22260
167,3771.3357,0.0000,2314.4443,0.164496,-0.986378,88888220,15762
168,3786.6064,0.0000,2195.5645,0.083939,-0.996471,88888220,18274
169,3890.4939,0.0183,2113.8394,-0.189862,0.981811,88888221,16268
170,3907.1079,-0.0003,2115.1880,-0.209703,0.977765,88888221,15835
171,3971.8037,0.0000,2194.8113,-0.986716,-0.162453,88888221,18644
172,4038.5410,0.0000,2139.0237,-0.283931,0.958845,88888220,43599
173,4097.6836,-3.5985,2097.4800,0.271802,-0.962353,88888220,34484
174,4057.7156,-3.6000,2236.2209,-0.303291,-0.952898,88888220,36311
175,3995.9844,-3.6248,2415.6528,0.349711,-0.936858,88888220,37054
176,3987.6472,0.0000,2301.2190,-0.324232,0.945978,88888220,25611
177,3970.9878,0.0000,2220.7271,-0.312657,0.949866,88888220,18967
178,4080.6104,0.0100,2063.2698,-0.447933,-0.894067,88888220,40396
179,4060.1277,0.0000,2062.8975,-0.052376,0.998627,88888220,33801
180,4030.4712,0.0000,2017.3723,-0.270182,0.962809,88888221,38103
181,3955.7456,0.4592,1970.6509,0.998869,0.047554,88888221,18032
182,4052.4001,0.0055,1910.7267,0.369318,0.929303,88888220,18202
183,3962.5862,-0.0010,1875.0736,0.976823,0.214051,88888221,25643
184,3955.9299,-0.0010,1882.1178,0.342799,0.939409,88888221,28539
185,3949.2456,0.0000,1874.6143,0.163070,-0.986614,88888221,36841
186,3986.4805,0.0094,1799.1041,-0.017838,0.999841,88888221,25820
187,3988.3481,0.0001,1816.8439,-0.842566,-0.538593,88888221,39274
188,3966.5735,0.0002,1767.7324,0.148256,-0.988949,88888221,17687
189,4126.6670,0.0000,1781.1761,-0.971179,-0.238351,88888220,20935
190,4113.9097,0.0091,1672.8306,-0.991069,-0.133351,88888220,17519
191,4155.9297,0.0229,1534.4406,-0.956959,-0.290225,88888240,18828
192,4099.0874,-0.1100,1490.4207,-0.819465,0.573129,88888240,37937
193,4004.7546,-0.1100,1599.8475,0.964908,-0.262588,88888240,18061
194,3995.2888,0.0000,1561.7393,-0.115851,0.993267,88888240,16671
195,4072.1562,0.0000,1475.2556,-0.997993,-0.063319,88888240,27306
196,4075.9653,-0.0014,1525.9478,0.149249,-0.988800,88888240,16531
197,4011.5632,0.0032,1480.2567,-0.088648,0.996063,88888240,17769
198,4024.9985,0.0017,1573.6183,-0.965495,-0.260422,88888240,18552
199,4036.2395,0.0000,1440.0834,0.997852,0.065511,88888260,16815
200,4207.9966,0.0000,1509.9335,-0.290179,0.956972,88888240,43671
201,4118.5327,0.0053,1853.2950,-0.975201,-0.221321,88888220,35065
202,4139.0293,-3.5833,1843.3162,-0.233823,0.972279,88888220,41364
203,4136.3101,-3.5833,1960.3199,0.225042,-0.974349,88888220,38063
204,4089.9590,0.0000,1948.3618,-0.236625,0.971601,88888220,40372
205,4075.7075,0.0000,2004.7959,-0.265312,0.964162,88888220,34790
206,4081.2812,0.0000,1806.6414,-0.230100,0.973167,88888220,23834
207,4232.5898,0.0000,1460.5280,-0.952949,-0.303129,88888261,34324
208,4312.3413,-0.0447,1343.9604,-0.296932,0.954899,88888261,27353
209,4269.9570,0.0001,1362.8679,-0.286108,0.958197,88888261,35704
210,4255.0039,0.0100,1412.9482,-0.286150,0.958185,88888261,24851
211,4290.5747,0.0002,1247.0336,-0.073942,0.997263,88888261,41039
212,4269.0767,0.0000,1058.7222,0.204692,0.978826,88888261,21557
213,3488.1699,1.1291,724.7610,-0.875820,0.482638,88888240,29305
214,3428.2979,0.0000,803.4437,0.944924,-0.327290,88888240,37188
215,3426.8411,0.0576,856.4125,-0.384526,-0.923114,88888240,40301
216,3398.4187,0.0002,922.3393,-0.859380,0.511338,88888240,43249
217,3530.2437,0.0000,965.9018,0.823829,-0.566838,88888250,19171
218,3549.3828,0.0010,980.9488,0.222302,-0.974978,88888250,18487
219,3569.6492,0.0000,817.2310,0.174070,0.984733,88888240,17883
220,3571.3132,0.0000,690.9266,0.423334,0.905974,88888261,23022
221,3719.7268,0.0000,691.1566,-0.988806,0.149206,88888261,43218
222,4034.7544,-0.0770,900.0630,-0.956230,0.292616,88888260,16279
223,3985.1614,-0.0770,923.6643,-0.773439,0.633871,88888260,17040
224,3822.2603,-0.0770,930.0721,0.533841,0.845585,88888260,17270
225,3816.4629,-0.1050,994.6586,0.975396,-0.220462,88888260,16135
226,3856.9041,-0.1050,984.9077,0.998633,0.052269,88888260,18303
227,3742.4666,-0.0769,954.0538,-0.745575,0.666422,88888260,39742
228,3650.9875,-0.0770,841.1318,-0.390732,-0.920505,88888260,16118
229,3754.2400,8.2845,833.7399,-0.873484,-0.486854,88888260,17810
230,3802.1230,13.7049,852.6011,-0.616172,-0.787612,88888260,17275
231,3673.8291,-0.0770,784.7051,0.985141,-0.171745,88888260,18814
232,3669.9175,-0.0770,791.4676,0.985908,-0.167290,88888260,17067
233,3613.2756,0.0000,867.6914,0.221711,0.975112,88888240,27139
234,3559.8767,0.0000,1080.3707,-0.997129,0.075726,88888240,43516
235,3431.6753,0.0000,1066.0929,-0.993199,0.116428,88888250,18847
236,3615.1699,0.0000,1058.9500,-0.992088,0.125545,88888240,30734
237,3508.4619,0.0000,972.9148,0.402711,0.915327,88888250,23346
238,3426.9482,0.0026,949.0842,-0.279646,-0.960103,88888250,24434
239,3396.7737,9.9745,974.5543,0.961625,0.274368,88888250,34589
240,3416.1875,9.9746,1054.3492,-0.959419,-0.281985,88888250,43276
241,3425.3708,9.9747,1143.1329,-0.889044,0.457822,88888250,39415
242,3281.2517,9.9748,1179.8308,-0.785809,0.618469,88888250,43472
243,3288.3127,9.9749,1237.0353,0.969598,0.244703,88888250,37764
244,3511.6519,9.9744,1146.1367,0.104090,-0.994568,88888250,22946
245,3485.2683,0.0257,1187.0929,0.883559,-0.468320,88888250,31256
246,3443.9551,0.0257,1223.7313,0.882820,-0.469712,88888250,23906
247,3428.3501,0.0000,1235.7098,0.479452,0.877568,88888250,33914
248,3353.4277,0.0257,1256.4796,0.883708,-0.468039,88888250,34115
249,3267.9199,-0.0250,1263.8800,0.921452,0.388491,88888250,27256
250,3250.2361,0.0000,1284.8823,-0.231005,-0.972952,88888250,16655
251,3230.6001,0.0000,1165.1001,-0.493210,0.869910,88888250,31171
252,3339.3484,0.0000,1088.5681,-0.875373,0.483448,88888250,39583
253,3392.4182,-0.0101,1091.2010,0.480900,0.876775,88888250,18171
254,3452.8391,0.0000,1079.6908,0.999926,0.012154,88888250,25796
255,3435.3301,-0.0028,1185.7699,0.480893,0.876780,88888250,41417
256,3434.4849,0.0000,1217.1758,-0.406385,-0.913702,88888250,16851
257,3399.3999,-0.0240,1060.9188,-0.954452,-0.298363,88888250,30739
258,3323.8440,0.0000,1024.9083,-0.531821,-0.846857,88888250,21434
259,3353.5181,0.0000,1072.1583,-0.254853,0.966980,88888250,39249
260,3280.6201,0.0000,996.6799,-0.837005,0.547196,88888240,21555
261,3294.5300,0.0398,964.7549,-0.519946,-0.854199,88888240,26656
262,3258.2585,0.0000,812.3323,0.943152,-0.332360,88888240,22272
263,3230.7817,1.1291,813.5380,-0.899664,-0.436584,88888240,26248
264,3284.2209,-1.4131,771.1086,0.917589,0.397530,88888240,34209
265,3334.2896,-1.4131,749.9462,0.963192,-0.268816,88888240,43541
266,3389.0452,-1.4131,747.3867,-0.672617,-0.739990,88888240,37880
267,3404.0381,0.0000,768.7491,0.950940,-0.309375,88888240,41706
268,3353.0525,1.1292,775.5168,-0.572579,0.819850,88888240,26792
269,3309.8577,1.1291,787.9462,-0.957858,0.287243,88888240,30462
270,3439.7805,1.1292,734.0130,0.256250,-0.966611,88888240,42746
271,3534.3230,-1.3507,678.7455,0.877430,-0.479705,88888240,26999
272,3567.2637,1.1291,679.7520,-0.326006,0.945368,88888261,23066
273,3474.5530,-1.4131,705.8743,0.866965,-0.498368,88888240,40882
274,3437.3652,1.1292,749.2973,-0.933175,0.359422,88888240,29100
275,3504.0266,0.0000,724.1981,0.867789,-0.496933,88888240,23846
276,3162.8403,0.0000,859.3320,0.882997,-0.469379,88888240,39940
277,3107.3406,0.0000,936.6395,0.874528,-0.484976,88888190,28043
278,3143.5125,0.0000,952.9851,-0.854893,0.518804,88888190,22469
279,3165.5081,0.0000,1032.2651,0.239653,0.970859,88888190,41299
280,3192.6663,0.0002,1046.3389,-0.239753,-0.970834,88888240,33554
281,3207.9736,-0.0390,1071.6956,0.836926,-0.547316,88888250,35130
282,3173.3853,-0.0394,1094.4576,-0.832545,0.553958,88888190,31514
283,3024.3765,0.0000,1193.6046,-0.832405,0.554168,88888190,40232
284,2940.6865,0.0000,1204.1345,-0.023815,0.999716,88888190,43115
285,2807.3552,0.0000,1193.6575,0.988178,0.153312,88888190,40623
286,2748.2542,0.0000,1214.4927,-0.000024,1.000000,88888190,34935
287,2725.9856,0.0000,1172.0320,0.684087,0.729400,88888190,25831
288,2681.7805,-0.0188,1245.5009,0.339499,-0.940606,88888190,16198
289,2687.7866,-0.1033,1140.8438,-0.492271,0.870442,88888190,17535
290,2618.9819,0.1207,1153.4684,-0.256662,-0.966501,88888190,17142
291,2591.2554,0.3066,1156.5599,-0.941062,-0.338234,88888190,37807
292,2573.2175,0.1308,1197.4192,0.936392,0.350957,88888190,19017
293,2611.4414,-0.8361,1217.6934,0.999999,-0.001420,88888190,33517
294,2720.0166,0.0000,1124.9952,0.515571,0.856847,88888190,35756
295,2804.8389,0.0000,1081.8967,-0.947614,0.319419,88888190,33426
296,2894.2600,0.0200,1052.4442,0.525792,0.850613,88888190,32852
297,2854.9915,-0.0000,1176.9603,0.858199,-0.513317,88888190,32646
298,2818.9062,0.0300,1094.4785,0.998328,-0.057803,88888190,28412
299,2933.6726,-0.0876,1037.1492,0.874682,-0.484697,88888190,43977
300,3021.9043,-0.0400,1159.4545,-0.520832,-0.853659,88888190,42298
301,3010.1101,-0.0362,1167.0043,-0.520840,-0.853655,88888190,36739
302,3165.0000,-0.0353,1072.6001,-0.833641,0.552306,88888190,33565
303,2928.2991,0.0000,990.8633,0.458352,0.888771,88888192,39513
304,2984.8984,0.0000,1004.4030,0.877471,-0.479629,88888190,39750
305,3009.2646,0.0000,944.2686,0.873490,-0.486843,88888192,30743
306,3107.8516,-0.0072,880.8091,0.524097,0.851658,88888190,17836
307,3058.6108,0.0327,869.0607,-0.543941,0.839124,88888190,15879
308,3007.4409,-3.9072,837.0044,-0.525930,-0.850528,88888190,41091
309,3014.6016,-3.6268,854.8851,0.000000,-1.000000,88888190,28932
310,2986.0522,-3.8447,875.0060,-0.882088,0.471084,88888192,43846
311,3020.2986,-4.0091,844.3695,-0.994233,0.107243,88888190,28959
312,2990.9038,-3.7257,870.0485,0.795352,-0.606148,88888190,27718
313,3016.3281,-4.0239,839.8662,-0.548726,-0.836002,88888190,41103
314,3016.2615,-3.9939,848.6133,0.487447,-0.873153,88888190,28785
315,2932.9556,-4.4030,848.0682,-0.905548,0.424245,88888192,30022
316,2971.0491,-4.5092,828.3199,-0.927032,0.374982,88888190,30027
317,2881.3989,-4.2924,874.4379,0.828472,-0.560031,88888192,38018
318,2942.0652,-4.5282,842.0301,-0.900648,0.434549,88888192,30025
319,2956.3003,-4.4312,836.3171,-0.930653,0.365902,88888192,30023
320,2887.8376,-4.2464,871.7864,0.647510,-0.762057,88888192,37983
321,2911.4670,-3.9327,870.0635,0.878063,-0.478545,88888192,35239
322,2868.1106,-3.6530,935.3679,0.900012,-0.435865,88888192,31115
323,2767.0439,-4.3302,914.2928,0.999901,-0.014037,88888190,29208
324,2891.0396,-3.6731,883.8763,-0.971070,-0.238794,88888192,33030
325,2840.5867,-3.9474,904.7748,0.625650,-0.780104,88888192,23749
326,2817.7554,-4.2136,910.4958,0.988925,-0.148416,88888192,29206
327,2851.7217,-3.8326,900.9308,0.913383,-0.407102,88888192,21297
328,2796.7244,-4.3302,911.8760,0.994962,-0.100258,88888192,29204
329,2758.9045,-4.1754,912.5909,0.991136,-0.132848,88888190,29203
330,2847.0293,-3.8552,903.1593,-0.999781,0.020940,88888192,23610
331,2822.6672,-4.1047,907.2307,0.971729,-0.236100,88888192,29201
332,2784.4131,-4.2482,928.0223,-0.991942,-0.126697,88888192,27560
333,2851.8293,-3.6278,943.2497,-0.880531,-0.473989,88888192,26434
334,2805.0273,-4.0138,927.0291,-0.999952,-0.009787,88888192,27564
335,2814.8730,-3.9650,926.6541,-0.999910,-0.013440,88888192,27565
336,2755.0957,-4.2235,916.7334,0.646760,0.762694,88888190,18435
337,2989.6904,-3.8641,830.9768,0.819825,-0.572614,88888190,40836
338,3175.1672,-3.6910,802.9901,0.982522,-0.186148,88888240,29743
339,3097.8557,-3.8447,796.4787,0.982283,0.187402,88888240,34133
340,3166.1904,-4.5858,780.1442,0.993058,0.117629,88888240,34134
341,3117.9819,-4.0322,798.6699,0.978346,-0.206976,88888240,34135
342,3160.7622,-4.1619,781.6882,0.996526,0.083288,88888240,34138
343,3000.0903,-3.9697,821.0908,0.324042,-0.946043,88888190,22017
344,3158.8420,-2.8812,806.8026,0.995470,0.095074,88888240,29748
345,3135.2612,-3.8177,803.8215,0.981087,-0.193569,88888240,29744
346,3130.1030,-3.8558,805.8591,0.947911,-0.318535,88888240,29745
347,3189.7363,-4.0201,792.1442,-0.714065,-0.700080,88888240,29348
348,3083.0049,-3.9711,807.7137,0.919458,0.393188,88888190,29747
349,3077.5247,-3.9430,826.2714,0.884129,0.467242,88888190,20395
350,3097.1228,-3.7488,843.8641,-0.679214,-0.733940,88888190,25574
351,3092.5840,-3.7866,840.9893,-0.638620,-0.769522,88888190,25571
352,3069.9517,-3.8447,831.0583,0.969160,0.246433,88888190,20400
353,3006.5161,-3.8750,823.1391,-0.508110,-0.861292,88888190,21973
354,3002.2581,-3.9072,825.7642,0.573693,-0.819070,88888190,21837
355,2940.0005,0.0179,925.8076,0.877229,-0.480073,88888192,25021
356,3023.6995,0.0000,881.7767,0.556943,-0.830551,88888190,40495
357,2996.1575,0.0327,920.4223,-0.966431,0.256926,88888192,28108
358,2897.1912,0.0144,974.3318,0.871933,-0.489625,88888192,26562
359,2864.4724,0.0256,964.0380,0.907317,-0.420447,88888192,41674
360,2795.3301,0.0151,988.8499,0.942453,-0.334338,88888192,32386
361,2845.9531,0.0016,1016.1453,0.681692,-0.731639,88888192,43538
362,2909.8232,0.0000,997.8662,0.894810,-0.446448,88888192,27530
363,2737.8303,0.0000,1059.5083,0.959942,-0.280197,88888190,16526
364,2624.6279,0.0000,1016.9259,0.445761,0.895152,88888190,33893
365,2578.7356,-0.4140,1058.6593,-0.901311,0.433172,88888190,17204
366,2577.8411,0.0000,1081.2371,0.999148,-0.041274,88888190,42100
367,2385.5571,0.0000,1088.2955,0.984574,-0.174970,88888180,26306
368,2357.3093,-1.9900,1144.0427,-0.322326,-0.946629,88888181,18259
369,2298.6853,-0.0325,1161.5881,0.416101,0.909319,88888181,29306
370,2247.1399,0.0030,1182.2117,0.899354,-0.437221,88888181,26199
371,2077.3027,0.0031,1266.7380,0.904839,-0.425754,88888072,26193
372,2088.5786,-0.1015,1391.0382,-0.025627,0.999672,88888180,18507
373,2057.5698,0.0026,1275.9698,0.906516,-0.422171,88888072,34936
374,2001.6189,-0.1032,1362.5751,0.824075,0.566480,88888180,31281
375,1947.0310,-0.1033,1318.4108,0.193142,0.981171,88888180,37206
376,1987.0248,-0.1031,1365.7883,-0.965140,-0.261735,88888180,43348
377,1833.4667,0.0000,1328.7866,0.997466,-0.071139,88888070,29797
378,1621.6935,0.0000,1293.3536,0.987546,0.157333,88888070,18282
379,1518.9833,0.0002,1375.7395,0.552613,-0.833438,88888070,38320
380,1437.8700,0.0000,1410.8269,0.824745,0.565505,88888071,23916
381,1458.5055,0.0010,1370.1969,0.582498,-0.812832,88888071,31985
382,1460.4498,0.0000,1417.6300,0.612992,-0.790089,88888071,28211
383,1593.2590,-0.0040,1247.6055,0.987289,0.158933,88888072,29630
384,1845.7118,0.0100,1281.6021,0.999461,-0.032837,88888072,19362
385,1895.2346,0.0000,1277.9967,0.991337,-0.131342,88888072,17328
386,2102.8440,-0.0822,1176.4330,-0.626844,0.779145,88888072,15855
387,2031.1835,-2.6934,1066.1725,0.101498,-0.994836,88888072,25984
388,1434.8247,0.0001,1218.3672,0.987296,0.158895,88888072,17686
389,1319.0670,0.0000,1200.6980,0.983083,0.183161,88888072,35943
390,1299.3236,-0.0006,1318.0277,0.159326,-0.987226,88888070,30443
391,1376.9054,0.0000,1253.0337,0.869105,0.494628,88888071,39265
392,1428.4242,0.0806,1261.3708,0.986662,0.162785,88888071,42903
393,1446.5726,4.9057,1224.7572,0.986985,0.160813,88888072,20644
394,1476.8613,0.0130,1311.3927,0.364842,-0.931070,88888071,31745
395,1389.8477,0.0000,1378.1289,-0.337290,-0.941401,88888071,29414
396,1351.3915,0.0000,1352.1881,0.851348,0.524602,88888071,33072
397,1383.1051,0.0030,1302.2859,-0.766826,-0.641855,88888071,30477
398,1359.1069,0.0000,1383.4897,-0.824746,-0.565503,88888071,33091
399,1302.7755,-0.1100,1392.1012,0.779825,0.625998,88888071,33415
400,1370.5231,-0.1100,1395.0712,-0.562677,0.826677,88888071,30748
401,1229.4686,-0.0011,1283.5134,-0.234422,-0.972135,88888070,37852
402,1160.3383,-0.0019,1273.6147,0.795389,0.606100,88888070,17806
403,1116.6007,0.0125,1282.0652,0.989474,0.144714,88888070,32248
404,1005.0381,0.0031,1287.8080,0.761657,0.647980,88888070,24714
405,1086.5531,0.0283,1357.8944,0.751882,0.659298,88888070,24581
406,1077.7395,-0.1100,1399.4592,0.157424,0.987531,88888060,18734
407,1043.0905,-0.0001,1547.4196,-0.184707,-0.982794,88888060,29770
408,1107.3512,0.0000,1625.3031,-0.834482,-0.551035,88888060,30501
409,1210.6638,-0.1100,1706.1401,-0.976021,-0.217677,88888060,41562
410,1181.8934,0.0000,1751.0867,0.770162,0.637848,88888060,26132
411,1275.3895,0.0000,1674.5774,0.656976,-0.753911,88888061,40847
412,1351.4036,0.0000,1751.5693,-0.993266,0.115856,88888060,31363
413,1208.2114,-0.0242,1806.1761,0.774261,0.632867,88888060,40004
414,1389.1625,-0.0241,1785.9615,-0.072121,-0.997396,88888060,30834
415,1480.8604,0.0001,1777.9626,-0.999955,0.009498,88888150,20763
416,1434.0449,-0.0055,1826.1517,-0.999533,0.030545,88888150,41442
417,1474.4312,-2.4052,1820.1704,-0.999763,0.021752,88888150,42366
418,1473.5645,-2.4052,1808.9436,-0.988831,0.149042,88888150,42362
419,1469.6523,-2.3508,1804.4012,0.290023,0.957020,88888150,42357
420,1495.6260,-2.4052,1798.4264,0.931404,0.363988,88888150,30688
421,1548.6935,-2.3974,1899.0931,0.001288,0.999999,88888150,23431
422,1453.8019,-2.4438,1963.4698,-0.946734,-0.322015,88888150,17203
423,1436.2332,0.0045,1892.3210,0.009484,-0.999955,88888150,28160
424,1320.2352,-0.0242,1897.5450,0.776556,0.630048,88888060,32934
425,1391.9011,-0.0019,1959.3494,-0.657993,0.753024,88888060,44082
426,1393.3674,0.0000,2071.9719,0.135763,-0.990741,88888110,37853
427,1384.0618,0.0002,2168.6726,0.009618,-0.999954,88888110,34976
428,1406.0782,0.0000,2167.9761,-0.006067,0.999982,88888110,39422
429,1421.6803,0.0000,2030.1265,0.043483,-0.999054,88888110,30572
430,1471.0166,0.0000,2068.3486,-0.711471,-0.702715,88888110,39458
431,1495.0203,0.0000,2060.3267,0.716466,0.697622,88888110,26923
432,1522.6776,-0.0800,2026.5352,-0.000769,-1.000000,88888150,41251
433,1556.7217,-0.0799,1985.1365,-1.000000,0.000000,88888150,35096
434,1556.3540,0.0155,1894.9919,-0.000712,1.000000,88888150,22259
435,1562.1320,0.0000,1815.3440,0.000366,1.000000,88888150,37773
436,1535.0952,-2.4064,1807.0212,-0.995858,0.090918,88888150,29760
437,1512.6871,0.0001,1778.0311,1.000000,-0.000857,88888150,20814
438,1504.8270,0.0001,1777.9783,-0.999976,-0.006950,88888150,36781
439,1590.2446,0.0000,1747.1516,-0.000022,1.000000,88888170,40570
440,1704.0458,-0.0878,1747.1455,0.000066,1.000000,88888170,35657
441,1738.9868,0.0000,1744.7588,1.000000,-0.000054,88888170,23902
442,1939.8945,-0.0952,1699.3826,0.611723,0.791072,88888180,29496
443,1918.5200,0.0058,1527.1899,0.385860,0.922557,88888180,19308
444,1894.0012,0.0000,1471.4247,0.388868,0.921293,88888180,38687
445,1933.8263,-0.0002,1453.0391,0.973028,0.230686,88888180,26148
446,2042.5718,-0.0001,1474.9489,0.890058,-0.455847,88888180,42436
447,2087.7798,0.0000,1497.9050,0.909789,0.415071,88888180,36425
448,2076.5518,0.0002,1508.4736,0.914333,0.404962,88888180,38387
449,2157.2485,0.0000,1736.0665,0.733093,0.680128,88888181,24022
450,2169.3501,0.0000,1737.2799,0.999885,-0.015146,88888181,21014
451,2317.7966,0.0297,1812.1595,-0.072407,0.997375,88888160,31426
452,2386.5911,0.0000,1735.6173,0.986000,-0.166743,88888181,30459
453,2331.8699,0.0297,1767.7841,-0.999849,0.017366,88888160,21320
454,2457.2229,0.0000,1836.9276,0.999966,0.008266,88888160,18350
455,2509.2417,0.0000,1766.2148,-0.999874,0.015859,88888160,39220
456,2533.0200,-0.0003,1727.1243,-0.831260,-0.555884,88888181,41584
457,2535.7883,0.5037,1709.9817,-0.806710,0.590948,88888181,36574
458,2589.2100,0.0000,1762.9700,-0.999373,0.035412,88888160,26425
459,2604.3855,-0.1100,1832.2638,-0.008259,-0.999966,88888160,18699
460,2691.9460,0.0000,1796.7222,-0.001256,0.999999,88888160,29875
461,2785.2544,0.0000,1790.1425,-0.002566,0.999997,88888160,33027
462,2866.5000,-0.1100,1790.8401,-0.021099,0.999777,88888160,33138
463,2821.1162,0.0000,1855.6953,-0.999999,0.001201,88888160,32733
464,2991.3425,0.0000,1855.7291,-1.000000,-0.000088,88888160,39434
465,3003.8972,0.0000,1992.8490,-0.000949,-1.000000,88888160,26453
466,2921.1687,-5.2720,1900.1328,-0.993339,-0.115229,88888160,23827
467,2842.3167,-4.9756,1952.9268,0.535228,0.844708,88888160,37742
468,2813.5898,0.0482,1897.6945,0.942473,-0.334281,88888160,26986
469,2770.8091,0.0000,1963.6659,0.002556,-0.999997,88888160,24304
470,2666.8501,-0.1100,1979.3400,0.999838,0.017983,88888160,32686
471,2783.4995,0.0000,2038.6140,0.717009,-0.697064,88888160,37755
472,2799.3735,-0.0014,2029.3477,0.984673,-0.174408,88888160,19793
473,2863.3911,0.0000,2048.4109,1.000000,-0.000278,88888140,36632
474,3019.5613,0.0000,2048.5957,0.999997,-0.002626,88888160,21708
475,3027.1013,0.1319,1854.7463,-1.000000,-0.000019,88888160,32818
476,3041.9961,-0.0731,1835.3846,0.983309,-0.181946,88888160,34789
477,3057.2803,0.0000,1742.7249,-0.601658,0.798754,88888232,36566
478,3077.8416,-0.0362,1862.4968,-0.589038,0.808105,88888230,42145
479,3110.2703,0.0000,1903.8009,0.995659,-0.093076,88888230,43562
480,3139.8828,0.0074,1838.3667,-0.983074,0.183209,88888230,29890
481,3095.1079,0.0000,1772.3235,0.985434,-0.170058,88888232,30808
482,3160.7144,0.0000,1894.1704,-0.983587,0.180435,88888230,24819
483,3183.9194,0.0000,1911.6475,-0.182200,-0.983261,88888230,41270
484,3187.5476,0.0000,1856.8207,0.682621,0.730773,88888230,30137
485,3177.9055,-0.1100,1779.3093,0.808129,0.589006,88888232,30130
486,3144.3887,0.0116,1737.6261,-0.998174,0.060406,88888232,36724
487,3168.6350,0.0000,1705.6385,0.073567,0.997290,88888232,25461
488,3283.3638,0.0002,1690.0104,-0.988630,0.150371,88888232,30561
489,3353.2144,0.0000,1679.8718,0.204604,0.978845,88888232,17796
490,3531.8145,0.0000,1646.0624,-0.909929,0.414763,88888232,24871
491,3490.1582,-13.5811,1685.1464,0.284375,-0.958713,88888230,38068
492,3467.4399,-13.5705,1767.3400,-0.967405,0.253234,88888230,41836
493,3450.7400,-13.5998,1790.7999,0.142900,0.989737,88888230,39929
494,3442.8831,0.0008,1869.6362,0.237803,-0.971313,88888231,43640
495,3483.7415,-0.6934,1831.4376,-0.990158,-0.139954,88888231,44120
496,3611.3406,0.0008,1816.0516,-0.926861,-0.375405,88888231,26131
497,3628.8242,0.0008,1825.4999,-0.474755,-0.880118,88888231,43946
498,3619.6106,-0.6927,1847.4830,0.721517,0.692396,88888231,41906
499,3669.2273,0.0000,1962.8121,0.430419,0.902629,88888230,37109
500,3704.0906,-0.0016,1929.0471,-0.033926,-0.999424,88888230,24017
501,3703.0811,-0.0016,1899.3076,-0.931445,-0.363881,88888230,24109
502,3653.8201,0.0000,1808.1101,0.124811,0.992181,88888230,33297
503,3651.4375,0.0000,1777.2418,0.997317,-0.073210,88888230,19319
504,3633.9070,-0.1100,1639.6406,0.998636,-0.052212,88888240,41423
505,3634.1809,-0.1100,1644.8835,0.998636,-0.052212,88888240,41424
506,3737.5596,0.0000,1559.0394,0.995105,-0.098827,88888240,36642
507,3747.7407,0.0000,1456.0219,0.224786,0.974408,88888240,38249
508,3829.2812,0.0000,1519.5833,-0.946119,0.323821,88888240,29799
509,3933.2029,0.0000,1490.5094,-0.959982,0.280063,88888240,39326
510,3916.4709,0.0000,1459.9852,-0.963744,0.266828,88888240,18449
511,3807.4233,-3.3125,1462.8607,-0.140722,0.990049,88888240,18718
512,3806.4429,-2.2825,1480.9961,0.616784,-0.787133,88888240,15851
513,3801.7778,-1.0964,1484.0762,0.531728,-0.846915,88888240,15848
514,3791.8667,-0.0244,1492.7220,-0.567343,0.823482,88888240,18764
515,3727.4241,0.0000,1367.9561,0.224794,0.974406,88888240,16822
516,3677.9314,-0.0037,1348.7412,0.142009,0.989865,88888240,30849
517,3693.5537,0.1805,1408.4534,-0.997100,0.076102,88888240,25859
518,3694.1978,1.3557,1511.7141,-0.108961,-0.994046,88888240,15788
519,3622.9377,0.0095,1546.3037,-0.738477,-0.674279,88888240,16779
520,3622.7258,0.0000,1571.3789,0.159877,0.987137,88888240,24080
521,3624.7810,0.0010,1610.7971,-0.873730,-0.486411,88888240,34606
522,3553.9666,0.0300,1600.0999,-0.908202,0.418533,88888232,28631
523,3469.2456,-0.0010,1539.4243,-0.822674,-0.568513,88888232,27611
524,3427.9707,-0.0010,1523.2728,-0.780591,-0.625042,88888230,42892
525,3410.1267,0.0000,1489.6365,0.991366,-0.131124,88888230,19957
526,3276.9465,0.0000,1525.4342,-0.824170,0.566342,88888232,21419
527,3295.1204,0.0000,1511.7946,-0.871938,-0.489616,88888232,34730
528,3473.0090,0.0000,1467.1948,-0.991366,0.131126,88888250,35644
529,3375.5061,1.5793,1440.5125,-0.086214,-0.996277,88888250,26952
530,3364.4976,-1.5110,1356.4655,0.644746,-0.764397,88888250,21102
531,3404.8501,1.5793,1343.1700,0.975124,-0.221659,88888250,31473
532,3486.6208,1.5793,1333.3101,0.994477,-0.104954,88888250,26034
533,3492.3237,0.0100,1309.1459,0.958495,0.285111,88888250,32189
534,3384.6555,-1.0574,1321.7710,0.999216,-0.039603,88888250,32375
535,3371.4299,-1.5110,1351.7600,-0.750762,-0.660573,88888250,21098
536,3302.2578,0.0003,1323.1615,0.999008,0.044537,88888250,41250
537,3287.8855,0.0004,1350.7257,0.236504,0.971630,88888250,42770
538,3238.5298,0.0000,1328.3000,0.224386,0.974500,88888250,28143
539,3150.4207,0.0000,1315.6348,0.955098,-0.296290,88888190,36914
540,3136.2678,0.0000,1345.0831,0.934359,-0.356332,88888250,36357
541,3096.2000,0.0000,1437.1199,0.180098,0.983649,88888250,21282
542,3053.2715,5.9051,1440.7345,0.281318,0.959615,88888250,27446
543,3000.0173,0.0000,1454.9438,-0.273375,-0.961908,88888250,19416
544,2975.1709,0.0000,1486.3934,-0.273445,-0.961888,88888250,31454
545,2933.0671,0.0000,1355.9014,-0.999616,-0.027724,88888190,21177
546,2951.1648,0.0000,1279.4991,0.014653,0.999893,88888190,43265
547,2928.5891,0.0000,1268.6871,-0.050403,0.998729,88888190,40609
548,2843.1414,0.0000,1220.3920,0.997024,0.077093,88888190,41981
549,2771.6648,0.0001,1234.4711,0.000000,-1.000000,88888190,32946
550,2740.8984,0.0100,1337.6067,0.982301,0.187309,88888190,18068
551,2732.5100,0.0000,1350.4399,-0.999585,-0.028790,88888190,37038
552,2739.9812,0.0000,1383.0607,-0.999616,-0.027709,88888250,43698
553,2872.8279,0.0000,1386.7439,-0.999616,-0.027713,88888250,32354
554,2878.4548,-0.0007,1436.8114,-0.793966,0.607962,88888250,29147
555,2907.6165,-0.0008,1478.3926,-0.993078,0.117459,88888250,22815
556,2933.2019,0.0002,1515.5356,0.991945,-0.126671,88888250,42203
557,2858.4900,0.0000,1531.1200,0.005299,0.999986,88888250,34539
558,2726.5493,0.0000,1509.8517,0.999645,0.026649,88888250,37239
559,2626.9041,0.0000,1521.4460,-0.666207,-0.745767,88888250,33597
560,2544.1299,0.0000,1457.3427,-0.792057,-0.610448,88888250,36388
561,2554.9355,0.0002,1491.1115,-0.999918,0.012782,88888250,26315
562,2443.6689,0.0000,1499.3762,0.999893,-0.014611,88888250,26485
563,2495.2280,0.0010,1553.6273,-0.835194,-0.549955,88888250,41307
564,2557.1021,0.0010,1503.2314,0.014271,0.999898,88888250,28175
565,2440.4609,0.0000,1557.2272,0.930170,-0.367130,88888250,36505
566,2447.7976,0.0000,1602.7816,0.999993,-0.003822,88888250,38040
567,2569.1499,0.0000,1634.7700,0.999993,-0.003717,88888181,39025
568,2408.0562,0.0000,1595.1143,-0.002496,-0.999997,88888180,42726
569,2333.8228,0.0000,1544.0206,0.002372,0.999997,88888180,29300
570,2382.1812,0.0003,1699.8383,0.000598,-1.000000,88888181,33553
571,2296.8330,0.0003,1659.0493,0.899334,0.437262,88888181,16307
572,2320.3960,0.0000,1581.0255,0.002354,0.999997,88888180,41140
573,2319.4121,0.0000,1371.2582,0.002275,0.999997,88888180,17450
574,2190.7002,0.0000,1377.1028,-0.000122,1.000000,88888180,27924
575,2219.6833,-0.0002,1579.8000,0.799865,0.600180,88888181,33975
576,2225.8501,-0.0002,1577.6857,-0.945943,0.324333,88888181,33971
577,2269.5530,0.0000,1620.9973,-1.000000,-0.000025,88888181,20101
578,2311.2830,-0.0002,1688.1929,-0.888874,-0.458151,88888181,31929
579,2191.7988,0.0000,1620.9971,-1.000000,-0.000027,88888181,43626
580,2130.7668,0.0092,1492.7170,0.564289,0.825577,88888180,19405
581,2178.3701,0.0903,1408.4353,-0.809750,-0.586775,88888180,32806
582,2109.7351,1.8717,1388.2377,0.999969,0.007850,88888180,33412
583,2273.9302,-1.2172,1340.7133,-0.984932,-0.172942,88888180,37635
584,2400.1846,0.0000,1350.9114,-0.999942,-0.010788,88888181,40453
585,2409.9028,0.0000,1378.7311,0.999676,0.025464,88888180,32054
586,2410.6160,0.0230,1291.6210,0.001775,0.999998,88888181,27805
587,2395.9854,1.7866,1264.0900,0.813196,0.581991,88888181,23760
588,2410.9988,0.0072,1221.4678,-0.004391,0.999990,88888181,34647
589,2495.3984,0.0000,1235.5341,0.458563,0.888662,88888190,25711
590,2534.1392,-0.1055,1308.3486,0.999876,0.015774,88888190,16328
591,2531.2664,0.0000,1344.5298,-0.999586,-0.028788,88888190,41257
592,2572.8569,0.0000,1450.2205,0.790839,0.612025,88888250,39402
593,2612.9807,0.0000,1379.5402,-0.999616,-0.027708,88888250,38027
594,2613.1206,0.0004,1495.7179,0.304208,0.952606,88888250,39636
595,2590.5833,-0.1055,1345.8762,-0.999588,-0.028718,88888190,33867
596,2607.2700,-0.0189,1318.6498,0.999993,-0.003657,88888190,15836
597,2708.9746,-0.0160,1321.1404,0.804714,0.593663,88888190,17211
598,2705.4910,0.0100,1240.1635,-0.679698,0.733492,88888190,18704
599,2615.5767,-0.1000,1293.3014,-0.978629,0.205635,88888190,37660
600,2491.3694,0.0099,1192.0793,0.241830,0.970319,88888190,31583
601,2564.7378,0.0000,1122.8185,0.999154,-0.041120,88888190,16966
602,2671.2400,0.0000,1114.6740,0.993234,-0.116133,88888190,22136
603,2516.6902,0.0000,1285.8646,-0.213840,-0.976869,88888190,15773
604,2646.0701,-0.0100,1292.7300,-0.327742,0.944767,88888190,36669
605,2651.4106,-0.0100,1281.2360,-0.905247,0.424887,88888190,17409
606,2604.4253,0.0000,1347.2261,-0.977117,-0.212702,88888190,15763
607,2410.7859,0.0026,1269.9539,-0.007842,0.999969,88888181,24521
608,2389.1018,1.8623,1267.1588,0.813811,0.581129,88888181,23773
609,2378.2322,-0.0291,1256.1763,0.819131,-0.573607,88888181,41948
610,2328.5247,-1.9850,1218.6229,0.814289,-0.580460,88888181,27380
611,2289.6296,-0.0327,1210.6200,0.423560,-0.905868,88888181,17156
612,2288.1067,-0.0295,1290.3253,-1.000000,0.000832,88888181,37947
613,2294.6499,-0.0293,1292.4554,0.194170,-0.980968,88888181,40032
614,2286.7598,0.0000,1349.8700,-0.999972,-0.007450,88888180,37939
615,2175.2405,-0.0297,1290.4192,-0.974842,-0.222898,88888181,32415
616,2407.6548,0.0000,1433.9363,-0.002485,-0.999997,88888180,36365
617,2404.4517,0.0010,1518.5468,-0.999999,0.001717,88888180,30235
618,2333.0356,0.0000,1444.4706,0.002372,0.999997,88888180,36811
619,2333.5623,0.0000,1434.6401,-0.053493,0.998568,88888180,26015
620,2192.9587,0.0000,1577.6899,0.265334,0.964157,88888181,40103
621,2149.1699,0.0000,1642.5500,0.088731,0.996056,88888181,42467
622,2290.9846,-0.0003,1572.5786,0.752914,0.658118,88888180,38892
623,2216.1567,0.0103,1553.7035,0.980591,0.196063,88888181,26454
624,2582.3337,-0.0003,1703.0652,-0.004941,-0.999988,88888181,27608
625,2589.6865,0.0051,1677.3071,-0.978925,-0.204218,88888181,34152
626,2547.0793,-0.0005,1680.4792,0.862603,-0.505882,88888181,39076
627,2559.1548,13.4646,1686.2397,0.971860,0.235558,88888181,37680
628,2547.2664,13.4646,1692.0936,-0.996290,0.086056,88888181,28178
629,2505.0605,13.4492,1672.8624,-0.847592,-0.530649,88888181,26797
630,2600.7007,13.4494,1668.9567,-0.389097,-0.921197,88888181,34856
631,2499.2686,13.4494,1673.9720,-0.997911,0.064609,88888181,28975
632,2628.8301,-0.0001,1729.5345,-0.602658,-0.798000,88888181,25249
633,2588.9805,-0.0004,1730.9021,0.229467,-0.973317,88888181,33327
634,2698.8789,0.0001,1724.4283,0.999356,-0.035879,88888181,31986
635,2643.2253,-0.0000,1711.9706,0.999375,-0.035361,88888181,36980
636,2833.2310,-0.0007,1721.0145,-0.999043,0.043741,88888181,35205
637,2909.1328,-0.0011,1694.2072,0.958483,0.285149,88888181,18624
638,2763.8372,0.0000,1756.3336,-0.999312,0.037095,88888160,16081
639,2632.9531,0.0000,1761.5880,-0.998831,0.048331,88888160,20964
640,2516.8899,0.0000,1837.6801,0.999966,0.008267,88888160,27869
641,2771.3403,0.0000,1831.7500,0.002576,-0.999997,88888160,39052
642,2893.9871,0.0000,1751.6688,-0.999988,0.004800,88888160,28224
643,3049.8638,0.0000,1698.0312,-0.665694,0.746225,88888230,33942
644,3049.1499,0.0000,1607.9100,0.990946,-0.134261,88888230,38296
645,3104.3813,0.0000,1480.2505,0.180145,0.983640,88888250,27322
646,3013.3303,0.0000,1501.7919,0.307549,0.951532,88888250,28533
647,3004.8674,0.0000,1582.7083,0.998549,-0.053859,88888250,35843
648,3019.9600,-0.0016,1509.4993,0.283083,0.959095,88888250,15858
649,3009.4287,21.5555,1533.3733,0.283798,0.958884,88888250,37200
650,2996.3518,21.5555,1537.5754,0.296781,0.954946,88888250,24780
651,2999.0483,0.0000,1618.5496,-0.032766,-0.999463,88888181,43620
652,3017.5532,0.0000,1700.9163,-0.088369,-0.996088,88888181,25060
653,2846.6550,0.0000,1593.5082,-0.999341,0.036295,88888250,16205
654,2767.5510,0.0000,1629.0614,-0.999380,0.035215,88888181,20118
655,2619.7522,0.0000,1599.0558,-0.004182,-0.999991,88888250,36389
656,2584.5686,0.0000,1602.2577,0.999993,-0.003717,88888250,23966
657,2976.9700,0.0000,1588.5599,-0.999387,0.035007,88888250,37146
658,3039.2703,0.0000,1476.6425,-0.907298,-0.420488,88888250,40054
659,3124.9802,0.0000,1515.0043,0.768373,0.640003,88888250,32836
660,3128.1077,0.0000,1532.0829,-0.180125,-0.983644,88888250,32832
661,3189.6274,0.0444,1516.0312,0.974659,-0.223698,88888250,41303
662,3238.8999,0.0444,1468.2000,-0.214862,-0.976644,88888250,24014
663,3105.3616,0.0000,1407.8547,-0.180197,-0.983631,88888250,43327
664,3254.4446,0.0434,1506.3812,0.976209,-0.216830,88888250,27980
665,3249.5886,0.0444,1513.2817,-0.465802,-0.884889,88888232,27493
666,3204.7888,0.0446,1502.4545,0.982594,-0.185767,88888250,22315
667,3178.6572,0.0000,1588.0050,0.975963,-0.217936,88888232,27452
668,3255.2742,0.0000,1557.1449,0.832136,-0.554572,88888232,36842
669,3160.8765,6.2924,1617.3064,-0.983046,0.183361,88888232,30795
670,3101.9744,6.7627,1650.7531,0.893304,-0.449453,88888230,42922
671,3113.8125,0.0000,1454.0144,-0.838593,-0.544758,88888250,33922
672,2724.0176,-0.0007,1471.2484,-0.776466,-0.630159,88888250,19286
673,2720.8008,-0.0007,1437.1608,0.999727,0.023379,88888250,37929
674,2754.2251,-0.0008,1437.9631,-0.999694,-0.024735,88888250,25301
675,2818.9580,0.0313,1480.4221,-0.884206,0.467097,88888250,37008
676,2770.7144,0.0000,1510.9778,0.999917,-0.012873,88888250,34629
677,2882.6836,-0.0007,1414.6177,0.999999,-0.001080,88888250,28979
678,2746.4207,0.0000,1383.2390,0.892828,0.450397,88888250,32304
679,3002.3149,0.0000,1359.5103,0.993002,-0.118097,88888190,40470
680,3044.2102,0.0000,1376.4419,0.977871,-0.209211,88888250,16919
681,3095.1780,0.0000,1429.9807,0.141706,0.989909,88888250,29464
682,3201.8516,0.0000,1181.2749,-0.233718,-0.972304,88888190,33004
683,3390.4229,0.0000,1280.3245,-0.999576,0.029133,88888250,36706
684,3468.2949,0.0000,1279.3496,0.770636,0.637276,88888250,40290
685,3554.9075,0.0000,1304.1633,-0.106514,-0.994311,88888250,35940
686,3560.4199,0.0000,1314.0000,0.135039,0.990840,88888250,27143
687,3553.2368,0.0002,1355.3413,-0.502548,-0.864549,88888250,32814
688,3534.7900,-2.2701,1412.2100,-0.616099,0.787668,88888250,27110
689,3581.7488,0.0000,1447.7646,0.990887,-0.134695,88888250,24065
690,3489.1013,-1.0349,1445.8475,0.420649,0.907223,88888250,24794
691,3582.9048,-0.0016,1474.3419,0.134933,0.990855,88888230,34646
692,3505.8545,0.0558,1532.1868,-0.242485,0.970155,88888230,38154
693,3515.0032,-0.0022,1566.3800,-0.139839,-0.990174,88888232,42280
694,3605.1917,0.0000,1471.2030,0.136024,0.990706,88888240,27794
695,3671.2061,7.4226,1417.2574,-0.992521,0.122074,88888240,20054
696,3588.8174,0.0000,1351.6456,0.136053,0.990702,88888240,24052
697,3675.5085,-1.5437,1331.3174,-0.993344,0.115186,88888240,22386
698,3685.0327,0.0000,1319.1228,0.998014,0.062994,88888240,25104
699,3827.4497,0.0000,1305.5879,0.992451,0.122645,88888240,34538
700,3919.2759,0.0000,1325.8569,0.924811,0.380427,88888240,17001
701,3914.6848,0.0000,1348.7274,0.907297,0.420490,88888240,19134
702,3830.6252,0.0000,1328.7153,0.991842,0.127472,88888240,16293
703,3907.5183,-0.0081,1391.5103,0.735878,-0.677114,88888240,16466
704,3980.0283,0.0000,1444.8715,0.172330,0.985039,88888240,33912
705,3984.4075,0.0000,1533.4806,0.099412,-0.995046,88888240,15635
706,3969.3630,0.0000,1614.6740,-0.991223,0.132204,88888240,18829
707,3946.9321,0.0094,1713.5518,-0.072783,-0.997348,88888221,16538
708,3942.7356,-0.0010,1682.8723,0.708007,0.706206,88888221,17566
709,3905.3711,-0.0010,1642.6575,-0.994934,0.100526,88888220,16958
710,3802.9041,0.0000,1636.8752,-0.991221,0.132212,88888220,18618
711,3755.4590,0.0000,1763.3207,0.999677,0.025427,88888230,31257
712,3776.6699,0.0000,1647.6300,0.084754,0.996402,88888220,17542
713,3768.2700,0.0000,1558.2900,0.099156,0.995072,88888240,44049
714,3923.8442,-0.0012,1561.1654,-0.910304,0.413941,88888240,19792
715,3825.4297,0.0000,1619.7472,0.991219,-0.132229,88888240,43912
716,3750.9524,0.0000,1731.3500,-0.085440,-0.996343,88888230,39363
717,3706.2898,0.0000,1795.8700,-0.997230,0.074385,88888230,25210
718,3799.1060,-0.0010,1688.5337,0.999541,0.030303,88888220,16739
719,3859.7517,0.0090,1649.7179,-0.834402,-0.551157,88888220,17164
720,3869.0000,0.0293,1691.7500,-0.824054,-0.566511,88888220,16697
721,3859.9500,0.0000,1768.8501,0.020722,-0.999785,88888220,41850
722,3860.0522,0.0362,1759.4950,-0.702695,0.711492,88888220,16464
723,3999.5073,0.4612,1666.8490,-0.152186,0.988352,88888220,17221
724,3998.8899,0.0417,1657.3301,0.990559,0.137088,88888220,16246
725,3759.5483,2.9773,1393.6664,0.997592,0.069361,88888240,17808
726,3878.4512,0.0000,1312.6676,0.924903,0.380203,88888240,41614
727,3845.9001,-0.0770,1263.8232,-0.992403,-0.123027,88888260,16905
728,3947.8345,-0.0770,1299.3124,-0.958649,-0.284590,88888240,16429
729,4023.9312,-0.0670,1331.4548,-0.194359,-0.980930,88888260,20515
730,4047.3779,-0.0771,1252.9603,0.713477,0.700678,88888260,33894
731,4012.6885,-0.1050,1124.8997,0.234879,0.972025,88888260,17841
732,4126.6919,-0.0772,1318.2319,0.314899,0.949125,88888261,17582
733,4053.5024,-0.0069,1263.1799,0.713239,0.700921,88888260,33900
734,4068.7351,-0.0771,1273.2611,0.778112,0.628126,88888260,33896
735,4166.0073,-0.1050,928.8931,-0.436424,-0.899741,88888261,16398
736,4161.8901,-0.0770,1427.1899,-0.905712,-0.423893,88888260,17795
737,4107.2124,-0.0771,1390.4418,-0.482824,-0.875717,88888260,18791
738,4106.4971,-0.0770,912.5439,-0.757313,0.653052,88888260,16481
739,4017.9521,-0.0770,1009.1895,0.187419,0.982280,88888260,17986
740,4059.7476,-0.0770,978.6782,0.992452,-0.122631,88888260,17276
741,4040.6326,-1.4872,1014.3284,0.297510,0.954719,88888260,17843
742,4095.5405,-8.0755,1036.4633,0.096966,0.995288,88888260,17069
743,4091.5427,-8.0755,1217.8113,0.750872,0.660447,88888260,18459
744,3966.9001,-0.0138,975.3599,0.997348,0.072780,88888260,15669
745,4019.3467,-0.0770,999.1932,0.213836,0.976870,88888260,17979
746,4026.4087,-0.0770,1083.1597,0.024663,0.999696,88888260,17981
747,4009.7734,-0.0770,984.1479,0.545145,0.838342,88888260,15952
748,4026.1416,-0.0770,1075.0795,-0.152981,0.988229,88888260,17984
749,3722.2969,-0.0400,1252.6564,0.995638,0.093297,88888260,15719
750,3660.0000,0.0000,1071.4000,0.219722,0.975563,88888260,30604
751,3672.9768,0.0000,1284.0023,-0.217196,-0.976128,88888240,37464
752,3616.0898,0.0000,1287.1219,0.997882,0.065052,88888240,20960
753,3541.8999,0.0000,1175.1000,0.132573,0.991173,88888250,35282
754,3553.8840,0.0000,1088.3888,0.132070,0.991240,88888240,25492
755,3633.6089,7.6404,1316.7739,0.997474,0.071037,88888240,29808
756,3679.1096,0.0000,1314.2927,-0.999598,-0.028340,88888240,19250
757,3663.1526,-7.2789,1368.6239,-0.247795,-0.968812,88888240,29604
758,3631.5381,-0.0402,1356.8038,0.993476,-0.114045,88888240,19846
759,3649.4307,-6.4365,1342.7384,-0.968786,-0.247900,88888240,23389
760,3644.2258,-7.2786,1367.4565,0.869890,-0.493246,88888240,26235
761,3665.5278,21.4956,1298.6406,-0.995718,-0.092447,88888240,19871
762,3665.0579,21.4956,1312.0706,-0.995718,-0.092447,88888240,29807
763,3715.8269,-0.0400,1234.9850,0.968799,0.247847,88888260,18858
764,3252.8484,-0.0027,1290.6284,0.902687,0.430299,88888250,18712
765,3278.8826,0.0000,1442.4330,-0.219917,-0.975519,88888250,18736
766,3339.0200,-2.2603,1407.6499,-0.234226,-0.972182,88888250,32250
767,3335.1533,-2.2702,1389.7947,-0.366962,-0.930236,88888250,20042
768,3533.2529,0.0002,1337.0735,-0.287891,-0.957663,88888250,28336
769,3390.5198,0.0000,1492.2300,0.999142,0.041427,88888232,33727
770,3626.0078,0.0000,1771.6759,-0.144211,-0.989547,88888230,30038
771,3441.2000,0.0000,1793.2000,0.996979,-0.077676,88888230,38122
772,3412.8997,0.0000,1827.3857,-0.110602,-0.993865,88888230,36320
773,3432.5002,0.0000,2153.8999,-0.059922,-0.998203,88888230,42316
774,3484.9978,-0.6919,2135.8162,-0.999998,-0.002236,88888231,42741
775,3501.1426,0.0007,2160.2170,-0.999940,0.010984,88888231,32148
776,3379.0046,0.0131,2170.3193,0.950196,0.311654,88888210,32831
777,3271.8459,0.0000,2129.7842,0.930095,0.367320,88888210,35275
778,3227.8118,0.0000,2110.1985,0.355769,-0.934574,88888210,29285
779,3132.8784,0.0000,2079.1599,0.949006,0.315257,88888210,24859
780,3070.4021,-0.0067,2004.5205,-0.182708,-0.983167,88888160,27346
781,3043.7744,-0.0087,1856.6840,-0.520163,-0.854067,88888160,29577
782,3192.7156,0.0000,1946.0157,0.986271,-0.165133,88888230,36179
783,3207.4900,0.0000,2080.8899,0.396665,0.917963,88888230,23382
784,3227.5999,0.0000,2073.0000,-0.182185,-0.983264,88888230,40401
785,3291.7466,-0.1100,2076.4006,-0.427283,0.904118,88888230,33559
786,3304.0134,-0.1100,1951.9330,0.126506,0.991966,88888230,43580
787,3362.6101,0.0000,1829.6101,0.060128,0.998191,88888232,35170
788,3339.5088,0.0000,1796.1173,0.998158,-0.060675,88888232,38554
789,3332.4033,0.0000,1717.6616,-0.060304,-0.998180,88888232,36714
790,3367.3726,0.0000,1799.3309,0.998001,-0.063193,88888230,35968
791,3354.8464,0.0000,2112.8408,0.037659,0.999291,88888232,38187
792,3267.1877,0.0000,2103.7173,-0.932399,-0.361432,88888230,19843
793,3376.7258,0.0000,2071.8369,0.031227,0.999512,88888232,26808
794,3287.0576,-0.1100,1893.3586,0.495631,0.868533,88888230,38449
795,3108.6074,-0.0411,2030.9746,-0.179290,-0.983796,88888230,30912
796,3154.9766,-0.0002,1985.3820,0.181534,0.983385,88888230,35271
797,3085.5945,0.0000,1904.4246,0.171015,0.985268,88888230,42078
798,2972.9619,0.0000,2066.0742,-0.720203,0.693764,88888160,40006
799,2972.8486,0.0000,2207.2866,0.466994,-0.884261,88888140,29695
800,3003.9543,0.0000,2211.1177,0.987185,0.159581,88888140,20669
801,3105.3879,0.0101,2199.9482,-0.161691,-0.986841,88888140,19896
802,3144.1753,0.0000,2235.6992,-0.161678,-0.986844,88888210,26109
803,3183.3152,0.0001,2131.3867,0.652597,-0.757705,88888210,32990
804,3137.9910,0.0000,2197.9529,-0.161671,-0.986845,88888210,31585
805,3158.6147,0.0000,2268.2925,-0.928502,-0.371328,88888210,40892
806,3309.7500,0.0000,2324.8198,-0.942061,-0.335442,88888210,26006
807,3097.2021,0.0000,2278.1680,-0.386731,-0.922193,88888140,19656
808,3006.2649,0.0000,2244.5920,0.974960,0.222379,88888140,23532
809,2883.8901,0.0000,2329.3701,0.999999,-0.001332,88888140,25203
810,2853.1111,-0.1100,2377.8801,-0.002825,0.999996,88888140,33218
811,2867.2300,0.3152,2436.6602,0.008432,-0.999964,88888140,39700
812,2871.2083,0.3152,2381.5737,0.666448,0.745551,88888140,21457
813,2914.4204,0.0000,2398.7385,-0.002482,0.999997,88888140,36380
814,2913.7600,0.0000,2518.6973,0.002314,0.999997,88888140,20700
815,2814.7148,-0.1100,2510.4783,-0.955068,0.296387,88888140,43872
816,2782.4929,0.0000,2464.2400,-0.066324,-0.997798,88888140,23236
817,2738.4927,0.0000,2423.9407,-0.521498,-0.853252,88888140,31944
818,2781.8721,0.0000,2334.9043,0.999998,0.002163,88888140,34496
819,2769.4275,0.1170,2296.8440,-0.995200,0.097859,88888140,38349
820,2767.8164,0.0000,2245.4104,-0.999817,0.019134,88888140,30615
821,2725.2498,0.0000,2315.7344,0.951613,-0.307300,88888140,35750
822,2681.9202,0.0000,2247.0581,-0.999815,0.019215,88888140,29137
823,2639.4380,0.0000,2250.6123,-0.008713,0.999962,88888140,42961
824,2577.8408,0.0000,2257.4138,0.999544,0.030200,88888130,32150
825,2634.1880,0.0000,2250.5664,-0.008713,0.999962,88888140,42962
826,2640.6201,0.0000,2215.9399,-0.332375,-0.943147,88888140,38534
827,2680.8591,0.0000,2147.3074,-0.999999,-0.001395,88888140,23886
828,2683.5938,0.0000,2200.5139,-0.020099,-0.999798,88888140,35785
829,2772.4500,0.0000,2210.2520,0.687405,-0.726274,88888140,22308
830,2809.7488,0.0000,2214.4966,0.058868,0.998266,88888140,26496
831,2882.1521,0.0000,2211.2451,-0.999842,0.017797,88888140,23951
832,2958.8469,0.0000,2207.2583,0.723164,-0.690676,88888140,25109
833,2958.7166,0.0000,2136.2180,-0.700167,0.713979,88888140,39332
834,2797.6165,0.0000,2063.3672,1.000000,0.000030,88888140,27661
835,2795.5850,0.0000,2136.2717,-0.086906,-0.996216,88888140,29045
836,2770.5142,0.0000,2147.4482,-0.724579,-0.689192,88888140,41354
837,2727.1003,0.0000,2131.2200,-0.003684,-0.999993,88888140,32256
838,2681.3450,0.0000,2130.5859,-0.107016,-0.994257,88888140,17136
839,2647.5029,0.0000,2067.3591,-0.999883,-0.015323,88888140,36499
840,2606.1431,0.0000,2066.7424,-0.999924,-0.012311,88888140,39875
841,2575.7874,0.0000,2125.7268,0.018207,-0.999834,88888130,40962
842,2536.2256,-0.1100,2142.9543,-0.850986,-0.525188,88888130,38848
843,2534.1238,-0.1100,2213.1672,0.006205,-0.999981,88888130,15984
844,2534.6267,-0.1100,2136.0947,-0.700065,0.714080,88888130,38843
845,2598.0581,0.0000,2154.3801,-0.004351,0.999991,88888140,39969
846,2631.7122,0.0000,2133.2319,0.891212,-0.453588,88888140,36726
847,2534.2407,-0.1100,2254.0190,0.011637,0.999932,88888130,32541
848,2567.1299,0.0000,2328.7800,-0.999995,-0.003076,88888130,36982
849,2450.8181,0.0000,2250.8831,0.999845,-0.017593,88888130,34383
850,2443.5940,0.0000,2155.5566,-0.733021,-0.680206,88888130,40766
851,2489.5688,0.0000,2092.7385,0.948490,0.316807,88888130,42263
852,2451.2217,0.0003,2015.4536,0.929873,0.367880,88888160,23365
853,2551.8916,0.0000,2043.2542,0.999178,0.040532,88888160,28079
854,2619.2375,0.0000,2044.2937,0.999975,0.007040,88888160,17374
855,2700.7317,-0.1100,1960.8040,0.020601,-0.999788,88888160,24420
856,2705.9812,-0.1100,1960.8757,0.020609,-0.999788,88888160,24421
857,2701.5000,0.0000,1852.5499,-0.999984,-0.005570,88888160,26890
858,2763.6006,0.0000,1853.4648,-0.999730,-0.023237,88888160,27928
859,2604.8730,-0.1100,1922.4657,-0.856470,-0.516196,88888160,28068
860,2596.7798,-0.1100,1921.9901,-0.999874,-0.015875,88888160,32233
861,2536.4597,-0.1100,1916.4600,-0.999970,-0.007764,88888160,43287
862,2449.0728,0.0000,1913.8558,0.012382,0.999923,88888160,40224
863,2537.4912,0.0000,1851.7306,-0.999952,-0.009845,88888160,29520
864,2544.9727,-0.1100,1916.9196,-0.740794,0.671733,88888160,32531
865,2453.3000,-0.1100,1976.1001,0.999838,0.017992,88888160,27362
866,2541.6785,-0.1100,2015.4436,0.012731,-0.999919,88888160,24108
867,2619.4397,-0.1100,1978.6000,0.999838,0.017973,88888160,23904
868,2598.0891,-0.1100,1976.8586,0.001987,-0.999998,88888160,24605
869,2545.5872,0.0000,1851.3960,-0.999147,0.041293,88888160,21729
870,2603.4634,-0.1100,1915.6960,0.700691,0.713465,88888160,28059
871,2598.2134,-0.1100,1915.6853,0.975177,0.221427,88888160,28063
872,2544.1733,-0.1100,1977.2522,-0.709752,0.704451,88888160,17310
873,2426.9646,-0.0054,1818.7288,-0.954965,-0.296717,88888160,43971
874,2425.1501,0.0444,1806.4600,-0.085056,0.996376,88888160,43968
875,2371.7288,8.0202,1846.7461,-0.017089,-0.999854,88888160,23235
876,2410.1384,0.0230,1849.7230,0.859282,0.511502,88888160,30525
877,2377.8066,0.5460,1830.7300,-0.999997,-0.002292,88888160,24032
878,2425.4751,0.0320,1854.0868,-0.659038,0.752110,88888160,28206
879,2317.9001,0.0000,1926.3002,0.947968,-0.318365,88888160,26371
880,2317.7419,-0.0965,1918.1647,0.947594,0.319477,88888160,26368
881,2426.4028,0.0000,2025.8008,0.627027,0.778997,88888160,43683
882,2322.5046,0.0000,2049.5957,-0.006093,-0.999981,88888130,37031
883,2361.2446,-0.1000,2064.9031,-0.971169,0.238390,88888130,25892
884,2371.3213,-0.1100,2129.7163,-0.012148,-0.999926,88888130,39448
885,2310.0200,0.0000,2134.1899,1.000000,0.000823,88888130,26085
886,2214.0500,0.0000,2134.1104,1.000000,0.000797,88888130,24462
887,2214.2305,-0.1100,2092.9661,1.000000,-0.000963,88888130,35759
888,2246.7400,0.0000,2030.4900,-0.999753,0.022217,88888150,39043
889,2295.6262,0.0000,1926.2301,-0.008780,0.999961,88888150,24339
890,2295.3801,0.0000,1776.3700,0.002245,0.999997,88888150,36582
891,2163.2903,0.0000,1916.8757,-0.003409,-0.999994,88888150,33817
892,2222.6147,0.0000,1769.6584,0.999942,-0.010760,88888150,39791
893,2134.8921,0.0000,1740.7812,0.008239,0.999966,88888180,36700
894,2042.4718,-0.1100,1777.8387,0.011049,0.999939,88888150,22122
895,2136.1235,-0.1100,1832.4393,-0.999645,-0.026631,88888150,32688
896,1934.4800,-0.1100,1887.1000,0.998418,-0.056232,88888150,19899
897,1929.8999,0.0000,1889.2999,-0.003184,0.999995,88888150,20658
898,1906.8593,0.0000,1782.3896,0.999982,0.006018,88888150,36333
899,1893.5408,-0.1100,1851.3823,-0.999791,-0.020439,88888150,27179
900,1752.2963,-0.1100,1849.9938,0.999880,-0.015507,88888150,21742
901,1897.6243,0.0000,1899.8356,0.003098,-0.999995,88888150,18512
902,1735.6947,-0.1100,1904.0618,1.000000,0.000303,88888150,20918
903,1708.0289,9.5735,1976.2335,-0.009202,0.999958,88888150,38403
904,1708.8195,0.0000,1802.2676,-0.000516,1.000000,88888150,32847
905,1896.8400,0.0000,1776.9200,-1.000000,0.000030,88888150,29565
906,1739.6339,-0.1100,1850.0752,0.959205,-0.282710,88888150,20601
907,1592.5316,0.0000,1777.3900,1.000000,0.000510,88888150,32943
908,1584.7546,-0.0002,1910.2896,0.004086,-0.999992,88888150,27635
909,1628.8181,0.9303,1912.5704,-0.999399,0.034662,88888150,41162
910,1640.3744,-0.1080,1955.4510,0.997904,-0.064709,88888150,41283
911,1584.8287,0.0250,2023.2291,0.002346,-0.999997,88888150,29687
912,1553.0236,0.0003,2054.2307,0.999212,-0.039697,88888110,30518
913,1644.3915,0.0200,2029.8469,0.990302,-0.138933,88888150,40661
914,1702.8505,0.0202,1959.7905,0.011314,0.999936,88888150,42288
915,1757.1096,-0.1100,2065.4751,-0.001826,0.999998,88888110,20433
916,1735.7802,-0.1100,2114.8545,-0.214722,0.976675,88888110,38750
917,1726.7157,-0.1100,2117.1982,0.968160,-0.250332,88888110,38744
918,1729.7919,-0.1100,2112.9438,0.952683,0.303967,88888110,38740
919,1662.7629,0.0000,2091.3574,0.711365,-0.702823,88888110,38648
920,1604.3705,-0.1100,2090.8845,0.579440,-0.815015,88888110,30760
921,1622.3739,0.0000,2150.1785,-0.958978,0.283481,88888110,40603
922,1729.2976,-0.1100,2217.4744,-0.013352,-0.999911,88888110,33171
923,1809.3536,-0.1100,2169.7119,-0.999979,-0.006528,88888110,41273
924,1892.6801,-0.1100,2139.5000,-0.999976,-0.006894,88888121,35572
925,1892.2024,0.0000,2035.9631,-0.003990,0.999992,88888150,19847
926,1805.7400,0.0000,2055.2200,-0.999978,-0.006609,88888110,35951
927,1738.5400,0.0000,2032.3600,0.999978,0.006636,88888150,16874
928,1948.1851,0.0100,2031.9729,-0.040882,-0.999164,88888150,17080
929,1936.9100,0.0000,2033.9399,0.999972,-0.007431,88888150,31781
930,1929.0900,0.0000,2063.6001,-0.003084,0.999995,88888121,40635
931,1995.4133,0.0000,2137.5056,-0.912290,0.409544,88888121,41486
932,1993.4524,0.0043,2221.2053,-0.006765,0.999977,88888121,42014
933,1953.1726,-0.0057,2266.0085,-0.679983,0.733228,88888121,20453
934,1942.5861,-0.1086,2275.3677,-0.042992,-0.999075,88888121,39519
935,1929.2393,-0.0194,2365.8474,0.000234,-1.000000,88888121,42682
936,1892.3700,-0.1100,2318.2803,-0.999876,0.015755,88888121,31562
937,1826.1525,-0.1100,2319.3237,-0.999961,-0.008820,88888121,27439
938,1731.1367,0.0000,2310.4500,0.924034,0.382311,88888120,43502
939,1739.4386,0.0000,2360.9402,0.999975,-0.007128,88888120,42310
940,1736.1548,0.0000,2404.1355,0.003059,-0.999995,88888090,37026
941,1712.9014,-0.1100,2357.6667,-0.999594,-0.028495,88888110,41279
942,1644.1945,-0.1100,2355.3965,0.998791,0.049166,88888110,31932
943,1570.4500,-0.1100,2346.4600,0.998806,0.048855,88888110,22113
944,1679.1931,-0.1100,2312.1104,-0.999900,-0.014156,88888110,26342
945,1719.4722,0.0000,2257.7073,0.999959,-0.009098,88888110,31901
946,1789.6075,0.0000,2251.8120,1.000000,-0.000043,88888120,36621
947,1819.5048,-0.1100,2310.3508,-0.419004,0.907984,88888120,27428
948,1865.6378,0.0000,2376.4519,0.045511,0.998964,88888121,39648
949,1804.9265,0.0000,2391.9465,-0.976408,0.215933,88888120,23376
950,1882.7081,0.0000,2193.7351,-0.777390,0.629018,88888121,29044
951,1898.4475,0.0000,2132.6228,-0.642579,0.766220,88888121,36496
952,1893.9055,-0.0027,2209.7085,0.353650,0.935378,88888121,19339
953,1937.4125,0.0000,2221.5032,-0.003536,0.999994,88888121,27633
954,1894.6899,0.0000,2270.9998,-0.007068,0.999975,88888121,31542
955,1891.3485,-0.0899,2221.3887,0.004715,0.999989,88888121,35956
956,1967.3096,-0.1100,2139.0898,-0.999932,-0.011702,88888121,19730
957,1738.1711,0.0000,2220.1155,0.999980,-0.006273,88888110,38305
958,1614.0714,0.0000,2252.2139,-0.002830,-0.999996,88888110,34952
959,1564.1168,0.0000,2253.1396,-0.003147,-0.999995,88888110,40529
960,1490.3300,-0.1100,2260.6899,0.003023,0.999995,88888110,23853
961,1434.9330,-0.0002,2224.3770,0.997996,0.063279,88888110,33839
962,1467.0990,0.0225,2197.6821,0.003968,0.999992,88888110,33382
963,1421.5364,0.0125,2164.7615,-0.999982,0.006030,88888110,19961
964,1588.1217,0.0000,2159.8806,-0.997424,0.071730,88888110,34481
965,1565.0474,0.0000,2145.1387,-0.927129,-0.374743,88888110,20457
966,1510.6080,0.0200,2156.5474,-0.940062,0.341004,88888110,23127
967,1401.3445,0.0000,2259.3132,0.993731,0.111799,88888081,42662
968,1426.4008,0.0000,2440.5481,0.001236,-0.999999,88888090,33214
969,1486.5328,-0.1100,2271.6169,-0.136452,0.990647,88888110,38647
970,1504.4149,0.0000,2345.4167,-0.583796,0.811900,88888110,40625
971,1536.6057,-0.1100,2344.7573,0.998601,0.052873,88888110,42532
972,1635.8055,-0.1100,2354.8896,0.877029,-0.480437,88888110,29507
973,1570.8198,0.0000,2392.4700,-0.672436,-0.740156,88888110,37797
974,1508.1226,0.0000,2391.7534,0.999993,0.003669,88888110,29099
975,1567.5200,-0.1100,2410.1055,0.008589,0.999963,88888110,33784
976,1651.1458,-0.1100,2410.4121,0.000000,1.000000,88888090,35362
977,1644.2876,0.0000,2478.7170,-0.999978,0.006671,88888090,20170
978,1575.6228,0.0000,2502.2114,1.000000,-0.000623,88888090,36462
979,1467.7418,0.0000,2501.8684,0.999999,-0.001330,88888090,23171
980,1451.4487,0.0000,2456.0315,0.593119,-0.805115,88888090,37811
981,1403.7720,0.0013,2440.4009,0.703897,0.710302,88888081,29027
982,1403.7170,0.0000,2505.4861,0.001239,-0.999999,88888081,28524
983,1665.9840,-0.1108,2617.6074,-0.006175,-0.999981,88888090,24132
984,1545.2701,-0.1108,2509.2864,-0.004091,0.999992,88888090,28113
985,1735.1388,0.0000,2524.7759,-1.000000,-0.000396,88888090,21433
986,1815.3527,0.0000,2496.7524,-1.000000,-0.000789,88888120,29008
987,1822.0526,-0.1100,2556.2249,0.008797,-0.999961,88888090,22415
988,1774.1764,-0.1100,2531.2449,-0.003877,-0.999992,88888090,29556
989,1710.7775,0.0000,2556.6938,0.704824,0.709383,88888090,28586
990,1708.4673,0.0000,2498.4692,-0.006613,0.999978,88888090,30084
991,1540.2664,-0.1108,2529.3335,-0.002570,-0.999997,88888090,36486
992,1684.7976,0.0000,2665.1221,0.713503,0.700653,88888090,35818
993,1403.5801,-0.0398,2615.9722,0.001242,-0.999999,88888081,42383
994,1298.3634,0.0000,2666.1670,-0.960102,-0.279651,88888080,18352
995,1209.7692,-0.0890,2634.9377,0.325842,-0.945424,88888080,38199
996,1038.9744,0.0000,2542.4292,-0.809200,-0.587534,88888080,18242
997,893.4010,0.0000,2392.8311,0.870529,0.492118,88888020,25328
998,834.2219,-0.1100,2358.5352,0.885827,-0.464016,88888020,22407
999,904.7338,0.0060,2350.9797,0.816070,0.577954,88888020,27637
1000,907.8099,0.0200,2293.3000,0.607897,-0.794016,88888020,21394
1001,853.3795,-0.1100,2210.3223,0.804923,0.593380,88888020,36547
1002,904.7086,-0.1100,2256.6501,-0.602547,0.798083,88888020,19850
1003,850.3500,-0.1100,2214.5000,0.804917,0.593388,88888020,34495
1004,875.0421,-0.1100,2183.4700,0.806599,0.591098,88888020,20908
1005,871.9388,-0.1100,2187.7048,0.806599,0.591098,88888020,20909
1006,934.9821,-0.1100,2229.0588,-0.354711,-0.934976,88888020,34089
1007,996.1400,-0.1100,2136.7400,-0.602494,0.798123,88888020,16650
1008,856.6651,0.0000,2113.5479,0.614516,-0.788904,88888020,36522
1009,995.7831,-0.1100,2077.0808,-0.995463,0.095151,88888040,41887
1010,927.7131,-0.1100,2082.9934,0.621309,-0.783566,88888040,42216
1011,898.5125,-0.1100,2061.9673,0.786998,0.616956,88888040,43136
1012,932.7303,0.0000,2014.0802,-0.142393,0.989810,88888040,29256
1013,972.0578,-0.1100,2055.2957,-0.772864,-0.634572,88888040,28246
1014,1006.2870,0.0000,2015.4301,0.283018,0.959115,88888040,36433
1015,1048.2621,0.0000,2053.1677,-0.740096,-0.672501,88888040,19890
1016,1011.5412,-0.1100,2103.9768,-0.163828,-0.986489,88888040,42453
1017,929.7032,-0.1100,2088.4219,-0.987463,0.157848,88888040,36089
1018,1001.9883,-0.1100,2073.0774,0.078912,0.996882,88888040,28269
1019,1091.9019,0.0102,2095.2625,0.531935,-0.846785,88888040,20917
1020,1137.3441,0.0000,2078.2837,0.645481,-0.763776,88888040,21243
1021,1158.4496,-0.1100,2046.8170,-0.727794,-0.685795,88888040,42957
1022,1161.6033,0.0000,2105.5085,0.776606,0.629987,88888110,40261
1023,1242.5400,-0.1100,2020.1300,-0.639865,0.768487,88888110,23439
1024,1228.1971,-0.1100,2037.4366,0.990690,-0.136137,88888110,32633
1025,1248.2146,-0.1100,2022.9128,-0.081789,-0.996650,88888110,29190
1026,1348.0498,-0.1070,2073.1799,-0.778913,-0.627132,88888110,34337
1027,1332.7456,-0.1100,2087.0227,-0.765229,-0.643759,88888110,27889
1028,1296.7531,0.0000,2178.5906,0.910812,0.412821,88888110,24061
1029,1389.3053,0.0000,2248.8931,-0.838874,-0.544326,88888081,27896
1030,1235.4005,-0.0860,2188.5676,-0.922187,-0.386744,88888081,21752
1031,1167.2771,-0.1100,2176.0806,-0.574733,0.818341,88888080,37963
1032,1154.5913,-0.1100,2185.0452,-0.526025,0.850469,88888080,17765
1033,1122.4099,-0.1100,2242.6599,-0.559632,0.828742,88888080,27507
1034,1122.6061,-0.1100,2230.9023,0.268349,0.963322,88888080,43314
1035,1039.5344,-0.1100,2250.3223,0.961525,0.274717,88888020,43395
1036,1014.9167,-0.1100,2331.3916,0.766546,0.642189,88888080,42201
1037,1035.0281,-0.0089,2354.7046,0.304764,0.952428,88888080,44202
1038,1053.3467,2.7064,2432.3728,0.108467,0.994100,88888080,36745
1039,1047.3639,2.6091,2393.7131,0.164042,0.986453,88888080,36746
1040,1011.5452,-0.1100,2335.4160,0.766544,0.642192,88888080,42202
1041,1085.3453,2.4967,2461.7107,-0.996864,0.079133,88888080,34719
1042,1110.1261,6.2167,2396.5632,-0.001088,-0.999999,88888080,22455
1043,1107.5886,8.4812,2356.5872,-0.999882,-0.015364,88888080,36546
1044,1123.7332,-0.0851,2327.1248,0.999915,-0.013059,88888080,20451
1045,1166.3475,-0.0180,2316.1411,-0.009959,-0.999950,88888081,29842
1046,1171.9000,0.0184,2231.5291,0.855908,0.517128,88888080,35661
1047,1219.5601,-0.0936,2224.1299,-0.768914,0.639353,88888081,33620
1048,1131.7476,-0.1100,2177.9104,0.844208,0.536016,88888080,19299
1049,1109.7889,0.0000,2118.6643,0.832002,0.554773,88888080,38630
1050,914.1697,0.0000,2134.3738,-0.992406,0.123006,88888040,37321
1051,998.2924,-0.1100,2170.4302,-0.998547,-0.053891,88888020,28249
1052,1069.8726,-0.1100,2161.9590,-0.983867,0.178899,88888020,27541
1053,1063.0814,-0.1100,2168.5054,-0.986215,0.165470,88888020,27540
1054,1007.0919,0.0004,2248.7869,-0.258669,0.965966,88888020,41980
1055,966.6600,-0.1100,2236.9197,0.831520,-0.555495,88888020,32926
1056,1010.2159,0.0000,2263.6016,0.548910,-0.835881,88888020,25246
1057,979.3383,0.0000,2310.6250,-0.324040,-0.946043,88888080,23087
1058,979.1929,-0.1100,2174.2737,-0.019354,-0.999813,88888020,22790
1059,1111.9056,-0.1100,2165.7839,0.993658,-0.112445,88888080,36623
1060,1224.6251,-0.0348,2186.4360,0.730890,-0.682495,88888080,31768
1061,1172.6562,-0.1100,2267.8691,-0.999937,-0.011220,88888080,30994
1062,1112.8711,0.0061,2321.9023,-0.003074,-0.999995,88888080,41676
1063,1076.4113,-0.1100,2295.4956,0.613893,-0.789389,88888020,27138
1064,1102.4056,-0.1100,2263.4526,0.993111,-0.117178,88888080,42552
1065,1062.4722,-0.1100,2319.7192,0.502346,0.864667,88888080,19640
1066,1158.3978,-0.1100,2262.4590,0.762884,0.646536,88888080,31001
1067,1216.8583,-0.0805,2268.8142,0.014806,-0.999890,88888081,29396
1068,1354.8969,0.0780,2310.3049,0.039149,0.999233,88888081,27337
1069,1326.1558,0.6047,2290.4053,0.788264,0.615338,88888081,27339
1070,1321.1235,3.5265,2417.9941,-0.994859,-0.101269,88888081,20302
1071,1264.7452,3.2497,2419.0195,-0.486237,-0.873827,88888081,31549
1072,1258.5535,8.0142,2494.0146,0.957912,0.287063,88888080,16783
1073,1285.8411,10.5835,2515.3499,0.412591,-0.910916,88888081,16105
1074,1321.4324,9.9994,2560.4246,-0.734670,0.678425,88888081,26974
1075,1333.4451,9.2589,2598.7910,-0.823009,-0.568028,88888081,29480
1076,1314.5798,10.0083,2571.3235,0.476844,-0.878988,88888081,31626
1077,1309.6196,9.9994,2574.0881,0.484452,-0.874818,88888081,29475
1078,1336.8982,9.2589,2607.8650,-0.481373,-0.876516,88888081,30923
1079,1242.6836,0.0390,2607.1775,0.967737,0.251962,88888081,34869
1080,1165.8586,2.1781,2523.8425,-0.997614,-0.069034,88888080,39504
1081,1115.1919,1.6679,2485.1348,0.177961,0.984038,88888080,33714
1082,1152.2400,4.7100,2429.5601,0.999986,0.005273,88888080,32695
1083,1113.7930,3.7827,2439.6455,-0.302882,-0.953028,88888080,31739
1084,1130.1100,8.6420,2386.6699,0.319260,-0.947667,88888080,17812
1085,1206.6178,3.3215,2402.1106,-0.999997,-0.002520,88888080,43104
1086,1217.1698,4.0578,2423.5149,0.200870,-0.979618,88888080,26077
1087,1147.0366,1.3093,2520.9238,0.815881,0.578220,88888080,38510
1088,1126.2715,0.0000,2552.4724,0.847868,0.530208,88888080,23932
1089,1045.0059,-0.0929,2496.5405,-0.241649,-0.970364,88888080,37654
1090,951.5298,0.0000,2429.5789,0.821854,0.569698,88888080,40339
1091,972.9999,-0.1100,2373.7163,0.747570,0.664184,88888080,44209
1092,937.4063,0.0003,2388.9624,-0.778156,0.628071,88888080,19958
1093,996.0759,0.0040,2348.2908,-0.836288,-0.548291,88888080,35270
1094,976.0807,-0.1100,2369.4653,0.428096,0.903733,88888080,22755
1095,1006.7175,-0.1100,2389.7881,-0.915414,0.402515,88888080,15646
1096,1069.8414,1.9905,2467.2246,-0.996420,0.084542,88888080,29618
1097,1324.6525,8.8723,2508.7058,0.726227,-0.687455,88888081,23181
1098,1329.8849,8.3124,2505.8647,0.996293,0.086027,88888081,26549
1099,1335.9489,8.6945,2515.5933,-0.369742,-0.929134,88888081,24413
1100,1328.3413,9.9973,2555.9482,0.703174,-0.711018,88888081,25124
1101,1349.4320,5.2015,2426.8445,0.263854,-0.964563,88888081,15759
1102,1330.3811,8.0100,2483.3679,0.358333,-0.933594,88888081,27226
1103,1332.7948,7.9998,2465.7996,0.423845,-0.905735,88888081,31679
1104,1303.9995,8.2244,2444.9788,-0.972845,0.231458,88888081,31379
1105,1261.1211,0.0402,2345.7166,-0.734001,-0.679148,88888081,31470
1106,1329.4965,0.4994,2364.8826,-0.820413,0.571772,88888081,31840
1107,1115.5959,-0.0850,2326.5234,-0.999876,-0.015759,88888080,29702
1108,1036.6924,-0.0978,2349.5493,0.449864,0.893097,88888080,32026
1109,1005.5780,-0.1100,2330.4170,0.994598,0.103799,88888080,31438
1110,1240.4464,-0.0761,2148.9387,0.562458,-0.826826,88888110,34916
1111,1280.3750,-0.1100,2051.7327,-0.089372,-0.995998,88888110,25054
1112,1221.0958,0.0002,2140.7625,0.882302,0.470683,88888110,40739
1113,1274.3943,-0.1100,2162.6987,0.622554,-0.782577,88888110,36361
1114,1210.2079,-0.1100,2129.4333,0.632167,-0.774833,88888110,40594
1115,1271.7535,-0.1100,2064.6365,-0.783579,0.621293,88888110,20738
1116,1328.8297,-0.1000,2051.3181,-0.783256,-0.621699,88888110,30129
1117,1277.8312,-0.1100,1974.4712,-0.462086,0.886835,88888110,37631
1118,1333.9662,-0.1002,2025.9471,-0.769575,-0.638556,88888110,30321
1119,1360.3003,-0.1100,2048.0293,-0.362800,-0.931867,88888110,22241
1120,1396.4507,0.0000,2002.9915,-0.923404,-0.383829,88888110,29773
1121,1289.0093,0.0000,1919.1167,-0.956764,0.290866,88888110,42496
1122,1252.6000,0.0000,1962.9200,-0.645614,0.763664,88888110,19380
1123,1193.8798,-0.0000,1977.3501,-0.762547,-0.646933,88888040,23995
1124,1279.0269,0.0000,1910.6388,-0.625198,0.780466,88888040,20716
1125,1228.8992,0.0000,1866.8043,0.318210,0.948020,88888040,29161
1126,1235.7800,0.0000,1871.6602,-0.996326,-0.085644,88888040,29162
1127,1160.5071,-0.1100,1872.9865,-0.770672,-0.637232,88888040,16628
1128,1132.9355,-0.1100,1854.9789,0.869876,-0.493270,88888040,23188
1129,1142.5071,9.7800,1826.2449,-0.623375,0.781923,88888040,26005
1130,1087.0900,-0.1100,1910.0500,0.639479,-0.768809,88888040,42295
1131,1072.4822,-0.1100,1826.0481,0.790980,0.611842,88888040,32060
1132,1007.0200,0.0000,1848.7690,-0.766645,-0.642071,88888040,20320
1133,937.9630,-0.0600,1748.7883,-0.662597,0.748976,88888040,43655
1134,1032.4700,-0.1100,1799.2900,0.630600,-0.776108,88888040,37877
1135,1012.9501,-0.0878,1752.0900,-0.760239,-0.649643,88888040,20806
1136,878.2726,0.0000,1740.0372,0.066616,0.997779,88888040,32578
1137,867.0801,0.0000,1753.4600,1.000000,-0.000993,88888040,32469
1138,845.6162,-0.1100,1801.6514,0.644654,-0.764474,88888040,27059
1139,861.5699,0.0000,1852.5099,0.774147,0.633006,88888040,22849
1140,975.7224,-0.1100,1904.9802,-0.772404,-0.635132,88888040,29379
1141,1013.8158,0.0185,1930.7126,-0.864415,0.502779,88888040,20557
1142,1002.8301,0.0000,1867.1000,-0.766558,-0.642175,88888040,38020
1143,922.3151,-0.1100,1868.0105,-0.764601,-0.644504,88888040,17621
1144,879.2464,-0.1100,1831.7551,-0.782656,-0.622454,88888040,17851
1145,909.9324,-0.1100,1823.5419,-0.629684,0.776851,88888040,27750
1146,923.7509,-0.1100,1807.0746,-0.645762,0.763539,88888040,18792
1147,941.1498,-0.1100,1883.4022,0.775510,0.631335,88888040,26647
1148,944.4638,-0.1100,1879.3302,0.322065,0.946718,88888040,26644
1149,1071.5577,-0.1100,1928.8628,-0.638915,0.769277,88888040,19842
1150,1080.9816,-0.1100,1968.2876,-0.149256,0.988799,88888040,33355
1151,1088.3855,0.0000,2046.5430,0.751599,0.659620,88888040,35979
1152,990.7144,0.0000,1959.0980,0.878895,-0.477015,88888040,37262
1153,1039.7417,-0.1100,1956.4448,0.993108,-0.117203,88888040,20588
1154,1036.4514,-0.1100,1960.5359,0.995465,-0.095124,88888040,20590
1155,963.7499,0.0000,1936.6500,0.772535,0.634972,88888040,33997
1156,896.0328,-0.1100,1927.8436,-0.649801,0.760104,88888040,43209
1157,848.5400,0.0000,1882.8300,-0.770355,-0.637615,88888040,31915
1158,812.3343,-0.1100,1934.5299,0.658149,-0.752888,88888040,24691
1159,806.8098,-0.1100,1940.8502,-0.658166,0.752873,88888040,39941
1160,750.2999,-0.1100,1891.7700,0.770565,0.637361,88888040,19723
1161,802.8571,-0.1100,1937.3949,-0.658166,0.752873,88888040,39942
1162,732.2012,0.0000,1980.4240,0.761056,0.648686,88888040,35042
1163,701.7110,0.0081,1986.1700,-0.749360,-0.662163,88888010,28216
1164,830.7564,0.0092,2101.6077,-0.028887,-0.999583,88888010,43145
1165,820.4238,-0.1100,2016.2913,0.148024,-0.988984,88888040,36226
1166,816.1509,-0.1100,2010.6128,-0.756363,-0.654153,88888040,25874
1167,819.5853,-0.1100,2006.6418,-0.756363,-0.654153,88888040,25875
1168,907.6442,-0.1100,2002.4072,-0.772864,-0.634572,88888040,31152
1169,864.6888,-0.1100,1967.1381,0.443444,-0.896302,88888040,28236
1170,957.9238,0.0000,1983.5710,-0.636734,0.771083,88888040,29532
1171,760.1779,0.0000,2182.6248,0.658002,-0.753016,88888010,28588
1172,752.8918,-0.0449,2219.1616,-0.957806,-0.287416,88888020,34835
1173,827.0920,-0.0008,2202.1335,-0.640801,0.767707,88888020,37073
1174,727.2040,-0.6006,2253.7725,-0.999711,-0.024040,88888020,23251
1175,745.7924,-3.8033,2248.2969,-0.677660,0.735376,88888020,23245
1176,739.3493,-2.4758,2251.6069,-0.812995,0.582270,88888020,23249
1177,729.9705,-0.0279,2282.9556,-0.661270,0.750148,88888020,22833
1178,726.8331,-0.0148,2288.5349,-0.686728,0.726914,88888020,22831
1179,745.3717,-2.2645,2259.1375,-0.120521,0.992711,88888020,30183
1180,751.5295,-3.9269,2251.2649,-0.500285,0.865861,88888020,38956
1181,754.5691,-4.5621,2246.3110,-0.258811,0.965928,88888020,42800
1182,650.8228,0.0000,2313.1902,0.687487,-0.726197,88888020,40471
1183,707.8282,0.0000,2330.7791,0.971887,0.235448,88888020,39312
1184,744.3800,-0.1100,2334.5000,0.629122,-0.777307,88888020,30033
1185,819.1901,-0.1100,2252.6499,0.801603,0.597856,88888020,38494
1186,801.0133,0.0724,2243.6404,-0.997655,-0.068439,88888020,34363
1187,856.6641,-0.1100,2280.7556,-0.957115,0.289707,88888020,20051
1188,903.0047,-0.1000,2329.9146,0.998917,0.046530,88888020,32108
1189,875.3160,-0.1100,2338.9231,-0.931041,0.364916,88888020,33070
1190,939.2499,-0.1100,2348.8035,-0.807638,-0.589679,88888020,29155
1191,843.1600,0.0015,2292.4099,0.427037,-0.904234,88888020,18182
1192,342.6004,0.0000,2191.2905,-0.815183,-0.579203,88888010,39688
1193,339.8309,0.0000,2136.7949,0.831992,0.554788,88888010,43911
1194,410.7445,-0.0000,2142.6426,-0.958558,-0.284897,88888010,22781
1195,495.5334,3.8200,2182.7886,-0.971602,-0.236621,88888010,37775
1196,434.2228,0.0000,2127.7563,0.764638,0.644460,88888010,41119
1197,502.5432,-0.1050,2081.5156,-0.522751,-0.852485,88888010,37312
1198,430.0256,-0.1050,2115.9290,0.627803,-0.778372,88888010,33793
1199,515.7856,1.5295,2045.8152,0.907705,-0.419608,88888010,35842
1200,578.5381,0.0000,2048.1841,0.767972,0.640483,88888010,29082
1201,595.4422,0.9380,2099.4822,-0.761424,0.648255,88888010,43250
1202,618.3291,0.0000,2043.8131,0.755457,0.655198,88888010,18996
1203,678.5794,0.0067,1968.7992,-0.665133,0.746725,88888010,37961
1204,576.8718,0.0223,1986.4166,0.788612,-0.614892,88888010,16500
1205,544.4037,-0.1088,1921.5249,-0.998557,0.053703,88888010,27415
1206,542.0204,-8.1554,1931.1385,-0.959416,0.281994,88888010,28133
1207,581.4589,14.3676,1946.7799,-0.001927,-0.999998,88888010,16984
1208,540.0593,-0.1100,1988.5977,0.789262,-0.614057,88888010,21716
1209,547.3856,-0.1100,1983.8416,-0.892024,-0.451987,88888010,21721
1210,588.0105,0.0059,2016.9050,-0.984316,-0.176416,88888010,26000
1211,597.9207,0.0332,1898.7617,-0.768387,-0.639985,88888010,25596
1212,507.0335,0.0000,1823.7646,-0.859803,-0.510626,88888010,32199
1213,473.3668,-0.1100,1811.5105,-0.639854,0.768496,88888010,42055
1214,487.6079,0.0000,1861.7744,0.643279,-0.765632,88888010,27757
1215,362.1597,0.0000,2002.7078,0.663043,-0.748582,88888010,30050
1216,314.4237,0.0000,2006.8636,-0.289687,0.957121,88888010,19044
1217,282.2190,0.0000,1974.8093,-0.318557,0.947904,88888010,17167
1218,385.5051,-0.0886,1755.6948,0.901656,0.432453,88888030,37372
1219,457.9415,0.0000,1645.1813,-0.615327,0.788272,88888030,19424
1220,542.8572,0.0000,1541.1793,0.815501,0.578755,88888030,42155
1221,595.7721,0.0000,1444.5082,-0.262924,0.964816,88888030,27955
1222,608.0331,0.0000,1376.6108,0.995424,0.095554,88888050,20768
1223,710.4669,-0.1100,1371.2943,0.990441,0.137939,88888050,40731
1224,714.6602,-0.1100,1376.8673,-0.085254,-0.996359,88888050,40724
1225,751.0310,-0.1100,1325.2479,0.642190,-0.766546,88888050,41504
1226,826.6079,-0.1100,1243.0842,-0.641460,0.767156,88888050,36655
1227,796.3978,-0.1100,1324.0453,-0.998971,0.045354,88888050,40874
1228,793.4628,-0.1100,1314.6710,-0.467552,0.883966,88888050,40866
1229,794.5252,-0.1100,1398.6022,-0.763255,-0.646097,88888050,34270
1230,829.9692,-0.1100,1383.4851,0.650658,-0.759371,88888050,27015
1231,776.6300,-0.1100,1420.1989,0.286370,0.958119,88888050,24556
1232,728.2836,0.2684,1480.3816,0.639392,-0.768881,88888030,43647
1233,730.9055,0.2650,1486.7820,-0.972119,-0.234486,88888030,30039
1234,705.9041,0.0000,1444.0103,-0.907836,-0.419325,88888030,28608
1235,705.3700,-0.1100,1496.0100,-0.774174,-0.632973,88888030,26550
1236,651.4308,-0.1100,1495.7255,-0.772415,-0.635118,88888030,24951
1237,612.8043,0.0000,1535.5690,-0.567364,0.823467,88888030,33237
1238,609.5864,0.0002,1638.9353,0.757549,0.652778,88888031,34319
1239,659.1437,0.0000,1586.4117,0.769386,0.638784,88888030,41730
1240,698.0629,0.0000,1536.1263,0.080342,-0.996767,88888030,26442
1241,721.8284,-0.0952,1507.1654,-0.933335,-0.359008,88888030,26362
1242,691.5213,0.0000,1565.5952,0.638730,-0.769431,88888030,38688
1243,747.0669,0.0000,1498.6846,0.650487,-0.759518,88888030,34194
1244,811.5800,0.0000,1526.5901,0.775998,0.630736,88888050,30439
1245,916.0529,-0.1100,1662.7906,-0.769037,-0.639204,88888040,28349
1246,958.7877,0.0000,1646.1221,0.775978,0.630759,88888040,41752
1247,1005.0381,-0.0878,1738.2896,0.754548,0.656245,88888040,42299
1248,1057.1912,-0.1100,1783.0280,0.787113,0.616809,88888040,26938
1249,1139.7499,0.0000,1794.3414,-0.969232,-0.246149,88888040,28549
1250,1083.4207,0.0000,1748.5555,0.775989,0.630747,88888040,35941
1251,1035.5990,0.0000,1706.6051,0.630741,-0.775993,88888040,43415
1252,957.5042,0.0000,1604.3235,0.084548,-0.996419,88888060,27418
1253,1028.0093,-0.1100,1559.7068,-0.639408,0.768868,88888060,20924
1254,1034.8726,-0.1100,1621.2461,-0.764789,-0.644281,88888060,40743
1255,1063.6776,0.0000,1587.6062,0.744358,0.667781,88888060,43733
1256,1002.4674,0.0204,1525.3203,0.159357,0.987221,88888060,17881
1257,1003.1539,-0.1100,1483.7091,0.474983,0.879995,88888061,39607
1258,1005.6680,0.0000,1424.0480,0.184407,0.982850,88888061,17946
1259,947.2145,-0.1100,1397.6851,0.139808,0.990179,88888061,27758
1260,893.6063,0.0000,1267.7982,0.136515,0.990638,88888060,27881
1261,923.6698,0.0010,1279.4121,-0.609223,-0.792999,88888060,30958
1262,948.1047,-0.1000,1322.6661,0.778935,0.627104,88888060,37345
1263,1042.2732,-0.0875,1372.2590,0.014645,0.999893,88888061,20468
1264,997.9731,0.0319,1285.8148,-0.669426,0.742879,88888070,20973
1265,944.9205,0.0031,1311.6144,-0.957164,-0.289545,88888060,38783
1266,889.1697,0.0000,1232.3086,-0.774043,-0.633134,88888050,32784
1267,851.4485,-0.1100,1205.3123,-0.644175,0.764878,88888050,22939
1268,832.4514,0.0000,1183.1174,0.995524,0.094504,88888050,41500
1269,922.0127,0.0000,1079.3500,0.610817,-0.791772,88888072,35762
1270,991.6072,-0.1101,1135.1968,0.180616,-0.983554,88888072,19780
1271,1107.9084,0.0000,1031.5518,0.579670,0.814852,88888072,37557
1272,1229.6718,-0.0002,1077.3345,-0.985755,-0.168185,88888072,41425
1273,1231.2454,0.0016,1184.1653,-0.984909,-0.173071,88888072,28174
1274,1062.7247,-0.0000,1153.6591,-0.973679,-0.227924,88888070,38908
1275,1253.6862,-0.0989,1189.1963,-0.981591,-0.190994,88888072,43035
1276,1258.6958,-0.1102,1071.2163,-0.606700,-0.794931,88888072,36381
1277,1350.5729,-0.1000,1051.2003,-0.195403,0.980723,88888072,18815
1278,1368.6030,0.0099,928.2037,0.670409,-0.741992,88888072,17283
1279,1041.3500,-0.0003,1043.7802,-0.786362,-0.617766,88888072,30792
1280,724.7375,-3.7822,1070.3510,-0.966822,0.255451,88888070,19107
1281,713.6563,-4.1338,1020.0316,-0.767898,-0.640573,88888070,16858
1282,729.0381,-3.9072,1048.0142,0.136070,0.990699,88888070,19611
1283,686.0986,-3.9072,1006.1223,-0.981019,0.193913,88888070,16862
1284,733.0520,-3.9072,1051.9971,-0.709843,-0.704360,88888070,19567
1285,723.5253,-4.1572,1029.2216,-0.560240,-0.828330,88888070,16864
1286,732.8087,-3.9697,1072.9635,-0.932945,-0.360020,88888070,19066
1287,736.1462,-3.9072,1060.2664,-0.601307,-0.799018,88888070,16611
1288,706.2568,-3.9072,1045.7941,0.356497,0.934296,88888070,41059
1289,615.5523,0.0000,1207.5541,0.065944,-0.997823,88888050,16338
1290,590.4142,0.0000,1287.4573,-0.967053,-0.254575,88888050,41712
1291,571.3231,0.5512,1295.0490,0.275346,-0.961345,88888050,39284
1292,555.2496,2.0100,1334.4882,-0.291483,0.956576,88888050,37584
1293,506.4455,2.0103,1333.6188,0.285228,-0.958460,88888050,21370
1294,518.6860,14.8445,1372.1157,0.524217,0.851585,88888050,33568
1295,538.7775,2.0002,1296.5251,-0.223422,0.974722,88888050,35291
1296,552.9165,2.0002,1250.1678,0.950694,0.310131,88888050,44033
1297,546.7590,2.0003,1342.0509,0.348826,0.937187,88888050,36295
1298,570.4595,-0.0000,1301.3937,-0.290421,0.956899,88888050,40785
1299,607.3356,0.0000,1343.5236,0.067129,-0.997744,88888050,37932
1300,583.4570,0.0000,1359.5900,-0.954333,-0.298745,88888050,27966
1301,730.4905,0.0000,1100.0112,0.993132,-0.116996,88888070,17325
1302,690.0223,-0.1100,1242.3394,0.620606,-0.784122,88888050,23822
1303,730.7002,-0.1100,1201.0568,0.805739,0.592271,88888050,32738
1304,770.5950,-0.1100,1208.3843,-0.631845,0.775095,88888050,23370
1305,765.5679,-0.0010,1305.4612,0.233675,0.972315,88888050,39508
1306,683.9014,0.0000,1159.9000,-0.806595,0.591104,88888050,31052
1307,663.4874,0.0000,1335.4545,0.112670,-0.993632,88888050,15873
1308,774.5411,-0.1100,1196.0983,-0.048607,0.998818,88888050,25626
1309,873.1297,-0.1100,1315.5227,-0.637283,0.770630,88888050,20017
1310,915.4700,0.0000,1428.8900,-0.136514,-0.990638,88888060,35331
1311,933.2899,0.0000,1557.7399,-0.136514,-0.990638,88888060,35490
1312,945.7424,-0.1100,1432.2916,0.159380,0.987217,88888060,37127
1313,950.9252,-0.1100,1431.4550,-0.015288,-0.999883,88888060,21596
1314,907.6926,0.0000,1531.3051,0.178318,0.983973,88888050,15853
1315,829.7142,0.0500,1481.8719,-0.807264,0.590190,88888050,33780
1316,846.0128,-0.1100,1428.0466,0.754552,0.656241,88888050,41207
1317,900.8537,0.0000,1482.8929,0.140690,0.990054,88888050,39311
1318,889.1981,0.0000,1400.2097,0.124076,0.992273,88888050,36618
1319,920.5231,0.0000,1619.7914,0.152606,0.988287,88888040,29814
1320,916.9030,0.0000,1436.8615,-0.176921,-0.984225,88888060,35884
1321,870.8060,0.0000,1392.6520,-0.845700,0.533659,88888050,36302
1322,814.6445,0.0300,1331.7560,0.673322,-0.739350,88888050,16388
1323,849.0674,-0.1100,1363.6909,-0.653029,-0.757333,88888050,25813
1324,969.1588,0.0000,1300.2394,-0.990280,-0.139091,88888060,20673
1325,987.5852,-0.0012,1236.1382,0.708036,-0.706176,88888070,36117
1326,1072.7759,-0.1100,1390.8109,0.818851,0.574007,88888060,32947
1327,1016.1733,0.0000,1480.0389,0.184492,0.982834,88888061,24746
1328,1100.8331,-0.1100,1686.4572,0.164468,0.986382,88888060,22436
1329,1135.3247,-0.1100,1694.7168,-0.976347,-0.216209,88888060,29076
1330,1096.2100,0.0000,1717.6700,0.776000,0.630733,88888060,35610
1331,975.3524,-0.0878,1692.3019,0.760989,0.648765,88888040,36313
1332,958.6471,-0.0900,1715.7269,0.777293,0.629139,88888040,37884
1333,939.8100,0.0275,1659.4900,-0.049817,-0.998758,88888040,37960
1334,921.9195,-0.0600,1758.8635,0.654851,-0.755758,88888040,16290
1335,1124.8257,-0.1100,1856.3065,0.639195,-0.769045,88888040,40957
1336,1167.1600,0.0000,1816.2600,-0.974844,-0.222890,88888040,16174
1337,890.7121,-0.1100,1692.8600,-0.770777,-0.637104,88888040,39285
1338,894.0569,-0.1100,1688.8134,-0.770777,-0.637104,88888040,39286
1339,795.5506,-0.1100,1605.4176,-0.995558,0.094153,88888030,37040
1340,736.9118,-0.1059,1616.0480,0.640681,-0.767807,88888030,24895
1341,778.1727,0.0000,1658.4176,-0.449290,-0.893386,88888030,26878
1342,863.4031,0.0000,1727.5740,-0.821142,-0.570723,88888040,29810
1343,726.8453,0.0000,1715.7946,0.630783,-0.775959,88888030,31711
1344,688.8200,-0.1100,1670.3500,0.633045,-0.774115,88888030,21535
1345,759.5000,0.0000,1663.7400,-0.766206,-0.642595,88888030,34093
1346,626.5756,-0.0392,1653.9409,-0.718397,-0.695633,88888031,43868
1347,566.3599,-0.1100,1647.9301,0.882537,0.470243,88888031,19488
1348,569.4614,0.0004,1606.1237,0.777429,0.628971,88888031,23388
1349,437.8562,0.0002,1738.1787,0.604124,-0.796890,88888030,35821
1350,523.7935,-0.1100,1703.7888,-0.657934,0.753075,88888030,34173
1351,599.3500,-0.1060,1789.3500,-0.756800,-0.653647,88888030,36596
1352,716.0967,-0.1093,1816.7910,0.162226,0.986754,88888031,34728
1353,744.3180,0.0000,1746.9576,0.682443,0.730939,88888040,42984
1354,787.2889,0.0000,1841.5359,-0.646034,0.763309,88888040,29968
1355,661.0290,0.0000,1946.1735,0.632007,-0.774963,88888010,24925
1356,688.8948,-0.1000,1865.3005,0.769054,0.639184,88888030,41621
1357,763.5701,-0.0000,1834.7611,-0.639820,0.768525,88888031,36067
1358,588.2995,0.1400,1834.2947,-0.761396,-0.648287,88888030,41888
1359,583.2421,0.9500,1840.6088,-0.968003,-0.250940,88888030,40414
1360,715.6417,-0.1100,1757.7075,0.746642,-0.665226,88888031,33490
1361,673.1891,-0.1100,1785.2200,0.063494,-0.997982,88888031,25038
1362,615.7567,-0.1100,1731.4452,-0.848990,0.528408,88888031,43752
1363,639.1058,-0.1100,1723.9331,-0.051551,-0.998670,88888031,22957
1364,573.5290,-0.0950,1768.0691,-0.560901,-0.827883,88888030,30732
1365,531.4077,-0.1100,1696.1296,-0.964901,-0.262613,88888031,21772
1366,559.8019,-0.1100,1673.8894,0.660168,0.751118,88888031,18872
1367,553.9503,-0.1100,1676.2024,0.653161,-0.757219,88888031,27468
1368,573.6534,-0.1100,1646.5638,-0.751151,-0.660130,88888031,19476
1369,566.1384,-0.1100,1640.9799,-0.758289,-0.651919,88888031,40309
1370,569.4979,-0.1100,1652.1539,-0.596356,-0.802720,88888031,19462
1371,680.2394,-0.1100,1785.7275,0.131291,-0.991344,88888031,25033
1372,405.5950,0.0000,1800.4329,-0.417544,0.908657,88888010,16679
1373,329.7597,0.0000,1964.7349,-0.401339,0.915930,88888010,15919
1374,591.4564,-0.1081,1623.9183,0.478056,0.878329,88888031,18335
1375,814.2789,0.0000,1709.3350,-0.999347,-0.036131,88888040,35713
1376,837.0457,-0.1100,1599.2312,0.639532,-0.768764,88888040,29956
1377,804.8061,0.0000,1521.6044,0.805373,0.592768,88888050,38730
1378,651.1675,0.0000,1452.7931,-0.290223,0.956959,88888030,20258
1379,797.9172,-0.1100,1394.5951,0.798116,0.602504,88888050,26830
1380,306.0133,0.0000,2063.7024,0.001081,-0.999999,88888010,25348
1381,327.7265,-0.0000,2082.5286,-0.159485,-0.987200,88888010,23260
1382,406.4952,-0.1050,2135.3528,-0.794851,-0.606804,88888010,35640
1383,404.4464,0.0000,2055.1863,-0.998768,-0.049617,88888010,34039
1384,418.6432,0.0000,2028.5491,-0.752335,-0.658780,88888010,25891
1385,495.4016,0.0262,1885.9348,0.659325,-0.751858,88888010,39169
1386,668.4550,-0.1165,2118.7307,0.955563,-0.294789,88888010,42507
1387,704.7325,0.0000,2223.7578,0.763389,-0.645939,88888010,34181
1388,499.0177,-0.0352,2241.8293,0.692332,-0.721579,88888010,39437
1389,533.4490,3.8200,2219.2825,-0.627994,0.778218,88888010,43961
1390,725.3141,0.0000,2142.0535,0.398562,0.917141,88888010,29572
1391,560.3789,-0.0244,2098.0198,0.520611,0.853794,88888010,41568
1392,600.8220,0.0000,2079.0566,0.858248,0.513236,88888010,18528
1393,548.1393,0.0000,2155.8936,-0.820142,0.572160,88888010,35656
1394,546.7568,1.6556,2029.0966,0.781656,0.623709,88888010,20521
1395,450.1780,-0.1100,2104.7834,0.274765,0.961512,88888010,23408
1396,785.1804,0.0000,2392.9202,-0.957648,-0.287943,88888020,24403
1397,865.4938,0.0020,2437.5510,0.889207,0.457506,88888020,32473
1398,809.9777,0.0711,2431.0894,0.514727,-0.857354,88888020,43102
1399,713.0528,0.0804,2379.0920,0.922613,0.385726,88888020,38184
1400,759.4701,0.0950,2430.3101,0.913368,0.407135,88888020,38926
1401,789.3226,-1.9125,2202.6238,-0.550560,0.834796,88888020,19287
1402,858.3461,0.0059,2174.6704,-0.998180,0.060307,88888020,19293
1403,847.7444,0.0000,2116.8015,-0.651596,0.758566,88888020,34257
1404,871.6647,-0.1100,1945.9301,0.875411,0.483380,88888040,24584
1405,1156.1644,0.0000,2007.8303,-0.698153,-0.715949,88888040,37294
1406,1177.4578,-0.1100,1930.0703,0.645966,-0.763366,88888040,25366
1407,1142.4299,0.0000,1969.0699,0.993619,0.112793,88888040,27152
1408,1080.4866,0.0000,1907.6538,-0.777319,-0.629107,88888040,42416
1409,1096.0923,9.7800,1855.7081,-0.623382,0.781917,88888040,43654
1410,1140.1747,9.7817,1802.6376,-0.635690,0.771944,88888040,38072
1411,1043.0225,-0.1100,1792.3851,0.918067,-0.396424,88888040,41145
1412,1032.4741,0.0000,1868.7958,-0.777316,-0.629111,88888040,38035
1413,1181.7500,-0.1100,1888.5195,-0.770657,-0.637250,88888040,27386
1414,1238.9878,0.0020,1958.0127,-0.645476,0.763781,88888110,19006
1415,881.3434,0.0000,1765.8593,-0.796323,-0.604871,88888040,29085
1416,1332.9139,2.4564,1825.5472,-0.630794,0.775951,88888060,34645
1417,1383.3856,-0.0242,1827.5118,0.867015,0.498281,88888060,22483
1418,1310.4874,-0.0242,1889.3395,0.697466,0.716618,88888060,19161
1419,1318.8167,2.4564,1814.1229,-0.511300,0.859402,88888060,29904
1420,1256.4436,-0.1100,2002.4305,0.949871,-0.312642,88888110,20492
1421,1275.9299,-0.1100,2046.2300,0.643186,-0.765710,88888110,25052
1422,976.1014,0.0000,2113.9199,0.989062,-0.147504,88888040,16170
1423,953.3233,-0.1100,2039.9144,0.772927,0.634495,88888040,15626
1424,918.3807,-0.1100,2086.3125,0.621348,-0.783535,88888040,36103
1425,928.4225,-0.1100,2222.5886,0.965800,0.259289,88888020,34074
1426,1423.5300,0.0000,2693.3799,-0.986370,-0.164542,88888090,17814
1427,1511.4705,-0.0009,2664.4204,-0.990541,-0.137215,88888090,44097
1428,1714.3955,-0.0387,2688.2881,0.993667,0.112361,88888090,23331
1429,1984.7000,0.0000,2564.1699,0.999986,0.005380,88888120,38198
1430,2050.2981,-0.1100,2538.7429,-0.000094,-1.000000,88888120,33234
1431,2092.1675,0.5100,2541.7153,0.996314,-0.085781,88888120,4777
1432,2061.8335,0.0480,2548.6321,-0.703265,0.710928,88888120,130
1433,2129.4653,0.0000,2500.6799,-0.999986,-0.005308,88888121,32944
1434,2069.0354,0.0600,2513.7722,0.008988,-0.999960,88888121,14088
1435,2078.4097,0.0401,2512.5334,0.993724,0.111858,88888121,1626
1436,1975.7800,0.0000,2499.6499,-0.999999,0.001527,88888120,33398
1437,1897.7887,0.0000,2557.7236,0.999931,0.011763,88888090,39045
1438,1943.0201,0.0549,2516.2600,-0.245258,0.969458,88888120,14918
1439,1937.9011,0.0549,2515.7703,0.546219,0.837642,88888120,14879
1440,1996.1967,0.0217,2556.7844,-0.969474,-0.245194,88888120,13309
1441,2007.3813,0.0217,2542.0618,0.055877,-0.998438,88888120,12809
1442,2018.7130,0.0217,2520.9863,-0.999628,-0.027258,88888120,12779
1443,1996.4534,0.0217,2521.0466,0.897232,-0.441560,88888120,12757
1444,1960.7461,-0.0047,2547.4368,0.693162,-0.720782,88888120,9591
1445,2059.7610,-0.1100,2730.7947,-0.989071,-0.147443,88888100,17220
1446,2211.4175,0.0026,2713.0884,0.844626,-0.535357,88888100,27882
1447,2166.0432,0.0000,2774.5132,-0.096840,-0.995300,88888100,31643
1448,2013.3790,0.0664,2765.2871,-0.147012,0.989135,88888100,36643
1449,2026.1660,7.3478,2793.3328,0.988562,0.150815,88888100,43386
1450,1950.9099,7.3478,2782.4028,0.988558,0.150838,88888100,39328
1451,2003.9940,0.0000,2763.4624,-0.989154,-0.146883,88888100,35436
1452,2157.6140,0.0003,2609.1829,-0.009790,0.999952,88888100,25103
1453,2180.1799,-5.7830,2619.5518,0.939436,-0.342724,88888100,20585
1454,2241.5652,0.0031,2599.3877,0.004471,0.999990,88888100,25414
1455,2296.6467,0.0000,2597.2554,0.009229,-0.999957,88888100,29529
1456,2368.7744,0.0000,2576.8789,-0.999971,-0.007639,88888100,20467
1457,2418.3218,-0.1100,2612.0940,0.005156,-0.999987,88888100,40319
1458,2567.1975,0.0000,2578.5051,-0.999964,-0.008437,88888100,38546
1459,2565.7463,0.0000,2652.4658,-0.861403,0.507922,88888100,42447
1460,2471.7546,0.0000,2602.7585,0.999999,-0.001112,88888100,40663
1461,2599.3997,0.1013,2589.1006,0.999928,-0.012028,88888100,31475
1462,2673.4604,0.0016,2532.4199,0.999949,-0.010067,88888100,31987
1463,2664.0500,0.0000,2493.6201,-0.999999,-0.001194,88888100,29681
1464,2597.2952,0.0000,2581.3489,-0.000284,1.000000,88888100,18188
1465,2318.3564,0.0000,2693.7588,0.009244,-0.999957,88888100,41675
1466,2295.8096,0.0000,2687.9082,0.009207,-0.999958,88888100,33445
1467,1896.2775,0.0005,2709.2458,-0.963606,0.267326,88888090,22491
1468,1561.2000,0.0000,2479.6001,-0.999978,0.006649,88888090,27511
1469,1569.5928,0.0000,2479.2153,-0.998951,0.045797,88888090,24695
1470,1660.2100,0.0000,2392.5400,0.999993,0.003670,88888090,34104
1471,1561.5699,-0.1100,2315.9500,0.011868,-0.999930,88888110,29055
1472,1709.5850,0.0000,2252.3081,-0.999845,0.017624,88888110,38881
1473,1490.2205,-0.1100,2317.6301,-0.976087,0.217382,88888110,29666
1474,1637.4359,-0.1100,2348.3740,0.969336,0.245740,88888110,29504
1475,1974.3569,-0.0194,2374.4246,0.999812,0.019377,88888121,23300
1476,1993.5400,0.1328,2402.2698,-0.008268,0.999966,88888121,42899
1477,2065.1013,-0.0962,2371.5864,0.999995,0.003153,88888121,42926
1478,2081.8184,-0.1086,2378.4519,0.981632,0.190785,88888121,40934
1479,2097.2568,0.0065,2386.8657,-0.834448,0.551087,88888121,16107
1480,2097.3472,-0.1086,2380.9534,0.674822,-0.737981,88888121,34948
1481,2174.9500,0.0000,2328.5000,0.779346,-0.626594,88888121,37842
1482,2281.0950,0.0000,2329.0017,-1.000000,-0.000686,88888121,38266
1483,2287.9600,-0.1100,2375.7249,-0.545975,-0.837801,88888132,16604
1484,2282.8086,-0.1100,2432.3430,-0.001742,-0.999998,88888132,24811
1485,2286.2983,0.0000,2500.2712,0.907716,-0.419586,88888120,34663
1486,2326.4373,0.0000,2477.1941,0.999926,-0.012177,88888132,23477
1487,2430.7498,-0.1100,2376.9802,-0.002465,0.999997,88888130,35083
1488,2437.0901,0.0000,2328.6816,-0.998556,0.053725,88888130,23840
1489,2312.2935,0.0452,2315.0564,0.999827,0.018577,88888130,29699
1490,2354.2517,0.0452,2252.3582,-0.999568,0.029391,88888130,43353
1491,2179.6443,0.0722,2253.0356,-0.999164,-0.040870,88888120,32644
1492,2137.1848,-0.0038,2317.4304,0.002762,0.999996,88888121,33433
1493,2082.3140,-0.0219,2322.1509,0.985596,-0.169115,88888121,3919
1494,2030.3107,-0.1086,2271.1990,0.008024,0.999968,88888121,41541
1495,2129.2600,0.0000,2219.0701,-0.999999,0.001362,88888121,29533
1496,2139.0400,0.0234,2163.6001,-0.999999,0.001087,88888120,26275
1497,2168.8733,0.0403,2173.7285,-0.043656,-0.999047,88888130,22181
1498,2136.6899,-0.1100,2107.9600,-0.999987,-0.005108,88888120,17996
1499,2163.6602,0.0000,2024.7847,-0.003403,-0.999994,88888150,28632
1500,2141.1487,0.0000,2024.9910,-0.003434,-0.999994,88888150,20456
1501,2130.1047,0.0200,2026.5820,0.352415,0.935844,88888150,39907
1502,2040.0002,-0.1100,1925.7941,-0.999028,-0.044091,88888150,40183
1503,2005.5602,-0.1100,2010.1711,-0.044816,-0.998995,88888150,28044
1504,2136.6699,-0.1100,1925.0900,-0.998810,-0.048771,88888150,19911
1505,2112.6299,-0.1100,1928.1200,-0.998810,-0.048765,88888150,20005
1506,2139.9910,0.0000,1826.0680,-0.518892,0.854840,88888150,16027
1507,1963.3998,0.0000,1865.9854,-0.646760,-0.762694,88888150,34367
1508,1995.4620,-0.1100,1868.1443,0.134942,-0.990854,88888150,18016
1509,2014.1609,0.0000,2035.5249,0.008829,0.999961,88888150,24766
1510,2008.9399,0.0000,2105.3701,0.561126,0.827731,88888120,18051
1511,2080.9099,0.0000,2054.8601,0.999990,-0.004379,88888120,31869
1512,2058.1602,0.0600,2058.0254,0.677852,0.735199,88888120,43245
1513,2070.8010,-0.1100,2107.5623,0.970823,-0.239796,88888120,23553
1514,2008.7795,-0.1085,2113.7605,0.950820,-0.309744,88888120,18049
1515,2064.5232,0.0100,2098.8486,0.901630,0.432507,88888120,6397
1516,2128.0071,0.1100,2123.2231,-0.796905,0.604105,88888120,8919
1517,2083.9814,0.5080,2077.5881,-0.436697,0.899609,88888120,8743
1518,2000.8500,-0.1100,2029.1400,-0.044816,-0.998995,88888150,33219
1519,2205.7844,-0.1100,2091.5354,0.918552,-0.395301,88888130,20841
1520,2292.5588,0.0000,2051.0364,-0.838789,-0.544457,88888130,39917
1521,2207.2749,-0.1100,2129.6082,0.001377,-0.999999,88888130,37023
1522,2205.0342,0.0937,2147.2539,0.999998,0.001733,88888130,21319
1523,2361.1753,0.0793,2221.8340,-0.999462,-0.032788,88888130,20707
1524,2427.9119,0.0688,2251.5254,0.855068,0.518516,88888130,17096
1525,2430.4402,0.0788,2259.8442,-0.001753,-0.999998,88888130,25361
1526,2421.7090,0.0818,2147.6609,-0.999985,-0.005514,88888130,26355
1527,2493.8237,-0.1100,2209.3979,0.001811,-0.999998,88888130,42189
1528,2450.1001,0.0000,2115.8401,0.671765,-0.740765,88888130,24088
1529,2449.8115,0.0000,2057.8901,-0.997030,-0.077015,88888130,32749
1530,2221.2988,0.0843,2221.6233,-0.999982,0.005993,88888130,16009
1531,2102.9365,0.0600,2095.9285,0.689474,0.724310,88888120,9572
1532,2111.6011,0.0200,2199.8774,0.999089,0.042675,88888121,11834
1533,2062.5132,-0.0050,2176.4883,-0.119544,0.992829,88888121,10007
1534,2107.0837,0.0130,2176.1853,-0.195791,-0.980646,88888120,11736
1535,2050.7537,0.0600,2198.5139,-0.857493,0.514496,88888121,11789
1536,2039.1110,-0.1340,2315.6809,-0.470828,-0.882225,88888121,24497
1537,1986.6654,-0.1086,2350.4673,0.036649,-0.999328,88888121,33632
1538,2062.6350,-0.1335,2354.5159,0.030905,-0.999522,88888121,43469
1539,2051.3687,-0.1086,2422.9143,-0.002419,-0.999997,88888121,40449
1540,2035.9406,-0.1088,2431.9521,-0.831624,-0.555339,88888121,43424
1541,2085.6438,-0.1086,2427.1902,0.788829,0.614613,88888121,32865
1542,1992.0546,-0.0217,2430.4980,0.581528,-0.813527,88888121,36512
1543,1986.6501,-0.1086,2423.0320,-0.008221,0.999966,88888121,19672
1544,2051.6211,-0.1086,2383.2458,-0.036305,0.999341,88888121,27994
1545,1999.6400,-0.0111,2387.9302,0.999994,0.003603,88888121,34828
1546,2123.9700,0.1900,2326.0093,-0.976610,-0.215018,88888121,738
1547,2214.0015,-0.0147,2303.2537,-0.000078,-1.000000,88888121,30944
1548,2214.9448,0.0177,2265.1938,0.186705,-0.982416,88888120,22188
1549,2343.9895,0.0231,2378.0400,0.070871,0.997486,88888132,42569
1550,2358.2949,0.0331,2417.9558,-0.985247,-0.171137,88888132,36857
1551,2326.4412,0.0000,2499.7927,0.999924,-0.012294,88888100,36392
1552,2252.4011,0.0000,2500.7285,-0.999909,0.013488,88888120,43978
1553,2182.4529,-0.1100,2435.0408,0.999937,-0.011230,88888121,31577
1554,2213.5808,-0.1100,2433.0146,-0.006574,-0.999978,88888120,16737
1555,2163.8599,-0.1100,2374.0200,0.999995,-0.003066,88888121,28332
1556,2218.8308,-0.1100,2432.9800,-0.006574,-0.999978,88888120,16738
1557,2224.1646,-0.1100,2374.4722,0.999995,-0.003075,88888121,34200
1558,2159.0601,0.0000,2376.3000,-0.000077,1.000000,88888121,32062
1559,2086.1553,0.0135,2371.3511,0.677566,-0.735462,88888121,37384
1560,1955.3501,-0.0077,2388.1785,-0.989971,-0.141270,88888121,20289
1561,1941.6676,0.0120,2415.3162,0.999999,0.001465,88888121,6455
1562,1941.5150,-0.0113,2251.6431,-0.273188,0.961961,88888121,30675
1563,1976.4824,0.0100,2123.3032,-0.993602,-0.112936,88888120,6188
1564,1878.1484,0.0518,2149.3687,-0.001688,-0.999999,88888121,29891
1565,1729.0459,-0.1100,2153.8652,-0.735163,0.677890,88888110,38542
1566,1752.8652,-0.1100,2114.8577,0.846299,0.532708,88888110,28451
1567,1584.3933,0.0346,1951.7988,0.004444,-0.999990,88888150,38425
1568,1646.8002,-0.1080,1914.0699,-0.016612,-0.999862,88888150,32694
1569,1626.7699,-0.1080,1853.9050,0.999995,0.003062,88888150,20885
1570,1643.7629,-0.1080,1869.4540,0.999986,-0.005345,88888150,20859
1571,1942.4089,0.0000,1743.9838,0.995672,0.092938,88888180,41260
1572,2063.0037,9.1278,1740.4207,-0.999999,-0.001167,88888180,17046
1573,2001.7000,0.0000,1774.6500,-0.999579,0.029029,88888150,32437
1574,2386.6003,0.0000,2030.7638,0.998382,0.056867,88888160,19436
1575,2366.1748,-0.1100,2063.1528,-0.100980,0.994888,88888130,27846
1576,2770.7671,0.0000,1980.1075,-0.625464,0.780253,88888160,26041
1577,2528.7903,0.0000,2063.8008,-0.997876,-0.065144,88888130,19653
1578,2633.8342,0.0000,2067.1497,-0.999780,-0.020976,88888140,39203
1579,2681.3206,0.0000,2067.3689,-0.898087,0.439818,88888140,18836
1580,2937.4897,0.0002,2241.9700,-0.999935,0.011422,88888140,43022
1581,2857.0312,0.0000,2243.2673,-0.999841,0.017834,88888140,23340
1582,2850.0601,0.0000,2316.4099,0.999999,-0.001275,88888140,37767
1583,2802.2693,0.0000,2430.4097,0.059582,0.998223,88888140,24375
1584,2823.6272,0.0000,2243.7507,-0.999868,-0.016239,88888140,41679
1585,2890.5305,0.0000,2210.5186,-0.996261,0.086394,88888140,39064
1586,2812.1240,0.0000,2550.5869,0.152762,0.988263,88888140,17422
1587,2930.5388,0.0000,2593.0012,-0.006823,-0.999977,88888140,35881
1588,2967.5361,0.4999,2572.5222,0.008837,-0.999961,88888140,43166
1589,2948.1814,11.6161,2528.6821,0.003702,0.999993,88888140,34418
1590,2952.8301,11.5860,2429.7202,-0.000836,1.000000,88888140,41316
1591,2952.6987,-0.0097,2409.9287,0.890103,0.455759,88888140,34204
1592,2973.4241,-0.0092,2386.2676,-0.714498,0.699637,88888140,42970
1593,2972.1101,-0.0092,2391.9099,0.000534,1.000000,88888140,28334
1594,2963.9207,-0.0357,2345.5857,-0.999998,-0.002143,88888140,32486
1595,2975.9045,-0.0357,2352.2703,0.999991,0.004303,88888140,30468
1596,3034.4338,-0.0185,2435.9722,-0.713243,-0.700917,88888142,19710
1597,3073.9158,-0.0092,2403.5466,-0.003433,-0.999994,88888142,38966
1598,3098.1426,0.0010,2393.8726,0.742801,0.669512,88888142,18193
1599,3075.2190,-0.0185,2357.3074,0.999891,0.014759,88888140,38080
1600,3021.9783,-0.0092,2338.8911,1.000000,-0.000035,88888140,43289
1601,2934.0142,-0.0057,2326.6863,0.240935,-0.970541,88888140,41213
1602,3068.3835,0.0000,2315.8108,-0.999998,-0.002185,88888140,43955
1603,2927.9299,0.0000,2428.3999,-0.003273,-0.999995,88888140,35162
1604,2940.3704,-0.0093,2537.3501,0.996558,-0.082896,88888140,41552
1605,2915.0276,0.0000,2392.4338,-0.205022,-0.978757,88888140,39124
1606,2905.4673,0.3153,2393.5303,-0.000711,1.000000,88888140,37373
1607,2905.6785,0.3154,2357.4895,-0.005056,0.999987,88888140,18075
1608,2910.4255,0.3154,2386.9890,-0.975842,0.218476,88888140,30288
1609,2914.4624,0.0000,2381.6736,0.052453,0.998623,88888140,39114
1610,2965.8972,-0.0092,2357.0107,0.649919,-0.760004,88888140,38441
1611,2973.2087,-0.0092,2414.9160,-0.682719,-0.730681,88888142,41186
1612,2976.2087,11.5860,2487.4702,-0.000839,1.000000,88888142,37370
1613,2988.6296,11.6161,2538.5540,-0.901553,0.432670,88888142,44129
1614,2981.8604,11.5860,2430.1799,-0.887805,-0.460220,88888142,34447
1615,2986.6504,11.5860,2412.9214,-0.948282,0.317428,88888142,37194
1616,2950.2280,11.5926,2503.6721,0.880862,-0.473373,88888140,36292
1617,3055.2002,-0.0187,2597.8181,-0.999999,0.001206,88888142,24001
1618,2935.1001,0.0000,2616.0000,1.000000,-0.000292,88888140,33217
1619,2840.0576,0.0000,2629.7668,0.543312,0.839531,88888140,20578
1620,2852.9377,-0.1100,2439.3074,-0.002828,0.999996,88888140,28176
1621,2962.8623,0.0000,2242.4761,0.827746,-0.561103,88888140,19282
1622,3425.8118,0.0000,2208.6558,-0.265474,0.964118,88888210,30546
1623,3404.3589,0.0000,2270.6235,-0.380798,0.924658,88888210,32502
1624,3424.9763,7.5583,2295.9751,0.381186,-0.924498,88888210,34600
1625,3396.9412,15.2126,2308.3816,0.939232,0.343283,88888210,41585
1626,3413.2300,21.6156,2295.1697,-0.380211,0.924900,88888210,35963
1627,3411.5300,21.6156,2263.7300,0.934215,0.356712,88888210,36467
1628,3488.5718,0.0000,2385.6677,-0.947954,-0.318406,88888210,35611
1629,3548.1848,0.0000,2385.1360,0.551771,0.833996,88888210,32953
1630,3634.6533,0.0000,2189.0676,-0.204425,0.978882,88888210,40318
1631,3533.5181,9.5412,2356.0369,-0.430272,-0.902699,88888210,32954
1632,3543.9614,9.4898,2363.4858,0.913556,0.406714,88888210,18902
1633,3542.8828,8.3179,2399.6658,-0.573107,0.819480,88888210,40558
1634,3549.8992,9.0114,2366.0723,-0.821915,-0.569610,88888210,18927
1635,3539.9846,9.4819,2359.2598,-0.807683,-0.589618,88888210,18921
1636,3522.5315,9.5768,2359.8066,0.397527,-0.917591,88888210,16610
1637,3577.6470,0.0000,2398.4182,-0.697391,0.716691,88888210,41164
1638,3635.0698,6.1963,2364.5701,0.854248,-0.519865,88888210,39781
1639,3695.8848,0.0000,2462.0430,0.894970,-0.446126,88888210,22985
1640,3455.7114,0.0000,2432.3325,-0.929764,0.368155,88888200,43008
1641,3326.1436,0.0000,2478.2136,-0.967559,0.252645,88888200,20831
1642,3228.2188,0.0000,2496.7295,-0.999943,0.010687,88888200,33332
1643,3201.8967,-0.0094,2419.3318,-0.587930,-0.808912,88888200,33987
1644,3325.5552,-0.0094,2428.7710,0.880547,-0.473959,88888200,27519
1645,3399.3455,0.0000,2390.2798,0.947253,0.320485,88888200,37451
1646,3163.4778,0.0000,2489.1614,-0.023274,0.999729,88888200,28463
1647,3155.7556,0.0000,2531.6560,-0.003682,0.999993,88888200,32978
1648,3122.4827,-0.0088,2482.7075,-0.006040,0.999982,88888142,21547
1649,3426.5798,8.4000,2483.2297,-0.348537,-0.937295,88888200,25082
1650,3405.1682,-7.1560,1796.7036,-0.707409,0.706805,88888230,43879
1651,3441.6382,-13.5998,1765.7740,0.354583,-0.935025,88888230,42868
1652,3459.3101,-13.5998,1705.0801,0.278427,-0.960457,88888230,43364
1653,3472.2000,0.0008,1825.5901,0.875805,-0.482666,88888231,22104
1654,3629.5769,0.0008,1832.2867,0.060013,0.998198,88888231,23533
1655,3450.4983,-0.6933,1853.7328,0.546182,-0.837667,88888231,35775
1656,3380.1140,0.5007,1651.2484,-0.237901,0.971289,88888232,22863
1657,3341.9980,0.0932,1601.9077,0.988931,-0.148378,88888232,19265
1658,3312.3423,0.0594,1670.8755,0.556505,-0.830845,88888232,27314
1659,3063.5754,-0.0390,1742.5166,-0.999693,0.024770,88888232,29278
1660,2843.1455,-1.2131,1999.4698,0.770538,-0.637394,88888140,33931
1661,2941.5847,-8.6633,1949.6278,-0.516118,0.856517,88888160,26665
1662,2905.2261,0.1294,2042.0488,0.999537,-0.030419,88888140,43431
1663,2810.0801,0.0482,1936.1799,-0.257321,-0.966326,88888160,22997
1664,3003.9216,0.0000,1906.7975,-0.189947,-0.981794,88888160,32854
1665,2513.4480,-0.1100,1822.8326,0.007417,-0.999972,88888160,23213
1666,2097.5000,3.9746,1656.7699,-0.745651,0.666337,88888180,24839
1667,1992.8496,0.0000,1692.6339,0.215845,-0.976428,88888180,44052
1668,1998.8616,3.9694,1558.8379,0.999696,0.024636,88888180,22876
1669,1974.8123,3.9694,1486.6307,-0.969410,-0.245449,88888180,17458
1670,2045.1841,0.0020,1512.9487,-0.378498,-0.925602,88888180,16047
1671,2007.6664,3.9694,1562.0431,-0.694122,-0.719857,88888180,22879
1672,2043.4382,0.0000,1496.1570,-0.879631,0.475656,88888180,22170
1673,2060.7209,0.0055,1503.3157,0.932605,0.360899,88888180,25297
1674,1965.4595,-0.1881,1437.0009,-0.962205,-0.272328,88888180,18587
1675,1982.8419,-0.0022,1391.9270,-0.967287,-0.253683,88888180,32149
1676,2024.1006,0.0100,1375.6643,0.550954,0.834536,88888180,30239
1677,2025.6599,-0.0022,1402.6962,-0.968430,-0.249284,88888180,16812
1678,1882.8900,0.0000,1436.3199,-0.177881,-0.984052,88888180,17716
1679,1823.5537,-0.1100,1460.5450,-0.946071,0.323958,88888170,23323
1680,1701.8654,0.0000,1451.0691,0.588595,0.808428,88888170,40336
1681,1564.7000,-0.1100,1478.4500,0.658237,-0.752810,88888070,29885
1682,1547.0284,-0.1100,1427.5645,0.759793,0.650164,88888070,17864
1683,1623.3523,0.0000,1394.8400,-0.982982,0.183703,88888070,15766
1684,1463.1567,0.0000,1545.8986,-0.374862,0.927081,88888070,21205
1685,1541.6584,-0.1100,1500.7094,0.557686,-0.830052,88888070,20131
1686,1472.4240,-0.1100,1614.7582,0.548144,-0.836384,88888070,27161
1687,1490.0973,-0.1100,1632.0316,-0.765613,-0.643301,88888170,32731
1688,1448.2410,0.0000,1697.6300,-0.581737,0.813377,88888170,28403
1689,1435.6381,-0.1100,1659.1709,0.567150,-0.823615,88888170,19131
1690,1468.0328,-0.1100,1611.8805,0.548144,-0.836384,88888070,27160
1691,1467.7472,-0.1100,1621.7988,-0.637914,-0.770108,88888070,21478
1692,1404.9379,0.0000,1638.0006,-0.795480,-0.605980,88888070,34182
1693,1300.9850,0.0000,1645.2052,0.656976,-0.753912,88888061,31185
1694,1298.9498,-0.1100,1653.7899,0.823669,-0.567072,88888061,18559
1695,1153.9247,0.0000,1648.7311,-0.748466,-0.663173,88888060,20963
1696,1237.0935,0.0000,1684.1211,0.716831,-0.697247,88888060,41470
1697,1251.5197,0.0000,1542.8728,0.757971,0.652288,88888062,32692
1698,1242.6991,0.0000,1494.1636,0.770391,0.637572,88888071,34254
1699,1299.7120,0.0000,1541.5778,0.759245,0.650805,88888071,32742
1700,1268.8718,-0.1100,1434.5242,0.757883,0.652390,88888071,36703
1701,1211.7959,-0.0018,1462.5320,0.131976,-0.991253,88888070,38616
1702,1205.1285,0.0000,1463.6194,-0.652406,0.757870,88888070,36586
1703,1167.3632,-0.0016,1348.5769,0.619883,-0.784694,88888070,39799
1704,1145.5125,0.0283,1341.6794,0.687648,-0.726044,88888070,42048
1705,1272.2969,-0.1100,1430.5452,0.757883,0.652390,88888071,36702
1706,1410.6143,0.0000,1480.4410,0.108148,-0.994135,88888071,24821
1707,1329.5121,0.0000,1567.1216,0.759362,0.650668,88888071,36626
1708,1392.0944,0.0000,1540.4578,0.617557,-0.786526,88888070,23064
1709,1215.2885,0.0407,1589.3038,0.654232,-0.756294,88888062,25709
1710,1130.5894,0.5000,1535.0739,0.978431,0.206576,88888062,39228
1711,1129.2874,0.5000,1542.8386,-0.560822,-0.827936,88888062,42942
1712,1161.1104,0.5058,1589.2297,0.638803,-0.769371,88888062,41905
1713,1173.0977,4.7100,1575.0446,-0.759799,-0.650158,88888062,33285
1714,1180.1674,0.0501,1624.4177,0.969830,-0.243784,88888062,22821
1715,1223.0153,0.0480,1652.8751,0.654231,-0.756295,88888061,28173
1716,1212.4498,5.2330,1612.5947,-0.214798,-0.976659,88888061,43586
1717,1147.5659,4.7100,1549.9141,-0.759845,-0.650104,88888062,39460
1718,1094.1361,0.5319,1509.8445,-0.333025,-0.942918,88888062,42127
1719,1082.3580,8.8857,1523.2366,-0.657604,0.753364,88888062,37957
1720,1069.0790,0.0365,1559.7561,0.656880,-0.753995,88888060,31364
1721,1108.6213,0.5000,1523.8724,-0.638422,0.769686,88888062,36355
1722,1119.5898,0.0495,1504.1395,0.656917,-0.753963,88888062,23930
1723,1400.1399,0.0000,1651.9468,0.795465,0.606000,88888061,29164
1724,1459.4567,0.0000,1705.7515,-0.581684,0.813415,88888170,43476
1725,1554.5249,0.0000,1745.1930,0.999394,0.034805,88888170,17205
1726,1512.5372,0.0000,1643.9073,0.814166,0.580632,88888170,35277
1727,1556.2101,0.0000,1570.2501,-0.581746,0.813371,88888070,38377
1728,1610.0323,0.0000,1582.3762,-0.652569,0.757730,88888170,22947
1729,1671.0878,0.0000,1544.1082,0.749046,0.662518,88888170,40105
1730,1763.4697,0.0000,1576.5778,-0.862562,0.505952,88888170,24761
1731,1873.2920,0.0000,1524.0922,-0.919866,0.392233,88888170,28023
1732,1850.1360,0.0013,1608.2725,0.974791,0.223120,88888170,38962
1733,1906.0804,-0.1100,1707.3043,-0.999854,-0.017106,88888170,30655
1734,1901.9420,0.7902,1597.7128,-0.986646,0.162882,88888170,43762
1735,1896.7214,0.0079,1622.5692,0.454586,0.890703,88888170,26911
1736,1886.9666,0.0079,1650.1169,0.312419,0.949944,88888170,42239
1737,1865.6415,0.0000,1487.0316,0.386641,0.922230,88888170,39074
1738,1781.6100,0.0000,1537.4901,-0.588752,-0.808313,88888170,16956
1739,1762.1572,0.0000,1556.5153,-0.877378,0.479800,88888170,16323
1740,1750.8522,0.0378,1554.7528,0.884961,-0.465666,88888170,38735
1741,1676.9192,0.0000,1522.6564,0.700810,0.713348,88888170,41378
1742,1730.2175,0.0000,1504.4535,0.313534,-0.949577,88888170,36773
1743,1631.7030,0.0000,1493.7911,-0.998014,0.062988,88888070,43267
1744,1563.3358,0.0000,1541.8927,0.775705,0.631096,88888070,42382
1745,1800.3258,0.0000,1556.1746,-0.635349,0.772225,88888170,25765
1746,1714.1348,0.0200,1661.4927,-0.941548,-0.336878,88888170,41855
1747,1608.9851,0.0000,1708.9237,-0.984176,-0.177194,88888170,24778
1748,1571.7131,0.0000,1630.7833,0.610613,-0.791930,88888170,35403
1749,1615.9174,0.0000,1605.4351,0.626999,-0.779020,88888170,35412
1750,1671.1400,0.0000,1634.5100,-0.780572,-0.625066,88888170,15709
1751,1663.9935,0.0000,1546.9314,0.767553,-0.640985,88888170,29134
1752,1662.7065,0.0000,1697.8220,0.820252,-0.572002,88888170,16768
1753,1575.0908,-0.1100,1460.5042,-0.026437,-0.999650,88888070,27116
1754,1655.6366,-0.1100,1402.6381,-0.790909,0.611933,88888070,34927
1755,1539.0481,0.0000,1429.6311,0.921678,0.387956,88888070,15930
1756,1841.0786,0.0000,1381.1138,0.168732,0.985662,88888070,18103
1757,1720.8984,9.9763,1370.3563,0.994365,0.106007,88888070,42256
1758,1719.4290,9.9978,1381.3199,0.128134,-0.991757,88888070,42222
1759,1683.6318,9.9756,1376.6260,0.994365,0.106010,88888070,40373
1760,1795.2902,0.0000,1367.2524,0.712388,-0.701785,88888070,37404
1761,1883.5116,0.0001,1443.0044,-0.092590,-0.995704,88888180,25899
1762,1548.0637,-2.3973,1852.8608,-0.653737,0.756721,88888150,20353
1763,1435.7377,0.0099,1998.4600,0.460845,0.887480,88888150,34759
1764,1405.7319,-13.3270,2154.1074,-0.014444,-0.999896,88888110,40512
1765,1428.2437,-0.0001,1981.5293,0.336997,0.941506,88888150,27598
1766,1502.4600,-0.0001,2028.5300,-0.999998,-0.002189,88888150,39485
1767,1446.7721,-2.4011,1875.2548,-0.565633,-0.824657,88888150,43194
1768,1534.6500,-2.4400,1964.6180,0.906008,-0.423260,88888150,18288
1769,1079.2098,-0.1100,1438.4301,0.623773,-0.781606,88888060,33380
1770,1070.9167,-0.1063,1201.8494,-0.916985,-0.398922,88888070,43163
1771,970.9183,-0.0011,1180.5657,-0.990467,-0.137747,88888070,41875
1772,917.2949,-0.0011,1212.8782,0.759394,0.650631,88888070,40012
1773,928.8198,-0.1061,1186.2701,-0.164506,0.986376,88888070,25063
1774,1188.6559,-0.0016,1221.5649,-0.982676,-0.185330,88888070,35617
1775,1491.4674,0.0132,1303.2732,-0.749777,-0.661691,88888071,17780
1776,2527.3254,-2.2494,1051.5278,-0.896905,0.442223,88888190,15690
1777,2458.3740,-4.0828,1048.7227,0.917839,-0.396952,88888190,17368
1778,2897.6582,0.0000,1003.5413,0.799657,-0.600456,88888192,16143
1779,3025.4287,-3.8804,844.3076,0.846775,-0.531951,88888190,28697
1780,3217.8879,0.0000,883.9583,0.536215,0.844081,88888240,31963
1781,3319.2827,0.0000,835.0878,0.999948,-0.010195,88888240,20680
1782,3388.9321,0.0000,815.4117,-0.576522,0.817081,88888240,39405
1783,3158.2361,0.0000,1003.0910,0.239639,0.970862,88888190,31195
1784,3290.2444,0.0777,920.4251,-0.528872,-0.848702,88888240,37803
1785,3302.1001,0.1200,863.4721,0.615335,-0.788266,88888240,34983
1786,3336.6152,0.0000,987.9859,0.842234,-0.539112,88888250,19782
1787,3355.8999,0.0000,1103.8000,0.479449,0.877570,88888250,30626
1788,3503.0552,9.9913,1108.2131,-0.963327,-0.268329,88888250,37752
1789,3438.3218,9.9746,1051.9071,-0.993968,0.109667,88888250,21447
1790,3656.4407,-0.0770,872.4547,-0.999345,0.036187,88888260,18096
1791,3694.6836,-0.0770,927.8748,-0.930724,-0.365722,88888260,19165
1792,3842.6133,-0.0770,937.0743,0.369301,0.929310,88888260,17018
1793,3760.6526,-0.0771,859.7728,0.745448,0.666563,88888260,17933
1794,3754.0190,-0.0771,876.8527,0.879712,0.475506,88888260,17352
1795,3759.9358,-0.0771,876.1718,-0.457605,-0.889156,88888260,17917
1796,3636.2976,-0.0770,776.7479,0.024338,-0.999704,88888260,16960
1797,3626.0447,-0.0770,785.4211,-0.137941,-0.990440,88888260,16696
1798,3636.0193,0.1093,837.1582,0.547531,-0.836785,88888260,17867
1799,3997.5498,-0.0770,915.3742,0.807782,-0.589481,88888260,17133
1800,3518.1040,0.0061,936.2292,0.903896,-0.427753,88888250,18605
1801,4280.0894,0.0100,1325.3398,0.481156,0.876635,88888261,33703
1802,3939.6323,0.0000,1846.9755,0.163191,-0.986595,88888221,32807
1803,3933.7942,0.0000,1968.1005,0.163075,-0.986614,88888221,15654
1804,4026.4146,0.0000,1981.7042,0.998791,0.049151,88888221,22902
1805,3800.2800,0.0000,1970.6348,0.998909,0.046708,88888221,17683
1806,3887.6448,-0.0021,2098.6816,0.829774,0.558099,88888221,24037
1807,3789.4751,0.0000,2160.1575,0.059013,-0.998257,88888220,43575
1808,3896.1118,-0.0001,2105.9502,0.997742,-0.067168,88888221,16727
1809,4001.9253,0.0062,2086.3062,-0.209745,0.977756,88888221,17253
1810,3938.4399,0.0000,2010.1500,0.998694,0.051098,88888221,16974
1811,3927.6863,0.0248,2011.0487,-0.193182,0.981163,88888221,18354
1812,3933.0251,0.0249,2011.4512,-0.193176,0.981164,88888221,18237
1813,4013.8247,0.0000,2076.7783,-0.269758,0.962928,88888221,32055
1814,3791.9607,0.0002,2078.4744,0.000677,1.000000,88888220,16488
1815,3939.9434,0.0000,1930.8965,0.163064,-0.986616,88888221,16029
1816,3961.5435,0.0038,1798.1591,0.992353,0.123435,88888221,21414
1817,4083.2622,0.0100,2041.3081,0.007175,-0.999974,88888220,38714
1818,3868.8801,0.0000,2196.6685,0.988661,0.150164,88888221,17884
1819,3861.9375,-0.1100,2293.0171,0.303003,0.952990,88888220,17640
1820,3850.6794,0.0000,2307.4497,-0.358647,0.933473,88888220,18158
1821,3904.7932,0.0000,2388.0020,0.955212,0.295924,88888220,21690
1822,3779.0911,-3.5600,2734.5027,0.748425,-0.663219,88888200,18074
1823,3125.5278,-0.0060,2722.0908,-0.619599,0.784918,88888200,17572
1824,2973.0293,0.0000,2695.0762,-0.999927,0.012082,88888100,42987
1825,2875.9211,-2.0059,2784.9114,-0.638169,-0.769897,88888100,33685
1826,2816.9016,-1.9042,2821.5039,0.997653,0.068469,88888100,33684
1827,2743.1455,-0.3854,2767.8206,-0.800163,-0.599783,88888100,35202
1828,2790.1003,-2.3233,2812.0835,-0.834886,0.550423,88888100,22749
1829,2716.0349,-1.4329,2764.3357,-0.823384,0.567484,88888100,35201
1830,2805.1516,-1.9761,2813.1384,0.971553,0.236821,88888100,33671
1831,2846.4155,-1.9827,2802.1956,0.896508,-0.443027,88888100,33672
1832,2720.6023,-3.7730,2803.4275,0.972730,0.231941,88888100,35199
1833,2714.4854,-3.7083,2800.7131,0.927457,0.373930,88888100,35198
1834,2830.7695,-1.7488,2816.6140,0.946538,-0.322592,88888100,33674
1835,2734.8054,-3.3641,2805.0024,0.989712,0.143076,88888100,35197
1836,2810.4751,-1.9678,2816.2839,0.991420,0.130716,88888100,33675
1837,2860.0061,-2.9376,2799.6921,0.983847,-0.179010,88888100,33676
1838,2748.9255,-2.9543,2806.5220,0.975144,0.221570,88888100,35195
1839,2867.5215,-1.0540,2782.4229,-0.962446,-0.271474,88888100,33678
1840,2757.6299,-2.6721,2807.2383,0.987991,0.154514,88888100,35193
1841,2837.8623,-1.8778,2813.7415,0.636799,-0.771030,88888100,33679
1842,2741.6702,-3.2377,2803.4897,0.984253,0.176764,88888100,35192
1843,2861.9912,-0.7273,2779.9028,-0.996378,-0.085034,88888100,33680
1844,2854.4578,-2.8370,2803.7798,0.982419,-0.186687,88888100,33682
1845,2714.5513,-3.4363,2795.4956,0.855978,0.517013,88888100,35189
1846,2733.2214,-3.3385,2800.2253,0.989685,0.143260,88888100,35188
1847,2791.9343,-2.5656,2816.9800,-0.558958,-0.829196,88888100,22496
1848,2662.6265,-0.0011,2737.7344,0.999959,-0.009109,88888100,33122
1849,2672.7314,6.4344,2714.8574,-0.998847,-0.048013,88888100,37091
1850,2725.9072,0.0786,2732.5220,0.165282,0.986246,88888100,24229
1851,2720.4143,-0.0728,2743.1035,0.765619,-0.643294,88888100,33120
1852,2680.8459,5.3844,2716.2061,-0.824666,-0.565619,88888100,37094
1853,2638.2239,-0.4987,2742.9119,0.818918,-0.573910,88888100,33118
1854,2610.2139,-2.7573,2771.0300,0.881755,-0.471708,88888100,36245
1855,2667.2893,6.4345,2712.4734,-0.984407,0.175907,88888100,37096
1856,2686.8037,4.5757,2718.5718,-0.812081,-0.583545,88888100,37097
1857,2645.7937,-0.1858,2737.1052,0.935318,-0.353808,88888100,33115
1858,2671.9343,0.0287,2734.8933,0.933138,0.359519,88888100,33114
1859,2687.7256,0.0320,2743.5950,0.829007,0.559238,88888100,33113
1860,2589.5632,9.6952,2729.9001,0.047500,0.998871,88888100,31734
1861,2503.7056,8.6141,2744.4551,-0.985898,0.167349,88888100,26391
1862,2478.8970,-2.7865,2742.7773,0.892972,0.450111,88888100,33494
1863,2597.2397,9.6345,2719.1990,-0.996265,0.086352,88888100,20156
1864,2709.7146,-2.7878,2782.7954,0.090241,0.995920,88888100,35187
1865,2769.5906,-2.2268,2779.4104,0.467643,-0.883917,88888100,21048
1866,2778.8286,-2.1330,2780.7571,-0.997974,0.063621,88888100,21035
1867,3399.0854,0.0000,2490.6643,-0.997170,0.075181,88888200,27485
1868,3675.8408,0.0000,2183.7153,-0.662819,-0.748779,88888210,25295
1869,3605.8467,0.0007,2000.2649,0.965319,-0.261072,88888231,41152
1870,3470.0728,-0.0117,2027.2936,-0.719878,0.694101,88888231,38346
1871,3122.4761,-0.0057,2445.6130,-0.132560,0.991175,88888142,22218
1872,2830.0640,0.0000,2696.8745,-0.695594,0.718435,88888100,16660
1873,2717.9836,0.0000,2700.0483,-0.998418,0.056235,88888100,28112
1874,2541.7686,0.0000,2709.0085,-0.999942,0.010747,88888100,31369
1875,2423.4438,-0.1100,2636.9175,0.253945,-0.967219,88888100,33653
1876,2704.7854,0.0012,2614.6606,0.273928,-0.961750,88888100,17853
1877,2499.3999,0.0000,2496.0000,0.999597,-0.028374,88888100,25077
1878,2599.1650,0.0000,2471.5088,-0.708163,-0.706049,88888140,29448
1879,2597.3154,0.0000,2557.3657,-0.734243,0.678887,88888100,38120
1880,2440.4199,0.0000,2497.7798,-0.822353,0.568978,88888132,28388
1881,1988.3333,0.0000,2595.5247,-0.304812,0.952413,88888100,23199
1882,1707.5546,-0.0286,2635.8413,-0.006639,0.999978,88888090,27504
1883,1803.8857,0.0000,2482.7507,-0.302925,-0.953014,88888120,21696
1884,1795.8749,-0.1100,2458.6587,-0.999992,0.003998,88888090,40202
1885,1851.9937,-4.7884,2421.2410,1.000000,0.000899,88888120,40254
1886,1999.3136,0.0200,2472.2810,-0.001465,0.999999,88888121,2083
1887,2017.4677,0.0200,2459.4939,0.772880,-0.634552,88888121,2049
1888,2125.8777,0.1900,2478.8196,0.956098,0.293046,88888121,1977
1889,2117.9084,0.0600,2450.1248,0.999281,0.037904,88888121,1121
1890,2118.7056,0.0402,2541.3088,0.553138,0.833090,88888121,3400
1891,2129.8354,4.0000,2524.3250,-0.713303,-0.700856,88888121,49
1892,2115.3606,8.0000,2459.5464,0.700735,0.713422,88888121,1040
1893,2122.2964,16.0000,2445.6274,0.472071,0.881561,88888121,1361
1894,2022.7118,8.0000,2477.8755,-0.999999,-0.001230,88888121,2222
1895,2011.9996,8.0000,2458.8940,0.794273,0.607560,88888121,2742
1896,2028.4017,12.0000,2455.8828,-0.519430,-0.854513,88888121,2325
1897,2124.1960,8.0000,2549.0117,0.999980,0.006348,88888121,3230
1898,2133.2085,16.0000,2549.0618,-0.465555,0.885019,88888121,3760
1899,2114.8809,16.0000,2474.3831,0.335033,0.942206,88888121,4407
1900,1955.9282,4.0000,2518.2290,0.969254,-0.246061,88888120,15003
1901,1933.9238,4.0000,2511.8748,0.995505,-0.094711,88888120,5412
1902,1963.0837,4.0000,2434.2771,0.900011,-0.435867,88888121,5816
1903,1972.4565,8.0000,2445.9353,-1.000000,-0.000977,88888121,5575
1904,1948.9768,8.0000,2401.7646,-0.007066,0.999975,88888121,6776
1905,1942.0187,12.0000,2406.4036,-0.999050,0.043584,88888121,6861
1906,2003.1685,4.0000,2446.3301,0.754159,0.656692,88888121,7551
1907,2115.0356,12.0000,2508.7874,-0.403948,-0.914782,88888121,7882
1908,2123.9248,12.1000,2128.3125,1.000000,0.000000,88888120,8866
1909,2023.1670,4.0000,2510.1548,0.936980,-0.349382,88888120,12887
1910,2024.5876,4.0000,2554.6335,0.630353,-0.776309,88888120,12944
1911,2001.8156,4.0000,2547.2798,0.696456,0.717599,88888120,12979
1912,2011.3225,4.0000,2510.4409,0.133219,0.991087,88888120,12881
1913,2016.7493,8.0000,2509.4888,0.848043,0.529927,88888120,13675
1914,2019.6908,8.0000,2540.1785,-0.006562,0.999978,88888120,13767
1915,2030.7300,8.0000,2514.1899,0.141761,0.989901,88888120,13698
1916,2016.6826,12.0000,2532.0710,-0.564157,0.825668,88888120,13956
1917,2031.5695,12.0000,2535.8616,0.051032,0.998697,88888120,13978
1918,1991.8022,12.0000,2537.2214,0.886485,0.462758,88888120,13905
1919,2003.6981,12.0000,2507.3354,0.840198,0.542279,88888120,13112
1920,2062.3918,12.0000,2528.2969,0.437663,-0.899139,88888120,14209
1921,2059.1824,16.0000,2523.9661,0.925041,0.379867,88888121,14250
1922,1967.5800,8.0000,2518.9006,0.954179,-0.299236,88888120,14701
1923,1949.5483,8.0000,2509.5012,0.910243,-0.414074,88888120,14696
1924,1957.0989,12.0000,2509.8064,0.247210,-0.968962,88888120,14798
1925,1947.1899,16.0000,2533.1541,-0.978047,0.208387,88888120,15368
1926,3964.1458,-0.0500,1200.8955,0.994232,-0.107248,88888260,18499
1927,3801.3647,-0.0770,1120.0854,-0.759197,0.650861,88888260,16626
1928,3794.1091,-0.0770,1087.4822,0.998489,-0.054960,88888260,18357
1929,3916.9612,-25.6801,1134.8890,0.233906,0.972259,88888260,17097
1930,3804.2412,-0.0770,1102.2690,0.931952,-0.362581,88888260,16834
1931,3889.9248,-25.6359,1082.4307,0.847055,0.531506,88888260,16832
1932,3811.1331,-0.0770,1097.9781,0.933642,-0.358207,88888260,16831
1933,3835.7649,-5.8484,1085.2948,0.939724,-0.341935,88888260,18362
1934,3842.9211,-8.9978,1082.5918,0.976437,-0.215804,88888260,18361
1935,3779.8018,-0.0770,1089.7024,0.992878,-0.119133,88888260,18358
1936,1828.6677,8.1505,1665.8687,-0.994060,-0.108833,88888170,40313
1937,1820.2609,8.1505,1637.4065,-0.425933,-0.904755,88888170,20954
1938,2026.5464,-9.9956,2360.3230,-0.800981,0.598689,88888121,21141
1939,1510.0981,0.0098,2165.7661,-0.999977,-0.006852,88888110,31968
1940,1598.7543,-0.1113,2642.5752,0.999999,-0.001731,88888090,30911
1941,1544.0311,-0.1108,2580.6912,-0.999992,-0.003883,88888090,41118
